champion,ability_type,ability_name,original_text,tags,summary
Aatrox,Passive,Deathbringer Stance,"Periodically, Aatrox's next basic attack deals bonus <magicDamage>magic damage</magicDamage> and heals him, based on the target's max health. ","['magic_damage', 'heal_reduction', 'self_heal', 'sustain_over_time', 'magic_scaling', 'level_scaling']","Aatrox's ability periodically enhances his next basic attack to deal magic damage and heal himself based on the target's maximum health, providing sustain over time with increasing effectiveness as he levels up."
Aatrox,Q,The Darkin Blade,"Aatrox slams his greatsword, dealing <physicalDamage>{{ qdamage }} physical damage</physicalDamage>. If they are hit on the edge, they are briefly <status>Knocked Up</status> and they take <physicalDamage>{{ qedgedamage }}</physicalDamage> instead. This Ability can be <recast>Recast</recast> twice, each one changing shape and dealing 25% more damage than the previous one.{{ spellmodifierdescriptionappend }}","['physical_damage', 'aoe', 'skillshot', 'knockup_or_knockback', 'recast', 'damage_amp']","Aatrox's Q ability deals physical damage in an area of effect and can be recast twice, with each recast increasing the damage by 25% and applying a knockup effect to targets hit on the edge."
Aatrox,W,Infernal Chains,"Aatrox fires a chain, <status>Slowing</status> the first enemy hit by {{ wslowpercentage*-100 }}% for {{ wslowduration }} seconds and dealing <physicalDamage>{{ wdamage }} physical damage</physicalDamage>. Champions and large jungle monsters have {{ wslowduration }} seconds to leave the impact area or be <status>Pulled</status> back to the center and damaged again for the same amount.{{ spellmodifierdescriptionappend }}","['skillshot', 'targeted', 'slow', 'damage_over_time', 'pull', 'reapply_damage']","Aatrox's ability slows the first enemy hit, pulls them back if they remain in the area, and deals physical damage over time."
Aatrox,E,Umbral Dash,<spellPassive>Passive:</spellPassive> Aatrox heals for <lifeSteal>{{ totalevamp }}</lifeSteal> of the damage he deals to Champions.<br /><br /><spellActive>Active:</spellActive> Aatrox dashes. He can use this Ability while winding up his other Abilities.{{ spellmodifierdescriptionappend }},"['passive_ability', 'self_heal', 'ally_heal', 'combo_starter', 'combo_finisher', 'instant_cast']","Aatrox's passive provides healing based on damage dealt to champions, while the active allows for dashing and can be used in conjunction with other abilities as a starter or finisher."
Aatrox,R,World Ender,"Aatrox reveals his true demonic form, <status>Fearing</status> nearby minions for {{ rminionfearduration }} seconds and gaining <speed>{{ rmovementspeedbonus*100 }}% Move Speed</speed> decaying over {{ rduration }} seconds. He also gains <scaleAD>{{ rtotaladamp*100 }}% Attack Damage</scaleAD> and increases <healing>self-healing by {{ rhealingamp*100 }}%</healing> for the duration.<br /><br />Champion takedowns extend the duration of this effect by {{ rextension }} seconds and refresh the <speed>Move Speed</speed> effect.{{ spellmodifierdescriptionappend }}","['enemy_targeted', 'ground_targeted', 'mobility_reposition', 'self_setup', 'ad_scaling', 'health_or_resists_scaling', 'level_scaling', 'ultimate_cooldown', 'engage_tool', 'combo_starter', 'combo_finisher']","Aatrox's ultimate transforms him, fearing nearby minions, increasing move speed and attack damage while enhancing self-healing. Takedowns extend the effect and refresh move speed."
Ahri,Passive,Essence Theft,"After killing 9 minions or monsters, Ahri heals.<br>After taking down an enemy champion, Ahri heals for a greater amount.","['passive_ability', 'self_heal', 'ally_heal', 'combo_finisher', 'ultimate_cooldown', 'level_scaling', 'missing_or_max_health_scaling']","Ahri's passive ability provides healing to herself and allies based on the number of minions/monsters killed and the number of enemy champions taken down, with increased effectiveness at higher levels and when more health is missing."
Ahri,Q,Orb of Deception,"Ahri throws then pulls back her orb, dealing <magicDamage>{{ totaldamage }} magic damage</magicDamage> on the way out and <trueDamage>{{ totaldamage }} true damage</trueDamage> on the way back.{{ spellmodifierdescriptionappend }}","['magic_damage', 'true_damage', 'aoe', 'skillshot', 'execute_damage', 'displacement_pull_or_push']","Ahri's ability deals magic and true damage in an area, pulling the target back and dealing additional damage."
Ahri,W,Fox-Fire,"Ahri releases 3 fox-fires that seek nearby enemies and deal <magicDamage>{{ singlefiredamage }} magic damage</magicDamage>, reduced to <magicDamage>{{ multifiredamage }} damage</magicDamage> beyond the first. She also gains <speed>{{ movementspeed*100 }}% Move Speed</speed> decaying over {{ movementspeedduration }} seconds.{{ spellmodifierdescriptionappend }}","['magic_damage', 'aoe', 'skillshot', 'movement_speed_buff', 'no_cost', 'medium_cooldown', 'poke_tool', 'waveclear_tool']","Ahri's ability launches three fox-fires that target nearby enemies, dealing magic damage with reduced damage beyond the first target. It provides a temporary movement speed buff to the caster."
Ahri,E,Charm,Ahri blows a kiss that <status>Charms</status> the first enemy hit for {{ charmduration }} seconds and deals <magicDamage>{{ totaldamage }} magic damage</magicDamage>.{{ spellmodifierdescriptionappend }},"['soft_cc', 'magic_damage', 'skillshot', 'enemy_targeted', 'charm', 'ultimate_cooldown', 'combo_finisher']","Ahri's ultimate ability charms the first enemy hit, dealing magic damage and reducing their mobility."
Ahri,R,Spirit Rush,"Ahri nimbly dashes, firing {{ rmaxtargetspercast }} essence bolts at nearby enemies, prioritizing champions. These bolts deal <magicDamage>{{ rcalculateddamage }} magic damage</magicDamage> each. <spellName>Spirit Rush</spellName> can be <recast>Recast</recast> up to 2 more times within {{ rrecastwindow }} seconds.<br /><br />Consuming a champion's Essence with <spellName>Essence Theft</spellName> during this period extends the recast window by up to {{ pdurationextension }} seconds and grants an additional recast of <spellName>Spirit Rush</spellName> (up to {{ rmaxcasts }} stored).{{ spellmodifierdescriptionappend }}","['magic_damage', 'aoe', 'skillshot', 'targeted', 'ultimate_cooldown', 'engage_tool', 'combo_starter', 'combo_finisher']","Ahri's ultimate ability allows her to dash and fire magic damage essence bolts at nearby enemies, prioritizing champions. It can be recast multiple times within a limited time frame, and consuming an enemy's essence extends the recast window and grants an additional recast."
Akali,Passive,Assassin's Mark,Dealing spell damage to a champion creates a ring of energy around them. Exiting that ring empowers Akali's next Attack with bonus range and damage.,"['magic_damage', 'aoe', 'targeted', 'damage_over_time', 'self_setup', 'combo_finisher', 'medium_range', 'ap_scaling', 'ultimate_cooldown', 'engage_tool', 'poke_tool', 'waveclear_tool']","Akali's ability deals magic damage to a target and creates an aoe ring around them, empowering her next attack with increased range and damage upon exiting the ring."
Akali,Q,Five Point Strike,"Akali slings kunai in an arc, dealing <magicDamage>{{ damage }} magic damage</magicDamage> and <status>Slowing</status> enemies at the tip by {{ slowpercentage*100 }}% for {{ slowduration }} seconds.{{ spellmodifierdescriptionappend }}","['magic_damage', 'slow', 'targeted', 'skillshot', 'enemy_targeted']",Akali's ability deals magic damage and applies a slow to enemies hit in an arc.
Akali,W,Twilight Shroud,"Akali drops a smoke bomb, unleashing a spreading cover of smoke lasting {{ baseduration }} seconds and granting herself <speed>{{ movementspeed }}% Move Speed</speed> decaying over {{ movementspeedduration }} seconds.<br /><br />Akali increases her max Energy by {{ energyrestore }} while the shroud is active. <br /><br />While inside the smoke, Akali is <keywordStealth>Invisible</keywordStealth>.{{ spellmodifierdescriptionappend }}","['stealth', 'invisibility', 'movement_speed_buff', 'self_cast', 'duration', 'vision_reveal', 'zone']","Akali's ability creates a smoke screen that provides movement speed and stealth, while also revealing hidden enemies within the area."
Akali,E,Shuriken Flip,"Akali flips backwards as she throws a shuriken, dealing <magicDamage>{{ e1damage }} magic damage</magicDamage> and marking the first enemy or smoke cloud hit. Akali can <recast>Recast</recast> this once to dash to the marked target, dealing <magicDamage>{{ e2damagecalc }} magic damage</magicDamage>.{{ spellmodifierdescriptionappend }}","['magic_damage', 'aoe', 'skillshot', 'targeted', 'self_cast', 'ultimate_cooldown', 'engage_tool', 'combo_starter', 'combo_finisher']","Akali's ultimate ability throws a shuriken that deals magic damage and marks an enemy or smoke cloud. Recasting the ability allows her to dash to the marked target, dealing additional magic damage."
Akali,R,Perfect Execution,"Akali vaults over an enemy champion, dealing <magicDamage>{{ cast1damage }} magic damage</magicDamage> to all enemies in her path. <br /><br />Akali can <recast>Recast</recast> after {{ cooldownbetweencasts }} seconds to execute a piercing thrust, dashing and dealing <magicDamage>{{ cast2damagemin }}</magicDamage> to <magicDamage>{{ cast2damagemax }} magic damage</magicDamage> based on missing Health.{{ spellmodifierdescriptionappend }}","['aoe', 'magic_damage', 'skillshot', 'enemy_targeted', 'channeled', 'persistent_area_or_trap', 'combo_finisher', 'ultimate_cooldown']","Akali's ultimate ability creates an area of effect with initial magic damage, which can be recast to deal additional damage based on missing health."
Akshan,Passive,Dirty Fighting,"Every three hits from Akshan's Attacks and Abilities deals bonus damage and grants him a Shield if the target was a champion.<br><br>When Akshan Attacks, he fires an additional Attack for reduced damage. If he cancels the additional Attack, he instead gains Move Speed.","['passive_ability', 'shield', 'self_heal', 'move_speed_buff', 'instant_cast']","Passive ability that provides a shield and self-heal on every third hit, and grants movement speed when the additional attack is canceled."
Akshan,Q,Avengerang,"Akshan throws a boomerang that deals <physicalDamage>{{ finaldamage }} physical damage</physicalDamage>, extending the range each time an enemy is hit.<br /><br />Champion hits grant Akshan <speed>{{ totalhaste }} Move Speed</speed> decaying over {{ hasteduration }} second.{{ spellmodifierdescriptionappend }}","['physical_damage', 'aoe', 'skillshot', 'self_cast', 'mobility_reposition', 'ad_scaling', 'movespeed_buff', 'level_scaling']",Akshan's ability throws a boomerang that deals physical damage to enemies and provides movement speed buff to himself based on hits.
Akshan,W,Going Rogue,{{ Spell_AkshanW_Tooltip_{{ gamemodeinteger }} }}{{ spellmodifierdescriptionappend }},"['passive_ability', 'no_damage', 'no_cost', 'level_scaling']",Passive ability that provides level-based benefits without any direct damage or cost.
Akshan,E,Heroic Swing,"<spellActive>First Cast:</spellActive> Akshan fires a grappling hook, attaching to the first terrain hit.<br /><br /><spellActive>Second Cast:</spellActive> Akshan swings around the terrain, repeatedly firing at the nearest enemy for <physicalDamage>{{ damagetodeal }} physical damage</physicalDamage> per shot.<br /><br /><spellActive>Third Cast:</spellActive> Akshan dives off the rope, firing a final shot.<br /><br />Colliding with an enemy Champion or terrain ends the swing early.<br /><br />Champion takedowns refresh this Ability's Cooldown.{{ spellmodifierdescriptionappend }}","['skillshot', 'targeted', 'aoe', 'burst_tool', 'engage_tool', 'combo_finisher', 'ultimate_cooldown', 'channeled']","Akshan's ultimate ability allows him to grapple onto terrain, swing and attack enemies, and dive off the rope, dealing physical damage in a burst and engaging enemies."
Akshan,R,Comeuppance,"Akshan locks onto a champion and begins overcharging his gun for up to {{ channelduration }} seconds, storing up to {{ numberofbullets }} bullets.<br /><br /><recast>Recast:</recast> Akshan unleashes the stored bullets, each dealing at least <physicalDamage>{{ damageperbulletwithcrit }} physical damage</physicalDamage> to the first enemy or structure hit, increased up to <physicalDamage>{{ maxdamageperbullet }} physical damage</physicalDamage> based on missing Health.{{ spellmodifierdescriptionappend }}","['aoe', 'skillshot', 'targeted', 'damage_over_time', 'percent_health_damage', 'ultimate_cooldown', 'engage_tool', 'burst_tool', 'combo_finisher']","Akshan's ultimate ability overcharges his gun to deal increasing physical damage over time to the first enemy hit, scaling with missing health."
Alistar,Passive,Triumphant Roar,Alistar charges his roar by stunning or displacing enemy champions or when nearby enemies die. When fully charged he heals himself all nearby allied champions.,"['stun', 'displacement_pull_or_push', 'self_heal', 'ally_heal', 'ultimate_cooldown', 'combo_starter', 'combo_finisher', 'self_setup', 'followup_only', 'channeled', 'chargeable', 'persistent_area_or_trap']","Alistar channels to stun or displace enemies, then heals himself and nearby allies upon completion."
Alistar,Q,Pulverize,"Alistar smashes the ground, <status>Knocking Up</status> enemies for {{ knockupduration }} second and dealing <magicDamage>{{ totaldamage }} magic damage</magicDamage>.{{ spellmodifierdescriptionappend }}","['skillshot', 'aoe', 'knockup_or_knockback', 'magic_damage', 'enemy_targeted', 'channeled', 'medium_cooldown']","Alistar smashes the ground, knocking up enemies in an area for a duration and dealing magic damage."
Alistar,W,Headbutt,"Alistar rams into an enemy, <status>Knocking</status> them <status>Back</status> and dealing <magicDamage>{{ totaldamage }} magic damage</magicDamage>.{{ spellmodifierdescriptionappend }}","['magic_damage', 'knockup_or_knockback', 'targeted', 'engage_tool', 'burst_tool']","Alistar charges at an enemy, knocking them back and dealing magic damage."
Alistar,E,Trample,"Alistar begins trampling the ground, becoming Ghosted and dealing <magicDamage>{{ totaldamage }} magic damage</magicDamage> over {{ e3 }} seconds to nearby enemies. Each pulse that damages a champion grants a stack.<br /><br />At {{ e5 }} stacks, Alistar's next Attack against champions <status>Stuns</status> for {{ e6 }} second and deals an additional <magicDamage>{{ attackbonusdamage }} magic damage</magicDamage>.{{ spellmodifierdescriptionappend }}","['aoe', 'magic_damage', 'damage_over_time', 'stacking_effect', 'ultimate_cooldown', 'combo_finisher', 'hard_cc', 'stun']","Alistar's ultimate ability deals magic damage over time to nearby enemies, with each damaging hit stacking up to 5. At 5 stacks, the next attack stuns the target for 1.5 seconds and deals additional magic damage."
Alistar,R,Unbreakable Will,Alistar immediately cleanses all <status>Disabling</status> effects and takes {{ rdamagereduction }}% reduced damage for {{ rduration }} seconds.{{ spellmodifierdescriptionappend }},"['cc_immunity_or_tenacity', 'damage_reduction_buff', 'self_cast']",Alistar's ability reduces incoming disabling effects and provides a damage reduction buff to himself.
Ambessa,Passive,Drakehound's Step,"Entering an attack or movement command while casting an ability will cause Ambessa to dash a short distance once the ability is cast, granting her next attack bonus range, damage, and attack speed, and refunding energy.","['self_cast', 'mobility_reposition', 'ad_scaling', 'attack_speed_debuff', 'energy_cost', 'instant_cast']","Ambessa's ability allows her to dash forward after casting it, increasing her next attack's range, damage, and attack speed, and refunds energy."
Ambessa,Q,Cunning Sweep / Sundering Slam,"<spellActive>Cunning Sweep</spellActive>: Ambessa sweeps her blades forward, dealing <physicalDamage>{{ calc_damage_1_max }} + {{ calc_damage_1_percent_max }} max Health physical damage</physicalDamage> to enemies at the edge of the strike. All other enemies take {{ calc_damage_1_min_ratio }} damage. Striking an enemy readies a <spellActive>Sundering Slam</spellActive>.<br /><br /><spellActive>Sundering Slam</spellActive>: Ambessa slams her blades down, dealing <physicalDamage>{{ calc_damage_2_max }} + {{ calc_damage_2_percent_max }} max Health physical damage</physicalDamage> against the first enemy hit. All other enemies take {{ calc_damage_2_min_ratio }} damage.{{ spellmodifierdescriptionappend }}","['physical_damage', 'max_health_damage', 'aoe', 'enemy_targeted', 'combo_starter', 'combo_finisher', 'damage_reduction_buff', 'percent_health_damage']","Ambessa's ability deals physical damage to enemies at the edge of the strike and the first enemy hit by Sundering Slam, with additional damage to nearby enemies. The second ability also provides a damage reduction buff."
Ambessa,W,Repudiation,"Ambessa gains <shield>{{ calc_shield }} Shield</shield> for {{ shield_duration }} seconds and braces herself for {{ buff_duration }} seconds. She then slams the ground, dealing <physicalDamage>{{ calc_damage_low }} physical damage</physicalDamage> to nearby enemies, which increases to <physicalDamage>{{ calc_damage_high }} physical damage</physicalDamage> if she braced herself from damage from an enemy champion, large monster, or structure.{{ spellmodifierdescriptionappend }}","['shield', 'self_cast', 'aoe', 'physical_damage', 'damage_reduction_buff', 'level_scaling', 'ultimate_cooldown', 'engage_tool', 'combo_finisher']","Ambessa shields herself and bracing for damage, then deals increasing physical damage to nearby enemies."
Ambessa,E,Lacerate,"Ambessa whips her chains around, dealing <physicalDamage>{{ calc_damage_flat }} physical damage</physicalDamage> and <status>Slowing</status> enemies by <status>{{ slow_amount*100 }}%</status>, which decays over {{ slow_duration }} second. Initiating <spellName>Drakehound's Step</spellName> from this Ability will trigger an additional strike.{{ spellmodifierdescriptionappend }}","['physical_damage', 'slow', 'aoe', 'skillshot', 'enemy_targeted', 'combo_finisher', 'low_cooldown']","Ambessa's ability deals physical damage and applies a slowing effect to enemies in an area, with an additional strike if Drakehound's Step is initiated."
Ambessa,R,Public Execution,"<spellPassive>Passive</spellPassive>: Ambessa gains <armorPen>{{ armor_penetration*100 }}% %i:scaleAPen% Armor Penetration</armorPen> and her Abilities <healing>heal her for {{ calc_omnivamp }} of the damage she dealt</healing>.<br /><br /><spellActive>Active</spellActive>: Ambessa becomes <attention>Unstoppable</attention> and blinks to the farthest enemy champion in a line, <status>Suppressing</status> the target for {{ suppress_duration }} seconds and then slamming them into the ground, dealing <physicalDamage>{{ calc_damage }} physical damage</physicalDamage> and <status>Stunning</status> them for {{ stun_duration }} seconds.{{ spellmodifierdescriptionappend }}","['unstoppable_movement', 'ultimate_cooldown', 'enemy_targeted', 'physical_damage', 'suppress_damage', 'stun']","Ambessa's ultimate ability makes her unstoppable and blinks to the farthest enemy champion, suppressing and stunning them."
Amumu,Passive,Cursed Touch,"Amumu's basic attacks <font color='#9b0f5f'>Curse</font> his enemies, causing them to take bonus true damage from incoming magic damage.","['true_damage', 'magic_damage', 'bonus_damage', 'no_damage', 'curse', 'enemy_targeted', 'ad_scaling', 'ultimate_cooldown', 'combo_finisher']",Amumu's basic attacks apply a curse that increases the true damage taken from incoming magic damage.
Amumu,Q,Bandage Toss,"Amumu launches a bandage, pulling himself to the first enemy hit, <status>Stunning</status> them for {{ e2 }} second, and dealing <magicDamage>{{ totaldamage }} magic damage</magicDamage>.<br /><br />This Ability has 2 charges.{{ spellmodifierdescriptionappend }}","['enemy_targeted', 'skillshot', 'stun', 'magic_damage', 'self_cast', 'low_cooldown', 'combo_finisher']","Amumu's ability launches a bandage at an enemy, stunning and damaging them while pulling Amumu to them. The ability can be used twice and is a combo finisher with low cooldown."
Amumu,W,Despair,"<toggle>Toggle:</toggle> Amumu begins crying, dealing <magicDamage>{{ basedamage }} plus {{ totalhealthdamage }}% max Health magic damage</magicDamage> to nearby enemies every second and refreshing <keywordMajor>Curse</keywordMajor>.{{ spellmodifierdescriptionappend }}","['magic_damage', 'damage_over_time', 'sustain_over_time', 'self_cast', 'aoe', 'percent_health_damage', 'medium_range', 'ultimate_cooldown', 'combo_starter', 'combo_finisher']","Amumu's toggle ability deals magic damage over time to nearby enemies, refreshing a debuff that increases damage over max health. It can be used as both a starter and finisher in combos."
Amumu,E,Tantrum,"<spellPassive>Passive:</spellPassive> Amumu takes {{ damagereduction }} reduced physical damage. Additionally, when Amumu is hit by an Attack, this Ability's Cooldown is reduced by {{ e3 }} seconds.<br /><br /><spellActive>Active:</spellActive> Amumu throws a tantrum, dealing <magicDamage>{{ tantrumdamage }} magic damage</magicDamage> to nearby enemies.{{ spellmodifierdescriptionappend }}","['passive_ability', 'magic_damage', 'aoe', 'reduce_cooldown_on_hit', 'level_scaling']",Amumu's passive reduces physical damage taken and reduces the cooldown of his active ability based on hits taken. His active ability deals magic damage to nearby enemies.
Amumu,R,Curse of the Sad Mummy,"Amumu flares out his bandages, <status>Stunning</status> for {{ rduration }} seconds, dealing <magicDamage>{{ rcalculateddamage }} magic damage</magicDamage> and applying <keywordMajor>Curse</keywordMajor>.{{ spellmodifierdescriptionappend }}","['stun', 'magic_damage', 'single_target', 'hard_cc', 'curse_effect']","Amumu's ultimate ability stuns a target for a duration, dealing magic damage and applying a curse effect."
Anivia,Passive,Rebirth,"Upon taking fatal damage, Anivia reverts to an egg and is reborn with full health.","['self_heal', 'invulnerability_or_stasis', 'ultimate_cooldown', 'combo_finisher', 'self_setup']","Anivia's ultimate ability allows her to survive fatal damage by reverting to an egg and regenerating full health, serving as both a self-heal and an invulnerability state."
Anivia,Q,Flash Frost,"Anivia fires a massive chunk of ice, dealing <magicDamage>{{ totalpassthroughdamage }} magic damage</magicDamage> and <keywordMajor>Chilling</keywordMajor> enemies for {{ slowduration }} seconds, <status>Slowing</status> them by {{ spell.glacialstorm:slowamount }}%. At the end of its range, the ice detonates, <status>Stunning</status> enemies for {{ stunduration }} seconds and dealing <magicDamage>{{ totalexplosiondamage }} magic damage</magicDamage>.<br /><br />Anivia can <recast>Recast</recast> this ability while the ice flies to detonate it early.{{ spellmodifierdescriptionappend }}","['magic_damage', 'aoe', 'skillshot', 'slow', 'stun', 'ultimate_cooldown', 'engage_tool', 'combo_finisher']","Anivia's ultimate ability launches a large ice projectile that slows and damages enemies, then stuns them upon impact. The ability can be recast to detonate the ice prematurely."
Anivia,W,Crystallize,Anivia summons a wall of ice {{ e2 }} units wide. The wall lasts for {{ e1 }} seconds before it melts.{{ spellmodifierdescriptionappend }},"['trap', 'ground_targeted', 'duration', 'no_damage', 'ultimate_cooldown', 'zoning_tool']","Anivia summons a wall of ice that lasts for a set duration and zones enemies, but does not deal damage."
Anivia,E,Frostbite,"Anivia blasts an enemy with a freezing wind, dealing <magicDamage>{{ totaldamage }} magic damage</magicDamage>. Against <keywordMajor>Chilled</keywordMajor> enemies, Anivia deals <magicDamage>{{ empowereddamage }} magic damage</magicDamage> instead.{{ spellmodifierdescriptionappend }}","['magic_damage', 'enemy_targeted', 'aoe', 'level_scaling', 'ap_scaling']",Anivia's basic attack against chilled enemies deals increased magic damage.
Anivia,R,Glacial Storm,"<toggle>Toggle:</toggle> Anivia calls forth a driving rain of ice and hail that <status>Slows</status> enemies by {{ slowamount }}% and deals <magicDamage>{{ totaldamagepersecond }} magic damage per second</magicDamage>. The storm increases in size over {{ growthtime }} seconds.<br /><br />When the storm is fully formed, it <keywordMajor>Chills</keywordMajor>, <status>Slows</status> by {{ slowpercentempoweredtt }}%, and does <magicDamage>{{ empowereddamagepersecondtooltiponly }} magic damage per second</magicDamage> instead.{{ spellmodifierdescriptionappend }}","['aoe', 'skillshot', 'slow', 'magic_damage', 'damage_over_time', 'toggled', 'empowered']","Anivia's ability creates an area of effect skillshot that slows and deals magic damage over time, with increased effectiveness when fully empowered."
Annie,Passive,Pyromania,"After casting 4 spells, Annie's next offensive spell will stun the target.<br><br>Annie begins the game and respawns with Pyromania available.","['passive_ability', 'combo_finisher', 'hard_cc', 'stun']","Annie's Pyromania passive triggers after 4 spells, providing a stun on her next offensive spell."
Annie,Q,Disintegrate,"Annie hurls a fireball, dealing <magicDamage>{{ totaldamage }} magic damage</magicDamage>. If the target dies, Annie refunds the Mana cost and reduces the Cooldown by 50%.{{ spellmodifierdescriptionappend }}","['magic_damage', 'refund_on_kill', 'cooldown_reduction_on_kill', 'targeted', 'skillshot', 'ultimate_cooldown', 'burst_tool']",Annie's fireball deals magic damage to a target and refunds mana and reduces cooldown if the target dies.
Annie,W,Incinerate,"Annie projects a wave of fire, dealing <magicDamage>{{ totaldamage }} magic damage</magicDamage>.{{ spellmodifierdescriptionappend }}","['magic_damage', 'aoe', 'skillshot', 'enemy_targeted', 'medium_range', 'ap_scaling', 'damage_over_time']","Annie's Fireball deals area-of-effect magic damage to enemies in its path, scaling with her ability power and causing ongoing damage over time."
Annie,E,Molten Shield,"Annie grants an ally champion <shield>{{ shieldblocktotal }} Shield</shield> for {{ shieldduration }} seconds and <speed>{{ movespeedcalc }} Decaying Move Speed</speed> for {{ movementspeedduration }} seconds. While the shield holds, enemies who hit the shielded ally with an Attack or Ability receive <magicDamage>{{ damagereturn }} magic damage</magicDamage> once per shield.<br /><br />Tibbers always gains the effects of <spellName>Molten Shield</spellName> when summoned.{{ spellmodifierdescriptionappend }}","['shield', 'self_cast', 'ally_targeted', 'speed_buff', 'magic_damage', 'duration', 'no_cost', 'medium_cooldown', 'ultimate_cooldown', 'team_utility', 'combo_finisher']","Annie's ultimate ability provides a shield and speed buff to an ally, dealing magic damage to attackers and enhancing team utility."
Annie,R,Summon: Tibbers,"<spellPassive>Passive:</spellPassive> Annie gains {{ rpercentpenbuff*100 }}% Magic Penetration.<br /><br />Annie summons her bear Tibbers, dealing <magicDamage>{{ initialburstdamage }} magic damage</magicDamage>. For the next {{ tibberslifetime }} seconds, Tibbers burns nearby enemies for <magicDamage>{{ tibbersauradamage }} magic damage per second</magicDamage>.<br /><br />Tibbers becomes enraged when summoned, if Annie stuns an enemy champion, and if Annie dies. When enraged, Tibbers gains <attackSpeed>275% Attack Speed</attackSpeed> and <speed>100% Move Speed</speed> decaying over 3 seconds.<br /><br /><recast>Recast:</recast> Manually issue orders to Tibbers.{{ spellmodifierdescriptionappend }}","['passive_ability', 'magic_damage', 'aoe', 'skillshot', 'sustained_damage', 'attack_speed_debuff', 'movespeed_buff', 'combo_starter', 'combo_finisher', 'self_setup']","Annie's passive provides magic penetration, while summoning Tibbers that deals initial magic damage and continuously burns nearby enemies. Tibbers' speed and attack speed increase when Annie stuns an enemy or dies, making it a versatile tool for initiating and sustaining pressure."
Aphelios,Passive,The Hitman and the Seer,"Aphelios wields 5 Lunari Weapons made by his sister Alune. He has access to two at a time: one main-hand and one off-hand. Each weapon has a unique Basic Attack and Ability. Attacks and abilities consume a weapon's ammo. When out of ammo, Aphelios discards the weapon and Alune summons the next of the 5. ","['passive_ability', 'pet_or_summon', 'ammo_or_charges', 'cannot_hit_structures', 'level_scaling']","Passive ability that allows Aphelios to cycle through 5 Lunari Weapons with unique attacks and abilities, consuming ammo per use and summoning the next weapon when out of ammo."
Aphelios,Q,Weapon Abilites,{{ spellmodifierdescriptionappend }},"['no_damage', 'passive_ability', 'level_scaling', 'ad_scaling', 'auto_attack']",This passive ability provides an attack speed buff and physical damage bonus that scales with the champion's level and attack damage.
Aphelios,W,Phase,"Swap main-hand and off-hand weapons, equipping <b><i><span class=""colora64dff"">Gravitum</span></i></b>.{{ spellmodifierdescriptionappend }}","['self_cast', 'toggle_ability', 'weapon_swap', 'no_damage']","Swaps the champion's main-hand and off-hand weapons, but does not deal any damage."
Aphelios,E,Weapon Queue System,{{ spellmodifierdescriptionappend }},"['no_damage', 'passive_ability', 'level_scaling', 'ad_scaling', 'auto_attack']",This passive ability provides an attack speed buff and physical damage bonus that scales with the champion's level and attack damage.
Aphelios,R,Moonlight Vigil,"Aphelios fires a concentrated blast of moonlight that explodes when it hits a champion, dealing <physicalDamage>{{ maxdamage }} physical damage</physicalDamage> to surrounding enemies.<br /><br />Then, Aphelios attacks all champions hit with his main-hand weapon. {{ Spell_ApheliosR_WeaponMod_{{ f1 }} }}{{ spellmodifierdescriptionappend }}","['aoe', 'physical_damage', 'skillshot', 'enemy_targeted', 'burst_tool', 'waveclear_tool']","Aphelios' ability deals physical damage to a target and surrounding enemies, acting as both a burst and waveclear tool."
Ashe,Passive,Frost Shot,"Ashe's attacks slow their target, causing her to deal increased damage to these targets.<br><br>Ashe's critical strikes deal no bonus damage but apply an empowered slow to the target.","['slow', 'damage_increase_on_target', 'critical_strike_no_bonus_damage', 'empowered_slow']",Increases damage on slowed targets and applies an empowered slow on critical strikes.
Ashe,Q,Ranger's Focus,"<spellPassive>Passive: </spellPassive>Ashe's Attacks grant a stack for {{ e1 }} seconds. At {{ e2 }} stacks, she may activate this Ability.<br /><br /><spellPassive>Active:</spellPassive> Ashe gains <attackSpeed>{{ e4 }}% Attack Speed</attackSpeed> and her Attacks deal <physicalDamage>{{ empowereddamage }} damage</physicalDamage> instead for {{ e3 }} seconds.{{ spellmodifierdescriptionappend }}","['passive_ability', 'active_ability', 'attack_speed_buff', 'physical_damage', 'duration', 'stacking_effect', 'instant_cast']","Passive ability that builds up stacks over time, which can be activated to grant attack speed buff and empowered attacks for a duration."
Ashe,W,Volley,"Ashe fires a volley of {{ numberofarrowstooltip }} arrows, each dealing <physicalDamage>{{ totaldamage }} physical damage</physicalDamage>. Enemies can be hit by multiple arrows, but only take damage from the first.{{ spellmodifierdescriptionappend }}","['physical_damage', 'aoe', 'enemy_targeted', 'instant_cast']","Ashe's ability deals physical damage to enemies in an area, with each enemy taking damage from only the first arrow."
Ashe,E,Hawkshot,Ashe sends forth a hawk to grant vision for 5 seconds anywhere on the map. It also reveals the area around it as it flies.<br /><br />This Ability has 2 charges ({{ chargecooldown }} second recharge).{{ spellmodifierdescriptionappend }},"['grants_vision', 'reveals_stealth', 'ground_targeted', 'toggle_ability', 'passive_ability', 'no_damage', 'medium_cooldown']","Grants vision and reveals stealth in an area when a hawk is sent out, with 2 charges that recharge over time."
Ashe,R,Enchanted Crystal Arrow,"Ashe launches a crystal arrow of ice that <status>Stuns</status> the first champion hit and deals <magicDamage>{{ rmaindamage }} magic damage</magicDamage>. The <status>Stun</status> duration increases with distance travelled, up to {{ maxstunduration }} seconds. Surrounding enemies are <status>Slowed</status> by <spellName>Frost Shot</spellName>.{{ spellmodifierdescriptionappend }}","['stun', 'magic_damage', 'slow', 'skillshot', 'targeted']",Launches an ice arrow that stuns the first champion hit and slows surrounding enemies.
AurelionSol,Passive,Cosmic Creator,"Aurelion Sol's damaging Abilities break down enemies into stacks of <font color='#3458eb'>Stardust</font>, which permanently improves each of his abilities. ","['passive_ability', 'ultimate_cooldown', 'combo_starter', 'combo_finisher', 'self_setup', 'anti_squishy', 'backline_access']","Aurelion Sol's passive ability permanently improves his abilities as he breaks down enemies into Stardust, making it a versatile tool for both starting and finishing combos, especially useful for backline squishies."
AurelionSol,Q,Breath of Light,"Aurelion Sol breathes starfire for up to {{ maxchannelduration }} seconds, dealing <magicDamage>{{ damagepersecond }} magic damage</magicDamage> per second to the first enemy hit and {{ aoemodifier*100 }}% of the damage to surrounding enemies.<br /><br />Each full second of breath on the same enemy deals a burst of <magicDamage>{{ burstdamage }} magic damage</magicDamage> plus <magicDamage>{{ burstbonustruedamagetochamps }} max Health magic damage</magicDamage> and absorbs <span class=""color3458eb"">{{ qmassstolen }} Stardust</span> if they are a champion.{{ spellmodifierdescriptionappend }}","['magic_damage', 'sustained_damage', 'aoe', 'burst_damage', 'true_damage', 'mana_cost', 'ultimate_cooldown', 'combo_starter', 'combo_finisher']","Aurelion Sol's ultimate ability deals sustained magic damage over time to the first enemy hit and additional damage to surrounding enemies, with a burst of true damage upon channel completion. The ability also steals stardust from champions hit."
AurelionSol,W,Astral Flight,"Aurelion Sol flies in a direction. While flying, <spellName>Breath of Light</spellName> has no Cooldown, no max channel duration, and its flat damage is increased by {{ truedamagebonus*100 }}%.<br /><br />Takedowns on champions within {{ resetwindow }} seconds of damaging them refunds {{ tooltiptakedowncooldownmultiplier }}% of this Ability's Cooldown.<br /><br /><recast>Recast:</recast> End flight early.{{ spellmodifierdescriptionappend }}","['skillshot', 'self_cast', 'ultimate_cooldown', 'no_cost', 'instant_cast', 'true_damage', 'damage_amp', 'combo_finisher', 'engage_tool', 'waveclear_tool', 'objective_control_tool']","Aurelion Sol's ultimate ability allows him to fly and deal increased true damage with Breath of Light, which has no cooldown and can be recast to end the flight early. It serves as an engage, waveclear, and objective control tool."
AurelionSol,E,Singularity,"Aurelion Sol summons a black hole, dealing <magicDamage>{{ damagepersecond }} magic damage</magicDamage> per second and <status>Dragging</status> enemies towards the center for {{ duration }} seconds. Enemies in the center below <scaleHealth>{{ currentexecutionthreshold }}% max Health</scaleHealth> die instantly.<br /><br />The black hole absorbs <span class=""color3458eb"">Stardust</span> when enemies die within it and each second an enemy champion is inside.{{ spellmodifierdescriptionappend }}","['magic_damage', 'damage_over_time', 'aoe', 'ground_targeted', 'ultimate_cooldown', 'engage_tool', 'objective_control_tool', 'anti_squishy']","Aurelion Sol's ultimate ability creates a black hole that deals magic damage over time to enemies, dragging them towards the center and causing instant death if they fall below a certain health threshold. It also absorbs stardust and can be used as an engage and objective control tool, particularly effective against squishy targets."
AurelionSol,R,Falling Star / The Skies Descend,"Aurelion Sol plucks a star from the heavens and crashes it into the earth, dealing <magicDamage>{{ maxdamagetooltip }} magic damage</magicDamage>, <status>Stunning</status> enemies {{ stunduration }} second, and absorbing <span class=""color3458eb"">{{ massstolen }} Stardust</span> for each champion hit.<br /><br />Gathering <span class=""color3458eb"">{{ calamitystacks }} Stardust</span> transforms the next <spellName>Falling Star</spellName> into <spellName>The Skies Descend</spellName>.<br /><br /><spellName>The Skies Descend</spellName>: Aurelion Sol drags a constellation's worth of fury down from the cosmos, dealing <magicDamage>{{ r2damage }} magic damage</magicDamage> in a larger area, <status>Knocking Up</status> enemies hit for {{ stunduration }} second, and unleashing a massive shockwave that deals <magicDamage>{{ shockwavedamage }} magic damage</magicDamage> to champions and Epic Monsters and <status>Slows</status> all enemies hit by {{ shockwaveslow*100 }}% for 1 second.{{ spellmodifierdescriptionappend }}","['magic_damage', 'stun', 'knockup_or_knockback', 'slow', 'ultimate_cooldown', 'aoe', 'channeled', 'transform_ability', 'combo_finisher', 'anti_squishy', 'waveclear_tool', 'zoning_tool']","Aurelion Sol's ultimate ability deals magic damage and stuns enemies, then transforms into a larger area effect with knockup and slow, providing strong crowd control and area denial."
Aurora,Passive,Spirit Abjuration,Aurora's spells and attacks exorcise spirits from the enemies she damages. Exorcised spirits follow Aurora around and heal her.,"['ally_heal', 'pet_or_summon', 'heal_reduction', 'sustain_over_time', 'ultimate_cooldown', 'combo_finisher', 'self_setup']","Aurora's spells and attacks summon healing spirits that follow her and restore her health over time, serving as a powerful self-sustain mechanism and ultimate ability."
Aurora,Q,Twofold Hex,"Fire cursed energy in a direction, dealing <magicDamage>{{ damage }} magic damage</magicDamage> to enemies and cursing them for {{ markduration }} seconds.<br /><br /><recast>Recast:</recast> End the curse, drawing back part of the enemy's spirit to Aurora, dealing up to <magicDamage>{{ q2damagemax }} magic damage</magicDamage> to enemies passed through based on their missing Health. Damage beyond the first hit is reduced to 20%.<br /><br />If the duration runs out, Aurora will automatically <recast>Recast</recast> the Ability.{{ spellmodifierdescriptionappend }}","['magic_damage', 'aoe', 'skillshot', 'enemy_targeted', 'ultimate_cooldown', 'combo_finisher', 'self_setup']","Aurora fires a skillshot that deals magic damage and curses enemies, which can be recast to deal additional damage based on missing health."
Aurora,W,Across the Veil,"Hop in a direction. Upon landing, enter the spirit realm, becoming <keywordStealth>Invisible</keywordStealth> for {{ invisduration }} seconds and entering <keywordMajor>Realm Hopper</keywordMajor>, gaining <speed>{{ movespeedbonus }}% Move Speed</speed>.<br /><br />Scoring a takedown on an enemy champion resets this Ability's Cooldown.{{ spellmodifierdescriptionappend }}","['stealth', 'invisibility', 'movement_speed_buff', 'self_cast', 'ground_targeted', 'no_damage', 'engage_tool', 'stealth_reveal']","The champion hops to a location, becoming invisible and gaining movement speed for a duration. Scoring a takedown resets the cooldown."
Aurora,E,The Weirding,"Converge the realms, sending out a blast of spirit magic dealing <magicDamage>{{ damagecalc }} magic damage</magicDamage> to enemies in the area and <status>Slowing</status> them by {{ slowpercent*-100 }}% decaying over {{ slowduration }} second.<br /><br />Aurora hops backwards a short distance after casting.<br />{{ spellmodifierdescriptionappend }}","['aoe', 'magic_damage', 'slow', 'skillshot', 'followup_only', 'medium_range']","AOE magic damage with a slowing effect that decays over time, cast as a skillshot with a follow-up movement."
Aurora,R,Between Worlds,"Leap in a direction. Upon landing, Aurora converges the realms, sending out a pulse of spirit energy that deals <magicDamage>{{ damagecalc }} magic damage</magicDamage> and <status>Slows</status> enemies hit by {{ slowpercent*-100 }}% for 2 seconds.<br /><br />The area of convergence stays active for {{ areaduration }} seconds, granting Aurora <keywordMajor>Realm Hopper</keywordMajor> for {{ rbuffduration }} seconds, allowing her to jump from one edge of the area to another.<br /><br />Enemies attempting to enter or leave the area are <status>Slowed</status> by {{ exitslowpercent*-100 }}% for {{ stunduration }} seconds.<br /><br />Aurora can <recast>Recast</recast> this Ability to end the effect early.{{ spellmodifierdescriptionappend }}","['magic_damage', 'slow', 'aoe', 'skillshot', 'self_cast', 'channeled', 'persistent_area_or_trap', 'recast', 'ultimate_cooldown']","Aurora leaps in a direction, creating an area that slows and damages enemies while providing her with movement abilities within the area."
Azir,Passive,Shurima's Legacy,Azir can summon the Disc of the Sun from the ruins of allied or enemy turrets.,"['pet_or_summon', 'enemy_targeted', 'global_range', 'ultimate_cooldown', 'engage_tool', 'objective_control_tool']","Azir summons a Disc of the Sun that targets enemy turrets, providing an ultimate-level engage and objective control tool."
Azir,Q,Conquering Sands,"Azir orders all <keywordMajor>Sand Soldiers</keywordMajor> to an area, dealing <magicDamage>{{ totaldamage }} magic damage</magicDamage> to enemies they pass through and <status>Slowing</status> them by {{ e2 }}% for 1 second.{{ spellmodifierdescriptionappend }}","['aoe', 'magic_damage', 'slow', 'targeted', 'enemy_targeted', 'medium_range', 'channeled', 'cast_time']","Azir channels to order Sand Soldiers to an area, slowing and damaging enemies in their path."
Azir,W,Arise!,"Azir summons a <keywordMajor>Sand Soldier</keywordMajor> for {{ e1 }} seconds. When Azir Attacks an enemy near a <keywordMajor>Sand Soldier</keywordMajor>, he instead orders the soldiers to stab, dealing <magicDamage>{{ totaldamage }} magic damage</magicDamage> in their direction.<br /><br />This Ability has {{ maxammo }} charges.{{ spellmodifierdescriptionappend }}","['pet_or_summon', 'aoe', 'magic_damage', 'targeted', 'instant_cast', 'low_cooldown', 'ultimate_cooldown', 'engage_tool', 'combo_finisher', 'frontline_durability']",Azir summons a Sand Soldier that deals magic damage to enemies near it when Azir attacks one. The ability can be used multiple times with a low cooldown and is an ultimate.
Azir,E,Shifting Sands,"Azir grants himself <shield>{{ totalshield }} Shield</shield> for {{ e6 }} seconds and dashes to one of his <keywordMajor>Sand Soldiers</keywordMajor>, dealing <magicDamage>{{ totaldamage }} magic damage</magicDamage> to enemies he passes through.<br /><br />If Azir hits an enemy champion, he stops and gains a <keywordMajor>Sand Soldier</keywordMajor> charge.{{ spellmodifierdescriptionappend }}","['shield', 'self_cast', 'targeted', 'damage_over_time', 'instant_cast', 'medium_cooldown', 'ally_targeted']","Azir shields himself and dashes to a Sand Soldier, dealing magic damage to enemies in the path and potentially gaining a Sand Soldier charge if hitting an enemy champion."
Azir,R,Emperor's Divide,"Azir summons a wall of armored soldiers that charges forward, <status>Knocking Back</status> enemies and dealing <magicDamage>{{ totaldamage }} magic damage</magicDamage>. The soldiers remain, blocking enemy paths for {{ e4 }} seconds.{{ spellmodifierdescriptionappend }}","['aoe', 'knockup_or_knockback', 'magic_damage', 'persistent_area_or_trap', 'engage_tool', 'zoning_tool']",Azir summons a wall of soldiers that knocks back and damages enemies while blocking their paths.
Bard,Passive,Traveler's Call,"<font color='#FF9900'>Meeps:</font> Bard attracts lesser spirits that assist with his basic attacks to deal extra magic damage. When Bard has collected enough  <font color='#cccc00'>Chimes</font>, his meeps will also deal damage in an area and slow enemies hit.<br><br><font color='#FF9900'>Chimes:</font> Ancient <font color='#cccc00'>chimes</font> randomly appear for Bard to collect. These grant experience, restore mana, and provide out of combat Move Speed.","['ally_heal', 'sustain_over_time', 'magic_damage', 'aoe', 'slow', 'pet_or_summon', 'level_scaling', 'mana_cost', 'medium_cooldown', 'ultimate_cooldown', 'team_utility', 'backline_access']",Bard summons spirits that assist with basic attacks and can be upgraded with chimes for additional area damage and slowing effect on enemies.
Bard,Q,Cosmic Binding,"Bard fires an energy bolt, dealing <magicDamage>{{ totaldamage }} magic damage</magicDamage> to the first two enemies hit. The first target hit is <status>Slowed</status> by {{ slowamountpercentage }}% for {{ slowduration }}s.<br /><br />If the bolt hits a second enemy or a wall, any enemies hit are <status>Stunned</status> for {{ stunduration }}s.<br />{{ spellmodifierdescriptionappend }}","['magic_damage', 'aoe', 'skillshot', 'slow', 'stun']",Bard's energy bolt deals magic damage to up to two targets and applies slow and stun effects.
Bard,W,Caretaker's Shrine,"Bard creates a Health shrine that grants <speed>{{ calc_movespeed }} Move Speed</speed> decaying over {{ movespeed_duration }} seconds and restores at least <healing>{{ initialheal }} Health</healing> to the first ally to enter. The shrine grows to restore <healing>{{ maxheal }} Health</healing> after existing for {{ chargeuptime }} seconds.<br /><br />Bard can have up to {{ maxpacks }} shrines at once. If an enemy champion enters a shrine, it is destroyed.<br /><br />This ability has {{ ammo_limit }} charges.<br /><br />Current Active Shrines: {{ f1 }} / {{ f2 }}{{ spellmodifierdescriptionappend }}","['ally_heal', 'sustain_over_time', 'movespeed_buff', 'ground_targeted', 'ammo_or_charges', 'ultimate_cooldown', 'team_utility', 'backline_access']",Bard's ability creates a moving health shrine that heals and provides movement speed to allies while also serving as a utility tool for the team.
Bard,E,Magical Journey,Bard opens a one-way portal through Terrain for {{ e1 }} seconds. Any champion can enter the portal by moving onto it while near the entrance.{{ spellmodifierdescriptionappend }},"['trap', 'ground_targeted', 'self_cast', 'no_damage', 'no_cost', 'instant_cast', 'ultimate_cooldown', 'engage_tool', 'zoning_tool']",Bard creates a one-way portal on the ground that champions can enter to engage or disengage.
Bard,R,Tempered Fate,"Bard hurls magical protective energy to an area, placing all units and structures hit into Stasis for {{ rstasisduration }} seconds.{{ spellmodifierdescriptionappend }}","['stun', 'invulnerability_or_stasis', 'aoe', 'ultimate_cooldown', 'engage_tool', 'objective_control_tool']","Bard's ultimate ability stuns and places all units and structures in a targeted area into stasis for a duration, providing both engagement and objective control."
Belveth,Passive,Death in Lavender ,Bel'Veth gains permanent attack speed stacks after taking down large minions and monsters and champions. She also gains temporary bonus attack speed after using an ability.,"['passive_ability', 'offensive_stat_buff', 'attack_speed_debuff', 'level_scaling']","Bel'Veth passively gains attack speed based on her kills and abilities, scaling with her level."
Belveth,Q,Void Surge,"Bel'Veth dashes, dealing <physicalDamage>{{ basedamage }} physical damage</physicalDamage> to enemies she passes through.<br /><br />Each direction has an unique Cooldown of {{ f1 }} seconds that scales down based on her <attackSpeed>Attack Speed</attackSpeed>.<br />{{ spellmodifierdescriptionappend }}","['melee_range', 'dash', 'skillshot', 'targeted', 'physical_damage', 'low_cooldown', 'self_cast', 'engage_tool', 'combo_starter']","Bel'Veth's dash ability deals physical damage to enemies it passes through, with cooldown reduction based on attack speed."
Belveth,W,Above and Below,"Bel'Veth slams her tail, dealing <magicDamage>{{ damage }} magic damage</magicDamage>, <status>Knocking Up</status> foes for {{ duration }} seconds, and <status>Slowing</status> them by {{ slowpercent*100 }}% for {{ slowduration }} seconds. If a champion is hit, this refreshes the Cooldown of <spellName>Void Surge</spellName> in that direction.{{ spellmodifierdescriptionappend }}","['magic_damage', 'knockup_or_knockback', 'slow', 'self_cast', 'aoe', 'refresh_cooldown']","Bel'Veth's tail slam deals magic damage and knocks up and slows enemies, refreshing the cooldown of Void Surge if a champion is hit."
Belveth,E,Royal Maelstrom,"Bel'Veth channels and slashes around herself, gaining {{ drpercent*100 }}% Damage Reduction, {{ totallifesteal }} Life Steal, and Attacking {{ f2.0 }} times over {{ totalduration }} seconds with the number of Attacks increasing based on her <attackSpeed>Attack Speed</attackSpeed>. Each Attack strikes the lowest-health enemy, dealing <physicalDamage>{{ damageperstrike }}</physicalDamage> to <physicalDamage>{{ maxdamageperstriketooltip }} physical damage</physicalDamage> based on the target's missing Health.<br /><br />Using another Ability or <recast>Recasting</recast> ends this Ability early.<br />{{ spellmodifierdescriptionappend }}","['sustained_damage', 'damage_over_time', 'single_target', 'ad_scaling', 'health_or_resists_scaling', 'level_scaling', 'ultimate_cooldown', 'engage_tool', 'combo_starter', 'combo_finisher', 'self_setup']","Bel'Veth channels and attacks enemies, dealing increasing physical damage over time based on their missing health and her attack speed. The ability can be ended early by using another ability or recasting."
Belveth,R,Endless Banquet,"<spellPassive>Passive:</spellPassive> Every second Attack against the same target deals an additional <trueDamage>{{ finalonhitdamage }} true damage</trueDamage>, stacking infinitely. Takedowns against champions and epic monsters leave behind a piece of Void Coral.<br /><br /><spellActive>Active:</spellActive> Consuming Void Coral grants <keywordMajor>{{ passivestacksondevour }} Lavender</keywordMajor> stack and activates Bel'Veth's true form for {{ steroidduration }} seconds. Void Coral from Void epic monsters increases the duration to {{ voidduration }} seconds and causes minions that die nearby to become Void Remora. While casting, Bel'Veth <status>Slows</status> nearby enemies before exploding, dealing <trueDamage>{{ totalexplosiondamage }} + {{ missinghealthdamage*100 }}% missing-Health true damage</trueDamage>.<br /><br />In her true form, Bel'Veth gains <healing>{{ maxhealthondevour }} max Health</healing>, <speed>{{ oocms }} Move Speed</speed> out of combat, {{ bonusaarange }} Attack range, <attackSpeed>{{ totalasmod*100 }}% Total Attack Speed</attackSpeed>, and <spellName>Void Surge</spellName> can pass through walls.<br /><br /><br />{{ spellmodifierdescriptionappend }}","['true_damage', 'damage_over_time', 'ultimate_cooldown', 'self_cast', 'ally_targeted', 'sustain_over_time', 'offensive_stat_buff', 'movespeed_buff', 'self_setup', 'combo_starter', 'combo_finisher', 'instant_cast', 'ultimate']","A passive that deals true damage over time on repeat attacks, with an ultimate that transforms the champion, providing various buffs and a damaging explosion."
Blitzcrank,Passive,Mana Barrier,Blitzcrank gains a shield based on their mana when dropping to low health.,"['shield', 'health_or_resists_scaling', 'self_setup', 'low_cooldown', 'ultimate_cooldown', 'anti_squishy']","When Blitzcrank's health drops to low levels, they gain a shield that scales with their mana pool, providing self-sustain and anti-squishy capabilities."
Blitzcrank,Q,Rocket Grab,"Blitzcrank fires their right hand, <status>Pulling</status> the first enemy hit towards them and dealing <magicDamage>{{ totaldamage }} magic damage</magicDamage>.{{ spellmodifierdescriptionappend }}","['magic_damage', 'pull_or_push', 'targeted', 'skillshot', 'engage_tool', 'combo_finisher']","Blitzcrank's ability pulls an enemy towards them, dealing magic damage and setting up for potential follow-ups."
Blitzcrank,W,Overdrive,"Blitzcrank supercharges themself, gaining <speed>{{ movespeedmod*100 }}% decaying Move Speed</speed> and <attackSpeed>{{ attackspeedmod*100 }}% Attack Speed</attackSpeed> for {{ duration }} seconds.<br /><br />Afterwards, Blitzcrank is <status>Slowed</status> by {{ movespeedmodreduction*100 }}% for {{ slowduration }} seconds.{{ spellmodifierdescriptionappend }}","['movespeed_buff', 'attack_speed_debuff', 'self_cast', 'duration_effect', 'slow']","Increases movement speed and attack speed temporarily, then applies a slow to the user after the duration ends."
Blitzcrank,E,Power Fist,"Blitzcrank charges up their fist, causing their next Attack to <status>Knock Up</status> for {{ ccduration }} second(s) and deal <physicalDamage>{{ totaldamage }} physical damage</physicalDamage>.{{ spellmodifierdescriptionappend }}","['stun', 'knockup_or_knockback', 'physical_damage', 'single_target', 'ultimate_cooldown', 'engage_tool', 'combo_finisher']","Blitzcrank's ultimate ability causes an enemy to be stunned and knocked up, dealing physical damage in the process."
Blitzcrank,R,Static Field,"<spellPassive>Passive: </spellPassive>While this ability is available, lightning charges Blitzcrank's fists, marking those  Attacked. After 1 second, they are shocked for <magicDamage>{{ passivedamage }} magic damage</magicDamage>.<br /><br /><spellActive>Active: </spellActive>Blitzcrank overcharges, dealing <magicDamage>{{ activedamage }} magic damage</magicDamage> and <status>Silencing</status> nearby enemies for {{ silenceduration }} seconds. Their shields are also destroyed.{{ spellmodifierdescriptionappend }}","['magic_damage', 'silence', 'aoe', 'active_ability', 'ultimate_cooldown', 'combo_finisher']","This ability deals magic damage and silences nearby enemies, with an ultimate-like cooldown. It serves as a powerful finisher in a combo."
Brand,Passive,Blaze,"Brand's spells light his targets ablaze, dealing damage over 4 seconds, stacking up to 3 times. If Brand kills an enemy while it is ablaze he regains mana. When Blaze reaches max stacks on a Champion or large monster, it becomes unstable. It detonates in 2 seconds, applying spell effects and dealing massive damage in an area around the victim.","['damage_over_time', 'aoe', 'execute_damage', 'ultimate_cooldown', 'combo_finisher', 'self_setup', 'followup_only', 'medium_cooldown']","Brand's Blaze ability deals damage over time to targets, stacking up to 3 times. Upon killing an enemy while ablaze, Brand regains mana. At max stacks, it detonates, dealing massive damage in an area."
Brand,Q,Sear,"Brand launches a fireball that deals <magicDamage>{{ totaldamage }} magic damage</magicDamage> to the first enemy hit.<br /><br />If the target is <keywordMajor>Ablaze</keywordMajor>, they will be <status>Stunned</status> for {{ stunduration }} seconds.{{ spellmodifierdescriptionappend }}","['magic_damage', 'stun', 'targeted', 'skillshot', 'enemy_targeted', 'low_cooldown', 'combo_finisher']","Brand's fireball deals magic damage and stuns the first enemy hit, with reduced cooldown when used as a combo finisher."
Brand,W,Pillar of Flame,"Brand creates a pillar of pure fire, dealing <magicDamage>{{ totaldamage }} magic damage</magicDamage>.<br /><br />Units that are <keywordMajor>Ablaze</keywordMajor> take <magicDamage>{{ empowereddamage }} damage</magicDamage> instead.{{ spellmodifierdescriptionappend }}","['magic_damage', 'aoe', 'enemy_targeted', 'empowers_target', 'no_cost', 'ultimate_cooldown', 'burst_tool', 'combo_finisher']","Brand's ultimate ability creates a pillar of fire that deals magic damage to enemies, with empowered damage to units already affected by Ablaze."
Brand,E,Conflagration,"Brand conjures a powerful blast at his target, dealing <magicDamage>{{ edamagecalc }} magic damage</magicDamage> to surrounding units.<br /><br />If the target is <keywordMajor>Ablaze</keywordMajor>, the spread range is doubled.{{ spellmodifierdescriptionappend }}","['magic_damage', 'aoe', 'enemy_targeted', 'level_scaling', 'ad_scaling', 'ultimate_cooldown', 'burst_tool']","Brand's ultimate ability deals magic damage to the target and surrounding units, with increased range if the target is Ablaze."
Brand,R,Pyroclasm,"Brand unleashes a devastating torrent of fire that can bounce to Brand or another enemy up to 5 times, dealing <magicDamage>{{ totaldamage }} magic damage</magicDamage> to enemies each bounce. Bounces prioritize stacking <keywordMajor>Blaze</keywordMajor> to max on champions.<br /><br />If the target is <keywordMajor>Ablaze</keywordMajor>, they are briefly <status>Slowed</status> by {{ slowamount }}%.{{ spellmodifierdescriptionappend }}","['magic_damage', 'aoe', 'skillshot', 'multi_target', 'bounce', 'slow']","Brand's ability deals magic damage in an area-of-effect skillshot that bounces between Brand and other targets, applying a slow effect to ablaze targets."
Braum,Passive,Concussive Blows,"Braum's basic attacks apply Concussive Blows. Once the first stack is applied, <font color='#FFF673'>ally</font> basic attacks also stack Concussive Blows. <br><br>Upon reaching 4 stacks, the target is stunned and takes magic damage. For the next few seconds they cannot receive new stacks, but take bonus magic damage from Braum's attacks.","['ally_targeted', 'magic_damage', 'stun', 'duration', 'stacking_effect', 'no_cost', 'self_cast', 'combo_finisher']","Braum's basic attacks apply Concussive Blows to enemies, with ally attacks stacking the effect. Four stacks result in a stun and increased damage over time."
Braum,Q,Winter's Bite,"Braum propels freezing ice from his shield, dealing <magicDamage>{{ totaldamage }} magic damage</magicDamage> to the first enemy hit and <status>Slowing</status> them by {{ e2 }}% decaying over {{ e5 }} seconds.<br /><br />Applies a stack of <keywordMajor>Concussive Blows</keywordMajor>. {{ spellmodifierdescriptionappend }}","['magic_damage', 'slow', 'aoe', 'stacked_effect']",Braum's ability deals magic damage and applies a stacking debuff that slows enemies over time.
Braum,W,Stand Behind Me,"Braum leaps to an allied champion or minion. On arrival, Braum grants the target <scaleArmor>{{ grantedallyarmor }} Armor</scaleArmor> and <scaleMR>{{ grantedallymr }} Magic Resist</scaleMR> for {{ e1 }} seconds. Braum grants himself <scaleArmor>{{ grantedbraumarmor }} Armor</scaleArmor> and <scaleMR>{{ grantedbraummr }} Magic Resist</scaleMR> for the same duration.{{ spellmodifierdescriptionappend }}","['self_cast', 'ally_targeted', 'armor_mr_shred', 'sustain_over_time', 'defensive_stat_buff', 'medium_range', 'no_cost', 'instant_cast']","Braum's E ability provides temporary armor and magic resist to an ally and himself, enhancing their defenses."
Braum,E,Unbreakable,"Braum raises his shield for {{ e2 }} seconds, intercepting enemy missiles from the chosen direction, causing them to hit Braum and then be destroyed. The first missile Braum blocks deals no damage, and subsequent projectiles deal {{ e3 }}% reduced damage.<br /><br />Braum gains <speed>{{ e4 }}% Move Speed</speed> while his shield is raised.{{ spellmodifierdescriptionappend }}","['shield', 'damage_reduction_buff', 'move_speed_buff', 'self_cast', 'aoe', 'ground_targeted', 'low_cooldown', 'engage_tool', 'zone', 'anti_tank']","Braum raises a shield that intercepts enemy missiles, reducing their damage and providing movement speed."
Braum,R,Glacial Fissure,"Braum slams the ground sending forth a fissure that <status>Knocks Up</status> enemies in its path and nearby Braum, and deals <magicDamage>{{ totaldamage }} magic damage</magicDamage>. The first target hit is <status>Knocked Up</status> for between {{ minknockup }} and {{ maxknockup }} seconds, increasing with distance from Braum. All others hit are <status>Knocked Up</status> for {{ minknockup }} seconds.<br /><br />The fissure also creates a zone for {{ slowzoneduration }} seconds, that <status>Slows</status> by {{ movespeedmod }}%.<br />{{ spellmodifierdescriptionappend }}","['stun', 'knockup_or_knockback', 'magic_damage', 'aoe', 'skillshot', 'targeted', 'slow']",Braum's ability creates an area effect that stuns and knocks up enemies while also slowing them.
Briar,Passive,Crimson Curse,"Briar's attacks and abilities apply a stacking bleed that heals her for a portion of the damage it deals. Perpetually hungry, she gains increased healing based on her missing Health, but lacks innate Health Regeneration.","['aoe', 'damage_over_time', 'self_heal', 'missing_or_max_health_scaling', 'no_damage']",Briar applies a stacking bleed to enemies that heals her based on their missing health.
Briar,Q,Head Rush,"Briar leaps to a target, <status>Stunning</status> it for {{ stunduration }} seconds, dealing <physicalDamage>{{ totaldamage }} physical damage</physicalDamage> and reducing {{ shredpercent*100 }}% <scaleArmor>Armor</scaleArmor> and <scaleMR>Magic Resist</scaleMR> for {{ shredduration }} seconds.<br /><br /><rules>Briar will stop prioritizing champions if she casts this Ability on a minion or monster during <keywordMajor>Blood Frenzy</keywordMajor>.</rules>{{ spellmodifierdescriptionappend }}","['stun', 'physical_damage', 'armor_mr_shred', 'skillshot', 'enemy_targeted', 'low_cooldown', 'ultimate_cooldown', 'combo_finisher']","Briar leaps to a target, stunning them and reducing their armor and magic resist."
Briar,W,Blood Frenzy / Snack Attack,"Briar leaps and enters a <keywordMajor>Blood Frenzy</keywordMajor>, self-taunting to the nearest enemy for {{ berserkduration }} seconds, prioritizing Champions. While in <keywordMajor>Blood Frenzy</keywordMajor> she gains <attackSpeed>{{ berserkas*100 }}% Attack Speed</attackSpeed> and <speed>{{ berserkms*100 }}% Move Speed</speed>, and her Attacks deal <physicalDamage>{{ totalaoedamage }} physical damage</physicalDamage> to enemies surrounding her target.<br /><br />Briar can <recast>Recast</recast> this Ability to empower her next Attack. It deals <physicalDamage>{{ totalattackbonusdamage }} + {{ totalattackpercentmissinghealth }}% missing Health physical damage</physicalDamage> and <healing>heals Briar for {{ attackmaxhpheal }} + {{ attackhealpercent*100 }}% of the damage dealt</healing>.<br />{{ spellmodifierdescriptionappend }}","['ally_heal', 'attack_speed_debuff', 'burst_tool', 'combo_finisher', 'damage_reduction_buff', 'healing', 'self_cast', 'self_heal', 'skillshot', 'sustained_damage', 'true_damage', 'ultimate_cooldown', 'vulnerability']","Briar taunts an enemy and enters Blood Frenzy, increasing her attack speed and movement speed while dealing physical damage to nearby enemies. Recasting the ability empowers her next attack to deal true damage and heal her."
Briar,E,Chilling Scream,"<charge>Begin Charging:</charge> Briar removes <keywordMajor>Blood Frenzy</keywordMajor> and gathers energy, gaining {{ drpercent }}% damage reduction and restoring <healing>{{ percentmaxhpheal }} Health</healing> over 1 second.<br /><br /><release>Release:</release> Briar unleashes a scream that deals up to <magicDamage>{{ damage }} magic damage</magicDamage> based on time charged, and <status>Slows</status> by {{ slowpercent*100 }}% for {{ slowduration }} seconds. When fully charged, the scream <status>Knocks Back</status> enemies, dealing <magicDamage>{{ wallhitdamage }} magic damage</magicDamage> to those who hit a wall and <status>Stunning</status> them for {{ wallstunduration }} seconds.{{ spellmodifierdescriptionappend }}","['passive_ability', 'magic_damage', 'slow', 'knockback', 'stun', 'heal_over_time', 'self_cast', 'level_scaling']","A passive ability that, when activated, provides damage reduction, healing over time, and a slow effect upon release. The release also includes a knockback and stun effect when fully charged."
Briar,R,Certain Death,"Briar kicks her pillory's hemolith gemstone and flies to the location of the first champion it hits, marking them as her prey. On landing, she deals <magicDamage>{{ damage }} magic damage</magicDamage> to everything nearby and causes enemies who are not her prey to <status>Flee</status> for {{ fearduration }} seconds. She then enters an empowered <keywordMajor>Blood Frenzy</keywordMajor> and will pursue her prey until death. During this time, she gains {{ totalresists }} <scaleArmor>Armor</scaleArmor> and <scaleMR>Magic Resist</scaleMR>, {{ lifestealpercent*100 }}% Lifesteal, and an additional <speed>{{ extramovespeedpercent*100 }}% Move Speed</speed>.{{ spellmodifierdescriptionappend }}","['enemy_targeted', 'ground_targeted', 'burst_tool', 'chase', 'self_setup', 'combo_finisher', 'movement_speed_buff', 'armor_and_mr_shred', 'lifesteal', 'fear']","AOE burst damage and fear on enemies, with a chase mechanic that provides movement speed and resistances."
Caitlyn,Passive,Headshot,"Every few basic attacks, or against a target she has trapped or netted, Caitlyn will fire a headshot dealing bonus damage that scales with her critical strike chance. On trapped or netted targets, Caitlyn's Headshot attack range is doubled.","['aoe', 'attack_speed_debuff', 'damage_over_time', 'damage_reduction_buff', 'damage_amp', 'enemy_targeted', 'level_scaling', 'ad_scaling', 'ultimate_cooldown', 'combo_starter', 'combo_finisher', 'self_setup', 'followup_only']","Caitlyn's Headshot deals bonus damage on trapped or netted targets, scaling with her critical strike chance and attack speed. It can be used as both a starter and finisher in combos."
Caitlyn,Q,Piltover Peacemaker,"Caitlyn revs her rifle to fire a piercing shot dealing <physicalDamage>{{ initialdamage }} physical damage</physicalDamage>. After the bolt strikes the first target, it opens into a wider shot that deals <physicalDamage>{{ secondarydamage }} physical damage</physicalDamage>.<br /><br />Enemies revealed by <spellName>Yordle Snap Trap</spellName> always take full damage.{{ spellmodifierdescriptionappend }}","['physical_damage', 'aoe', 'skillshot', 'enemy_targeted', 'ad_scaling', 'medium_cooldown', 'poke_tool', 'waveclear_tool']","Caitlyn's primary attack fires a piercing shot followed by an area-of-effect shot, dealing physical damage. Enemies revealed by Yordle Snap Trap take full damage."
Caitlyn,W,Yordle Snap Trap,"Caitlyn sets a trap that <status>Roots</status> the first champion that steps on it for {{ rootduration }} seconds and granting <keywordStealth>True Sight</keywordStealth> of them for 3 seconds. Traps last for {{ trapduration }} seconds, and {{ maximumtraps }} traps may be active at once. This Ability has {{ maximumcharges }} charges ({{ ammorechargetime }} second refresh).<br /><br />Targets rooted by this Ability take an additional <physicalDamage>{{ headshotbonusdamage }} physical damage</physicalDamage> from <keywordMajor>Headshot</keywordMajor>.{{ spellmodifierdescriptionappend }}","['trap', 'root', 'stealth_reveal', 'level_scaling', 'ultimate_cooldown', 'engage_tool', 'objective_control_tool', 'anti_squishy']","Caitlyn's trap roots the first champion that steps on it, providing True Sight for 3 seconds and dealing additional physical damage. The trap can be active up to a certain number and has a limited number of charges."
Caitlyn,E,90 Caliber Net,"Caitlyn fires a net, pushing her backwards. The net <status>Slows</status> the first target hit by {{ e3 }}% for {{ e2 }} second and deals <magicDamage>{{ netdamage }} magic damage</magicDamage>.{{ spellmodifierdescriptionappend }}","['slow', 'magic_damage', 'targeted', 'cast_time']",Caitlyn casts a net that slows the first target hit and deals magic damage.
Caitlyn,R,Ace in the Hole,"Caitlyn takes a moment to channel and line up the perfect shot, then she fires, dealing <physicalDamage>{{ rtotaldamage }} physical damage</physicalDamage>, but other enemy champions can intercept it. This Ability grants <keywordStealth>True Sight</keywordStealth> of the target during the channel.<br /><br /><rules>Damage scales with Caitlyn's Critical Strike chance and Critical Strike Damage.</rules>{{ spellmodifierdescriptionappend }}","['skillshot', 'targeted', 'true_damage', 'instant_cast', 'ad_scaling', 'reveals_stealth', 'grant_vision']","Caitlyn channels and fires a shot at an enemy champion, dealing physical damage and granting True Sight if the target is stealthed."
Camille,Passive,Adaptive Defenses,Basic attacks on champions grant a shield equal to a percentage of Camille's maximum health against their damage type (Physical or Magic) for a brief duration.,"['passive_ability', 'shield', 'percent_health_damage', 'self_heal', 'health_or_resists_scaling', 'ad_scaling', 'magic_damage']","Passive ability that provides a shield based on Camille's maximum health when attacking champions, scaling with her health and attack damage."
Camille,Q,Precision Protocol,"Camille's next Attack deals an additional <physicalDamage>{{ bonusdamage }} physical damage</physicalDamage> and grants her <speed>{{ msbonus*100 }}% Move Speed</speed> for {{ msduration }} second. This ability can be <recast>Recast</recast> in the next {{ qtotalrecasttime }} seconds.<br /><br />If the <recast>Recast</recast> Attack hits at least {{ qrampuptime }} seconds after the first, the bonus damage is increased to <physicalDamage>{{ empoweredbonusdamage }}</physicalDamage> and {{ damageconversionpercentage }} of the Attack's damage is converted into <trueDamage>true damage</trueDamage>.<br /><br /><rules>This Ability triggers spell effects upon dealing damage.</rules>{{ spellmodifierdescriptionappend }}","['melee_range', 'physical_damage', 'no_damage', 'move_speed_buff', 'self_cast', 'instant_cast', 'ad_scaling', 'level_scaling', 'combo_starter', 'combo_finisher', 'self_setup', 'followup_only', 'spell_shield', 'trigger_on_damage']",Camille's Q ability provides a move speed buff on hit and can be recast for increased damage and true damage conversion if used after a certain time.
Camille,W,Tactical Sweep,"Camille winds up and slices, dealing <physicalDamage>{{ basedamagetotal }} physical damage</physicalDamage>.<br /><br />Enemies hit by the outer half are <status>Slowed</status> by {{ slowpercentage }}% decaying over {{ slowduration }} seconds, and they take an additional <physicalDamage>{{ outeredgetooltip }} max Health physical damage</physicalDamage>. Camille restores <healing>{{ outerconehealingratio }}% of the bonus damage dealt to champions as Health</healing>.{{ spellmodifierdescriptionappend }}","['physical_damage', 'slow', 'damage_reduction_buff', 'self_heal', 'aoe', 'damage_over_time']",Camille's ability deals physical damage to enemies and applies a slowing effect with additional max health damage over time. It also provides healing to Camille based on the damage dealt.
Camille,E,Hookshot,"Camille fires a hookshot that attaches to terrain, pulling her to it for 1 second and allowing this Ability to be <recast>Recast</recast>.<br /><br /><recast>Recast:</recast> Camille dashes from the wall, colliding with the first enemy champion hit. Upon landing, she gains <attackSpeed>{{ asbuff*100 }}% Attack Speed</attackSpeed> for {{ asduration }} seconds, deals <physicalDamage>{{ totaldamage }} physical damage</physicalDamage> to nearby enemies, and <status>Stuns</status> enemy champions for {{ knockupduration }} seconds. Dashes towards enemy champions travel twice as far.{{ spellmodifierdescriptionappend }}","['ally_targeted', 'enemy_targeted', 'skillshot', 'dash', 'mobility_reposition', 'attack_speed_debuff', 'damage_reduction_buff', 'stun', 'high_cooldown', 'ultimate_cooldown', 'engage_tool', 'combo_finisher']","Camille's ultimate ability hooks to terrain, pulls her in, and then dashing towards enemies, stunning them and reducing their attack speed."
Camille,R,The Hextech Ultimatum,"Camille briefly becomes Untargetable and leaps onto an enemy champion, interrupting channels and locking them into an area they cannot escape by any means for {{ rduration }} seconds. Other nearby enemies are <status>Knocked Away</status>. Her Attacks against the trapped enemy deal an additional <magicDamage>{{ rpercentcurrenthpdamage }}% current Health magic damage</magicDamage>.{{ spellmodifierdescriptionappend }}","['ultimate_cooldown', 'enemy_targeted', 'self_cast', 'hard_cc', 'knockup_or_knockback', 'sustain_over_time', 'magic_damage', 'percent_health_damage', 'aoe']","Camille's ultimate ability briefly makes her untargetable, leaps onto an enemy champion, and traps them with nearby enemies being knocked away. It deals magic damage over time based on the target's health."
Cassiopeia,Passive,Serpentine Grace,All Move Speed bonuses are more effective on Cassiopeia.,"['movespeed_buff', 'self_cast']",Increases movement speed buff effectiveness for Cassiopeia.
Cassiopeia,Q,Noxious Blast,"Cassiopeia blasts noxious gas, <keywordMajor>Poisoning</keywordMajor> enemies and dealing <magicDamage>{{ tooltiptotaldamage }} magic damage</magicDamage> over {{ poisonduration }} seconds. Hitting a champion grants Cassiopeia <speed>{{ champhitmsbonus }}% Move Speed</speed> decaying over {{ champhitmsduration }} seconds.{{ spellmodifierdescriptionappend }}","['magic_damage', 'damage_over_time', 'self_heal', 'mobility_reposition', 'sustain_over_time', 'ally_heal']","Cassiopeia's ability poisons enemies, dealing magic damage over time and providing move speed to herself when hitting champions, offering sustain and mobility support to allies."
Cassiopeia,W,Miasma,"Cassiopeia spews venom, leaving toxic clouds for {{ cloudduration }} seconds. Enemies in the clouds take <magicDamage>{{ damagepersecond }} magic damage</magicDamage> per second, are <keywordMajor>Poisoned</keywordMajor>, <status>Grounded</status>, and <status>Slowed</status> by {{ slowpercent }}%.{{ spellmodifierdescriptionappend }}","['aoe', 'poison', 'slow', 'ground', 'medium_range', 'magic_damage', 'damage_over_time', 'soft_cc', 'level_scaling']","Cassiopeia's ability creates toxic clouds that deal magic damage over time, ground and slow enemies within them."
Cassiopeia,E,Twin Fang,"Cassiopeia launches deadly fangs, dealing <magicDamage>{{ basicdamage }} magic damage</magicDamage>. If the enemy is <keywordMajor>Poisoned</keywordMajor>, they take an additional <magicDamage>{{ bonuspoisoneddamage }} magic damage</magicDamage> and Cassiopeia restores <healing>{{ healcalc }} Health</healing>, reduced to <healing>{{ healcalcminion }} Health</healing> against lane minions and small monsters.<br /><br />If this kills the target, Cassiopeia restores <scaleMana>{{ cost }} Mana</scaleMana>.<br /><br />{{ spellmodifierdescriptionappend }}","['magic_damage', 'poison', 'self_heal', 'enemy_targeted', 'no_cost', 'ultimate_cooldown', 'combo_finisher']","Cassiopeia's ability deals magic damage and applies poison, healing herself if the target is poisoned and killed."
Cassiopeia,R,Petrifying Gaze,"Cassiopeia unleashes a petrifying gaze, dealing <magicDamage>{{ rdamage }} magic damage</magicDamage> and <status>Stunning</status> enemies facing her for {{ rccduration }} seconds. Enemies facing away are <status>Slowed</status> by {{ rslowpercent }}% decaying over the same duration instead.{{ spellmodifierdescriptionappend }}","['magic_damage', 'stun', 'slow', 'ultimate_cooldown', 'combo_finisher', 'enemy_targeted', 'channeled']",Cassiopeia's ultimate ability stuns enemies facing her and slows those facing away.
Chogath,Passive,Carnivore,"Whenever Cho'Gath kills a unit, he recovers Health and Mana. The values restored increase with Cho'Gath's level.","['passive_ability', 'self_heal', 'ally_heal', 'sustain_over_time', 'level_scaling']","Cho'Gath passively regenerates health and mana upon killing units, with the amount restored increasing as he levels up."
Chogath,Q,Rupture,"Cho'Gath ruptures the ground, <status>Knocking Up</status> enemies for {{ e5 }} second, dealing <magicDamage>{{ totaldamagetooltip }} magic damage</magicDamage>, and <status>Slowing</status> them by {{ e2 }}% for {{ e3 }} seconds.{{ spellmodifierdescriptionappend }}","['skillshot', 'aoe', 'knockup_or_knockback', 'slow', 'magic_damage', 'medium_range', 'medium_cooldown', 'engage_tool', 'peel_tool', 'combo_finisher']","Cho'Gath's ability creates an area that knocks up and slows multiple enemies, serving as both an engage and peel tool."
Chogath,W,Feral Scream,"Cho'Gath roars, <status>Silencing</status> enemies for {{ e2 }} seconds and dealing <magicDamage>{{ totaldamagetooltip }} magic damage</magicDamage>.{{ spellmodifierdescriptionappend }}","['soft_cc', 'magic_damage', 'silence', 'duration', 'enemy_targeted', 'low_cooldown', 'ultimate_cooldown', 'combo_finisher']","Cho'Gath silences enemies, reducing their ability to cast spells and deal magic damage over a short duration."
Chogath,E,Vorpal Spikes,"Cho'Gath's next 3 Attacks launch spikes that deal <magicDamage>{{ flatdamagecalc }} plus {{ maxhealthpercentcalc }} of the target's max Health magic damage</magicDamage> and <status>Slow</status> by {{ slowamountpercentage }}%, decaying over {{ slowduration }} seconds.{{ spellmodifierdescriptionappend }}","['magic_damage', 'slow', 'damage_over_time', 'enemy_targeted', 'level_scaling']",Cho'Gath's next 3 attacks deal magic damage based on target's max health and apply a slowing effect that decays over time.
Chogath,R,Feast,"Cho'Gath ravenously feeds on an enemy, dealing <trueDamage>{{ rdamage }} true damage</trueDamage> to champions or <trueDamage>{{ rmonsterdamage }}</trueDamage> to minions or jungle monsters. If this kills the target, Cho'Gath gains a stack, which causes him to grow in size and gain <healing>{{ rhealthperstack }} max Health</healing>. Only {{ rminionmaxstacks }} stacks can be gained from minions and non-epic jungle monsters. {{ spellmodifierdescriptionappend }}","['true_damage', 'no_damage', 'self_heal', 'enemy_targeted', 'aoe', 'level_scaling', 'ultimate_cooldown', 'combo_finisher', 'self_setup']","Cho'Gath's ability deals true damage to enemies and heals himself based on the number of stacks gained, with a maximum of 5 stacks from minions and non-epic jungle monsters."
Corki,Passive,Hextech Munitions,A percentage of Corki's basic attack damage is dealt as bonus <trueDamage>true damage</trueDamage>.,"['true_damage', 'damage_amp', 'ad_scaling', 'instant_cast']",Corki's basic attacks deal additional true damage based on his attack damage.
Corki,Q,Phosphorus Bomb,"Corki lobs a bomb, dealing <magicDamage>{{ totaldamage }} magic damage</magicDamage>. The area and champions hit are revealed for {{ revealduration }} seconds.{{ spellmodifierdescriptionappend }}","['magic_damage', 'aoe', 'reveal', 'global_range', 'ultimate_cooldown', 'poke_tool', 'zoning_tool']",Corki throws a bomb that deals magic damage to all enemies in the area and reveals them for a duration.
Corki,W,Valkyrie,"Corki flies over and scorches a path, burning it for {{ trailduration }} seconds. Enemies in the fire take up to <magicDamage>{{ maximumdamage }} magic damage</magicDamage> over the duration.{{ spellmodifierdescriptionappend }}","['aoe', 'damage_over_time', 'magic_damage', 'medium_range', 'ultimate_cooldown', 'combo_finisher']",Corki's ultimate ability creates a burning trail that deals magic damage over time to enemies within its area.
Corki,E,Gatling Gun,"Corki fires a gatling gun in front of him, dealing <physicalDamage>{{ totaldamage }} physical damage</physicalDamage> over {{ sprayduration }} seconds and shredding up to <scaleArmor>{{ shredmax*-1 }} Armor</scaleArmor> and <scaleMR>Magic Resist</scaleMR>.{{ spellmodifierdescriptionappend }}","['aoe', 'damage_over_time', 'armor_mr_shred', 'level_scaling', 'medium_range', 'ad_scaling']",Corki fires a gatling gun that deals physical damage over time and reduces enemy armor and magic resist.
Corki,R,Missile Barrage,"Corki fires a missile that explodes on the first enemy hit, dealing <physicalDamage>{{ rsmallmissiledamage }} physical damage</physicalDamage> to surrounding enemies. Every third missile instead deals <physicalDamage>{{ rbigmissiledamage }} physical damage</physicalDamage>.<br /><br />This Ability has up to {{ maxammotooltip }} charges. Basic attacks against champions reduce the time between charges by <attention>{{ attackrefund }}</attention> seconds on hit.{{ spellmodifierdescriptionappend }}","['aoe', 'physical_damage', 'burst_tool', 'combo_finisher', 'instant_cast', 'low_cooldown', 'pet_or_summon', 'ranged', 'single_target']","Corki's missile ability deals physical damage to the first enemy hit and explodes, affecting surrounding enemies. It can be used as a burst tool and combo finisher with low cooldown and basic attack refunds."
Darius,Passive,Hemorrhage,"Darius' attacks and damaging abilities cause enemies to bleed for physical damage over 5 seconds, stacking up to 5 times. Darius enrages and gains massive Attack Damage when his target reaches max stacks.","['damage_over_time', 'physical_damage', 'stacking_effect', 'offensive_stat_buff', 'ultimate_cooldown', 'engage_tool', 'combo_starter']","Darius' attacks and abilities cause enemies to bleed for physical damage that stacks up to 5 times, granting him increased Attack Damage upon reaching max stacks."
Darius,Q,Decimate,"Darius hefts his axe then swings it around, dealing <physicalDamage>{{ bladedamage }} physical damage</physicalDamage> with the edge and <physicalDamage>{{ handledamage }} damage</physicalDamage> with the handle. Enemies hit with the handle do not take a <keywordMajor>Hemorrhage</keywordMajor> stack.<br /><br />Darius restores <healing>{{ e5 }}% missing Health</healing> per enemy champion and large jungle monster hit with the edge, up to a max of <healing>{{ e7 }}%</healing>.{{ spellmodifierdescriptionappend }}","['physical_damage', 'physical_damage', 'self_heal', 'ally_heal', 'sustain_over_time', 'ad_scaling', 'level_scaling']","Darius swings his axe, dealing physical damage with both edge and handle, and heals himself and nearby allies based on missing health over time."
Darius,W,Crippling Strike,Darius' next Attack deals <physicalDamage>{{ empoweredattackdamage }} physical damage</physicalDamage> and <status>Slows</status> by {{ e2 }}% for {{ e5 }} second.<br /><br />This Ability refunds its Mana cost and reduces its Cooldown by {{ e3 }}% if it kills the target.<br /><br /><rules>This Ability triggers spell effects upon dealing damage.</rules>{{ spellmodifierdescriptionappend }},"['physical_damage', 'slow', 'single_target', 'self_cast', 'instant_cast', 'mana_cost', 'no_cooldown_reduction_if_kill', 'triggers_spell_effects']",Darius' empowered attack deals physical damage and applies a slow debuff to the target. The ability refunds mana and reduces cooldown if the target is killed.
Darius,E,Apprehend,"<spellPassive>Passive:</spellPassive> Darius gains {{ e1 }}% Armor Penetration.<br /><br /><spellActive>Active:</spellActive> Darius hooks with his axe, <status>Pulling</status>, and <status>Knocking Up</status> and <status>Slowing</status> by {{ e2 }}% for {{ e3 }} second.{{ spellmodifierdescriptionappend }}","['skillshot', 'knockup_or_knockback', 'slow', 'armor_penetration', 'active_ability', 'combo_finisher']","Darius's active ability hooks an enemy, pulling them up and slowing them, while passively increasing his armor penetration."
Darius,R,Noxian Guillotine,"Darius leaps to an enemy and strikes a lethal blow, dealing <trueDamage>{{ damage }} true damage</trueDamage>. For each <keywordMajor>Hemorrhage</keywordMajor> on the target, this Ability deals an additional {{ rdamagepercentperhemostack*100 }}% damage, up to a max of <trueDamage>{{ maximumdamage }} damage</trueDamage>.<br /><br />If this kills the target, Darius may <recast>Recast</recast> this Ability once within {{ rrecastduration }} seconds. At rank 3, this Ability has no Mana cost and kills refresh the Cooldown completely.{{ spellmodifierdescriptionappend }}","['true_damage', 'aoe', 'skillshot', 'targeted', 'ultimate_cooldown', 'engage_tool', 'combo_finisher', 'no_cost', 'low_cooldown', 'rank_3_effect']","Darius's ultimate ability leaps to an enemy, dealing true damage and scaling with Hemorrhage stacks. It can be recast if it kills the target, with reduced cooldown at rank 3."
Diana,Passive,Moonsilver Blade,"Every third strike cleaves nearby enemies for an additional magic damage. After casting a spell, Diana gains Attack Speed for 5 seconds.","['aoe', 'magic_damage', 'attack_speed_debuff', 'skillshot', 'combo_finisher']",Diana's ability deals magic damage to nearby enemies on every third strike and increases her attack speed for 5 seconds after casting a spell.
Diana,Q,Crescent Strike,"Diana unleashes an arc of lunar energy, dealing <magicDamage>{{ totaldamage }} magic damage</magicDamage> and marking with <keywordMajor>Moonlight</keywordMajor> for {{ moonlightduration }} seconds. <br /><br /><keywordMajor>Moonlight</keywordMajor> reveals enemies that are not <keywordStealth>stealthed</keywordStealth>.{{ spellmodifierdescriptionappend }}","['magic_damage', 'reveal', 'stealth', 'no_damage', 'ground_targeted']","Diana's ability deals magic damage and marks the ground, revealing non-stealthed enemies."
Diana,W,Pale Cascade,"Diana creates three orbiting spheres for {{ shieldduration }} seconds that explode on contact, each dealing <magicDamage>{{ totaldamage }} magic damage</magicDamage>, up to a max of <magicDamage>{{ totalmaxdamage }} damage</magicDamage>.<br /><br />Diana also gains <shield>{{ shieldvalue }} Shield</shield> for the same duration. When the last sphere detonates, she gains an additional <shield>{{ shieldvalue }} Shield</shield> and refreshes the duration.{{ spellmodifierdescriptionappend }}","['magic_damage', 'damage_over_time', 'shield', 'self_heal', 'sustain_over_time', 'ultimate_cooldown', 'zone', 'trigged_explosion', 'persistent_area_or_trap']","Diana creates orbiting spheres that deal magic damage over time and provide shield on contact, with an ultimate-like cooldown."
Diana,E,Lunar Rush,"Diana becomes as the vengeful moon, dashing to an enemy and dealing <magicDamage>{{ totaldamage }} magic damage</magicDamage>. If the target is afflicted with <keywordMajor>Moonlight</keywordMajor>, this Ability's Cooldown is refreshed.{{ spellmodifierdescriptionappend }}","['magic_damage', 'skillshot', 'enemy_targeted', 'instant_cast', 'low_cooldown', 'ultimate_cooldown', 'combo_finisher', 'self_cast']","Diana's ultimate ability dashes to an enemy, dealing magic damage. It can refresh the cooldown if the target has Moonlight debuff and serves as a combo finisher."
Diana,R,Moonfall,"Diana <status>Pulls In</status>, <status>Slows</status> by {{ slowtooltip }}%, and reveals nearby enemies for {{ slowduration }} seconds.<br /><br />If Diana hits at least one enemy champion, she calls to the moon, dealing <magicDamage>{{ rexplosiondamage }} magic damage</magicDamage> plus <magicDamage>{{ rmultihitamplification }}</magicDamage> for each champion pulled beyond the first, up to a max of an additional <magicDamage>{{ maxdamage }} damage</magicDamage>.{{ spellmodifierdescriptionappend }}","['aoe', 'slow', 'reveal', 'magic_damage', 'ultimate_cooldown', 'combo_finisher', 'enemy_targeted']","Diana pulls and slows enemies, revealing them and dealing increasing magic damage to each additional enemy pulled."
Draven,Passive,League of Draven,"Draven gains his fans' Adoration when he catches a Spinning Axe or kills a minion, monster, or tower. Killing enemy champions grants Draven bonus gold based on how much Adoration he has.","['ally_heal', 'self_setup', 'combo_finisher', 'ultimate_cooldown', 'gold_gain', 'adoration', 'no_damage']","Draven's ability provides self-healing and gold bonuses upon catching an axe or killing targets, with increased effectiveness as Adoration builds up."
Draven,Q,Spinning Axe,"Draven readies a <keywordMajor>Spinning Axe</keywordMajor>, causing his next Attack to deal an additional <physicalDamage>{{ totaldamage }} physical damage</physicalDamage> and ricochet into the air. If Draven catches it, he readies another <keywordMajor>Spinning Axe</keywordMajor>.<br /><br />Draven can hold two <keywordMajor>Spinning Axes</keywordMajor> at once.{{ spellmodifierdescriptionappend }}","['physical_damage', 'no_damage', 'single_target', 'self_cast', 'ad_scaling', 'medium_cooldown', 'combo_starter', 'combo_finisher']","Draven's ability allows him to throw a Spinning Axe that deals physical damage on impact and can be caught to ready another one, serving as both a combo starter and finisher."
Draven,W,Blood Rush,"Draven becomes Ghosted, gains <speed>{{ e2 }}% Move Speed</speed> decaying over {{ e3 }} seconds and <attackSpeed>{{ e4 }}% Attack Speed</attackSpeed> for {{ e5 }} seconds.<br /><br />When Draven catches a <keywordMajor>Spinning Axe</keywordMajor>, this Ability's Cooldown is refreshed.{{ spellmodifierdescriptionappend }}","['movespeed_buff', 'attack_speed_debuff', 'self_cast', 'duration', 'cooldown_reduction']",Draven increases his movement speed and decreases his attack speed temporarily. The ability can be refreshed by catching a Spinning Axe.
Draven,E,Stand Aside,"Draven chucks a sideways axe that deals <physicalDamage>{{ totaldamage }} physical damage</physicalDamage>, <status>Knocks Back</status>, and <status>Slows</status> by {{ e2 }}% for {{ e3 }} seconds.{{ spellmodifierdescriptionappend }}","['physical_damage', 'knockup_or_knockback', 'slow', 'aoe', 'targeted']","Draven throws an axe that damages enemies, knocks them back, and slows their movement speed."
Draven,R,Whirling Death,"Draven hurls two massive axes that deal <physicalDamage>{{ rcalculateddamage }} physical damage</physicalDamage>. Upon hitting a champion or <recast>Recasting</recast>, they reverse direction and return to Draven. The axes deal {{ rdamagereductionperhit*100 }}% less damage for each enemy hit, down to a minimum of {{ rmindamagepercent }}%.<br /><br />If <keywordMajor>Whirling Death</keywordMajor> would leave an enemy champion with less health than {{ rpassivestackscoefficient*100 }}% of Draven's current <keywordMajor>League of Draven</keywordMajor> stacks ({{ rpassivetruedamage }}), he will execute them.{{ spellmodifierdescriptionappend }}","['physical_damage', 'aoe', 'skillshot', 'targeted', 'execute_damage', 'damage_reduction_buff', 'level_scaling', 'ultimate_cooldown', 'combo_finisher', 'self_setup']","Draven throws axes that deal physical damage and can be recast to return to him, dealing reduced damage on subsequent hits. If an enemy has low health relative to Draven's stacks, he executes them. The ability scales with level and has a high ultimate cooldown."
DrMundo,Passive,Goes Where He Pleases,"Dr. Mundo resists the first Immobilizing effect that hits him, instead losing Health and dropping a chemical cannister nearby. Dr. Mundo can pick it up by walking over it, restoring Health and reducing this Ability's Cooldown.<br><br>Dr. Mundo also has significantly increased Health regeneration.<br>","['soft_cc', 'self_heal', 'cooldown_reduction', 'sustain_over_time', 'ground_targeted', 'toggle_ability', 'passive_ability']",Dr. Mundo resists immobilization and loses health while dropping a chemical cannister that can be picked up to restore health and reduce cooldown.
DrMundo,Q,Infected Bonesaw,"Dr. Mundo hurls his bonesaw, dealing <magicDamage>{{ currenthealthdamage*100 }}% current Health magic damage</magicDamage> to the first enemy hit and <status>Slowing</status> them by {{ slowamount*100 }}% for {{ slowduration }} seconds.<br /><br />If the bonesaw hits a champion or monster, Dr. Mundo restores <healing>{{ healthrestoreonhitchampionmonster }} Health</healing>. If it hits a non-champion or non-monster, Dr. Mundo instead restores <healing>{{ healthrestoreonhitminion }} Health</healing>.{{ spellmodifierdescriptionappend }}","['magic_damage', 'single_target', 'slow', 'self_heal', 'enemy_targeted', 'health_or_resists_scaling', 'level_scaling']","Dr. Mundo's ability deals magic damage and slows the first enemy hit, providing health regeneration based on the target type."
DrMundo,W,Heart Zapper,"Dr. Mundo charges up a defibrilator, dealing <magicDamage>{{ damagepertick*4 }} magic damage</magicDamage> each second for up to {{ duration }} seconds to nearby enemies. Additionally he stores {{ grayhealthstorageinitial }} of damage taken for the first {{ grayhealthinitialduration }} seconds and {{ grayhealthstorage*100 }}% for the remaining duration as gray health and can <recast>Recast</recast>.<br /><br /><recast>Recast:</recast> Detonate the defibrilator, dealing <magicDamage>{{ totaldamage }} magic damage</magicDamage> to nearby enemies. If this hits at least one champion, Dr. Mundo restores <healing>{{ grayhealthbigmod*100 }}% of gray health</healing>, otherwise he instead restores <healing>{{ grayhealthsmallmod*100 }}% of gray health</healing>.{{ spellmodifierdescriptionappend }}","['magic_damage', 'damage_over_time', 'aoe', 'recast', 'heal_on_damage_taken', 'ultimate_cooldown', 'combo_finisher']",Dr. Mundo's ability deals magic damage over time to nearby enemies and can be recast to deal additional damage and heal based on damage taken.
DrMundo,E,Blunt Force Trauma,"<spellPassive>Passive:</spellPassive> Dr Mundo gains <physicalDamage>{{ passivebonusad }} Attack Damage</physicalDamage>.<br /><br /><spellActive>Active:</spellActive> Dr Mundo violently swings his ""medical"" bag, causing his next Attack to deal an additional <physicalDamage>{{ additionaldamage }} physical damage</physicalDamage>, increased by up to {{ maxdamageamptooltip }} based on his missing Health. If the enemy is killed, Mundo swats them away, dealing <physicalDamage>{{ additionaldamage }} physical damage</physicalDamage> to enemies they pass through.{{ spellmodifierdescriptionappend }}","['physical_damage', 'ad_scaling', 'missing_or_max_health_scaling', 'single_target', 'self_cast', 'combo_finisher', 'engage_tool', 'burst_tool']","Dr Mundo's passive increases his attack damage, while his active deals additional physical damage and can engage and burst down targets."
DrMundo,R,Maximum Dosage,"Dr. Mundo pumps himself with chemicals, gaining <healing>{{ missinghealthheal*100 }}% of his missing Health as max Health</healing>, <speed>{{ speedboostamount*100 }}% Move Speed</speed>, and regenerating <healing>{{ maxhealthhot*100 }}% max Health</healing> over {{ duration }} seconds.<br /><br />At Rank 3, both healing effects are increased by an additional {{ bonuspernearbychampion*100 }}% per nearby enemy champion.{{ spellmodifierdescriptionappend }}","['passive_ability', 'self_heal', 'sustain_over_time', 'level_scaling', 'health_or_resists_scaling']","Dr. Mundo's passive ability provides healing based on missing health and max health regeneration, scaling with the number of nearby enemy champions."
Ekko,Passive,Z-Drive Resonance,"Every third attack or damaging spell on the same target deals bonus magic damage, and grants Ekko a burst of speed if the target is a champion.<br><br>","['passive_ability', 'magic_damage', 'aoe', 'combo_starter', 'combo_finisher']",Passive ability that deals bonus magic damage every third attack or spell on the same target and provides Ekko with a burst of speed if the target is a champion.
Ekko,Q,Timewinder,"Ekko throws a device dealing <magicDamage>{{ initialdamage }} magic damage</magicDamage>. On hitting a champion or reaching the end of its range, it expands into a field that <status>Slows</status> enemies inside by {{ e2 }}%. After it expands, Ekko recalls it, dealing <magicDamage>{{ recalldamage }} magic damage</magicDamage>.{{ spellmodifierdescriptionappend }}","['aoe', 'magic_damage', 'slow', 'targeted', 'ultimate_cooldown', 'engage_tool', 'poke_tool', 'combo_finisher']","Ekko's ultimate ability throws a device that slows enemies upon expanding and recalling, serving as an engage and poke tool."
Ekko,W,Parallel Convergence,"<spellPassive>Passive:</spellPassive> Ekko's Attacks against enemies below 30% Health deal <magicDamage>{{ missinghealthpercent }} missing Health magic damage</magicDamage>.<br /><br /><spellActive>Active:</spellActive> Ekko launches a chronosphere lasting 1.5 seconds after a delay that <status>Slows</status> enemies inside by {{ e0 }}%. If Ekko enters the sphere, he detonates it, <status>Stunning</status> for {{ e2 }} seconds and gaining <shield>{{ totalshield }} Shield</shield>.{{ spellmodifierdescriptionappend }}","['magic_damage', 'percent_health_damage', 'aoe', 'slow', 'stun', 'shield', 'self_cast', 'combo_finisher', 'ultimate_cooldown']","Ekko's passive deals magic damage based on missing health to low-health targets, while his active creates an area effect that slows enemies, stuns them and provides a shield when detonated."
Ekko,E,Phase Dive,"Ekko dashes and empowers his next Attack to have bonus range, teleport him to his target, and deal an additional <magicDamage>{{ totaldamage }} magic damage</magicDamage>.{{ spellmodifierdescriptionappend }}","['teleport', 'skillshot', 'targeted', 'magic_damage', 'bonus_range', 'self_cast', 'engage_tool', 'burst_tool']","Ekko's ability allows him to dash to a target, empowering his next attack to deal additional magic damage and increase its range."
Ekko,R,Chronobreak,"Ekko turns back time, entering Stasis while teleporting to where he was 4 seconds ago and dealing <magicDamage>{{ totaldamage }} magic damage</magicDamage> to nearby enemies. In addition, Ekko restores <healing>{{ totalbaseheal }} Health</healing>, increased by {{ percenthealampperpercentmissinghealth }}% for each 1% Health he lost in last 4 seconds.{{ spellmodifierdescriptionappend }}","['magic_damage', 'self_cast', 'displacement_pull_or_push', 'heal_reduction', 'sustain_over_time', 'level_scaling', 'mana_cost', 'ultimate_cooldown', 'combo_starter', 'combo_finisher', 'self_setup']","Ekko teleports to his past position, dealing magic damage to nearby enemies and healing himself based on lost health."
Elise,Passive,Spider Queen,"Human Form: When Elise's abilities hit an enemy, she gains a dormant Spiderling.<br><br>Spider Form: Basic attacks deal bonus magic damage and restore health to Elise.","['passive_ability', 'pet_or_summon', 'ally_heal', 'magic_damage', 'health_reduction', 'level_scaling']","Elise summons a Spiderling that passively heals her when her abilities hit an enemy, and in Spider Form, her basic attacks deal magic damage and restore health to her."
Elise,Q,Neurotoxin / Venomous Bite,"<keywordMajor>Human Form</keywordMajor>: Elise injects neurotoxin, dealing <magicDamage>{{ basedamage }} plus {{ humanpercenthealth }} current Health magic damage</magicDamage>.{{ spellmodifierdescriptionappend }}","['magic_damage', 'true_damage', 'percent_health_damage', 'enemy_targeted', 'no_cost', 'instant_cast', 'burst_tool']","Elise's Human Form ability deals magic and true damage based on the target's remaining health, with no cost and an instant cast time, serving as a burst tool."
Elise,W,Volatile Spiderling / Skittering Frenzy,<keywordMajor>Human Form</keywordMajor>: Elise summons an explosive spider that moves to a location and explodes when it nears an enemy or after 3 seconds. The spider deals <magicDamage>{{ spell.elisehumanw:totaldamage }} magic damage</magicDamage>.{{ spellmodifierdescriptionappend }},"['aoe', 'skillshot', 'magic_damage', 'execute_damage', 'no_cost', 'cast_time', 'persistent_area_or_trap']",Elise summons an explosive spider that targets enemies and deals magic damage upon explosion or after a delay.
Elise,E,Cocoon / Rappel,"<keywordMajor>Human Form</keywordMajor>: Elise fires a cocoon, <status>Stunning</status> and revealing the first enemy hit for {{ stunduration }} seconds.{{ spellmodifierdescriptionappend }}","['stun', 'reveal', 'enemy_targeted', 'skillshot', 'hard_cc']",Elise fires a cocoon that stuns and reveals the first enemy hit.
Elise,R,Spider Form,"<keywordMajor>Human Form</keywordMajor>: Elise transforms into a menacing spider, becoming melee, gaining access to <keywordMajor>Spider Form</keywordMajor> Abilities and summons all dormant <keywordMajor>Spiderlings</keywordMajor>.{{ spellmodifierdescriptionappend }}","['pet_or_summon', 'self_cast', 'ally_targeted', 'ground_targeted', 'level_scaling', 'ultimate_cooldown', 'combo_starter', 'combo_finisher', 'self_setup', 'followup_only', 'instant_cast']","Elise transforms into a spider, gaining access to Spider Form abilities and summoning Spiderlings. This ability is a key part of her ultimate and can be used as both a starter and finisher in combos."
Evelynn,Passive,Demon Shade,"When out of combat, Evelynn enters Demon Shade. Demon Shade heals Evelynn when she is low on health and grants Camouflage after level 6.","['passive_ability', 'self_heal', 'invisibility', 'camoflauge', 'stealth']","Evelynn's passive ability allows her to enter Demon Shade, which heals her when low on health and provides Camouflage at level 6, granting invisibility."
Evelynn,Q,Hate Spike,"Evelynn strikes with her Lasher, dealing <magicDamage>{{ missiledamage }} magic damage</magicDamage> to the first enemy hit and causing Evelynn's next 3 Attacks or Abilities on that unit to deal an additional <magicDamage>{{ totalbonusdamage }} magic damage</magicDamage>. Evelynn can <recast>Recast</recast> this Ability up to {{ qstackcount }} times.<br /><br /><recast>Recast:</recast> Evelynn fires spikes through the nearest enemy, dealing <magicDamage>{{ missiledamage }} magic damage</magicDamage> to all enemies hit.{{ spellmodifierdescriptionappend }}","['magic_damage', 'aoe', 'skillshot', 'enemy_targeted', 'recast', 'ultimate_cooldown', 'combo_starter', 'combo_finisher']","Evelynn's Lasher ability deals magic damage to the first enemy hit and provides an additional damage buff to her next 3 attacks or abilities on that unit. The ability can be recast up to a certain number of times, with each recast dealing magic damage to all enemies in its path."
Evelynn,W,Allure,"Evelynn marks a champion or monster for 5 seconds. If Evelynn hits the target with an Attack or Ability, she will expunge the mark, refund its cost, and <status>Slow</status> the target by {{ slowamount*100 }}% for {{ slowduration }} seconds.<br /><br />If the mark lasts at least 2.5 seconds, expunging it has extra effects:<li>Against champions: <status>Charms</status> them for {{ charmduration }} second(s) and removes <scaleMR>{{ mrshred*100 }}% Magic Resist</scaleMR> for {{ shredduration }} seconds.<li>Against monsters: <status>Charms</status> them for {{ monstercharm }} seconds and deals <magicDamage>{{ monsterdamagetotaltooltip }} magic damage</magicDamage>.{{ spellmodifierdescriptionappend }}","['enemy_targeted', 'slow', 'charm', 'magic_damage', 'level_scaling', 'ultimate_cooldown', 'combo_finisher', 'self_setup']","Marks a target for 5 seconds, applying slow and charm effects if the mark lasts long enough."
Evelynn,E,Whiplash,"Evelynn whips an enemy, dealing <magicDamage>{{ basedamage }} plus {{ percenthealthbasetooltip }} max Health magic damage</magicDamage>. Evelynn gains <speed>{{ speedamount*100 }}% Move Speed</speed> for {{ speedduration }} seconds.<br /><br />Entering <keywordMajor>Demon Shade</keywordMajor> refreshes this Ability's cooldown and empowers it. When this Ability is empowered, Evelynn dashes to the target and deals <magicDamage>{{ empowereddamage }} plus {{ percenthealthempoweredtooltip }} max Health magic damage</magicDamage> to her target and everyone she passes through instead.{{ spellmodifierdescriptionappend }}","['magic_damage', 'move_speed_buff', 'self_cast', 'enemy_targeted', 'level_scaling', 'ultimate_cooldown', 'engage_tool', 'burst_tool']","Evelynn's Demon Shred ability deals magic damage and provides movement speed buff on cast. It can be empowered by entering Demon Shade, which increases its damage and changes the effect to a dash with area-of-effect damage."
Evelynn,R,Last Caress,"Evelynn unleashes her demonic energy, dealing heavy damage, becoming Untargetable and teleporting backwards. She deals <magicDamage>{{ damage }} magic damage</magicDamage>, increased to <magicDamage>{{ critdamage }}</magicDamage> against enemies below <healing>30% Health</healing>. Upon cast, set Demon Shade to a 1.25 second cooldown.{{ spellmodifierdescriptionappend }}","['magic_damage', 'untargetable', 'displacement_pull_or_push', 'self_cast', 'low_cooldown', 'ultimate_cooldown', 'combo_finisher', 'anti_squishy']","Evelynn casts an ability that deals magic damage and becomes untargetable while teleporting backwards, making it effective against squishy targets as a combo finisher."
Ezreal,Passive,Rising Spell Force,"Ezreal gains increasing Attack Speed each time he successfully hits a spell, stacking up to 5 times.","['attack_speed_debuff', 'level_scaling', 'self_cast', 'passive_ability', 'ad_scaling']","Ezreal's passive ability increases his attack speed based on successful hits, scaling with his level and AD."
Ezreal,Q,Mystic Shot,"Ezreal fires a bolt of energy, dealing <physicalDamage>{{ damage }} physical damage</physicalDamage> to the first enemy hit and reducing his Ability Cooldowns by {{ cdrefund }} seconds.{{ spellmodifierdescriptionappend }}","['physical_damage', 'no_damage', 'cooldown_reduction', 'single_target', 'instant_cast', 'enemy_targeted']",Ezreal's ability deals physical damage to the first enemy hit and reduces his own cooldowns.
Ezreal,W,Essence Flux,"Ezreal fires a magical orb that sticks to the first champion, structure, or epic jungle monster hit for {{ detonationtimeout }} seconds. If Ezreal hits that target with an Attack or Ability, it detonates, dealing <magicDamage>{{ damage }} magic damage</magicDamage>. Detonating with an Ability refunds the Mana cost of that Ability plus <scaleMana>{{ manareturn }} Mana</scaleMana>.{{ spellmodifierdescriptionappend }}","['aoe', 'enemy_targeted', 'magic_damage', 'sustain_over_time', 'ultimate_cooldown', 'engage_tool', 'poke_tool', 'waveclear_tool', 'objective_control_tool']",Ezreal's ultimate ability creates a sticky orb that deals magic damage over time and can be detonated for additional damage and mana refund.
Ezreal,E,Arcane Shift,"Ezreal teleports then fires a bolt at the nearest enemy, dealing <magicDamage>{{ damage }} magic damage</magicDamage>. The bolt prioritizes enemies affected by <spellName>Essence Flux</spellName>.{{ spellmodifierdescriptionappend }}","['magic_damage', 'targeted', 'skillshot', 'enemy_targeted', 'combo_finisher']","Ezreal teleports and fires a magic damage bolt at the nearest enemy, prioritizing those affected by Essence Flux."
Ezreal,R,Trueshot Barrage,Ezreal fires a massive energy arc that deals <magicDamage>{{ damage }} magic damage</magicDamage>. The arc deals {{ damagereductionwaveclear.0*100 }}% damage to minions and non-epic jungle monsters.{{ spellmodifierdescriptionappend }},"['magic_damage', 'aoe', 'waveclear_tool', 'minion_only', 'cannot_hit_structures']",Ezreal's ability deals magic damage in an area effect to minions and non-epic jungle monsters.
Fiddlesticks,Passive,A Harmless Scarecrow,Fiddlesticks' trinket is replaced by scarecrow effigies.,"['trap', 'ground_targeted', 'no_damage', 'self_cast', 'ultimate_cooldown', 'engage_tool', 'objective_control_tool']",Fiddlesticks can place scarecrow effigies on the ground to control objectives and engage enemies.
Fiddlesticks,Q,Terrify,"<spellPassive>Passive:</spellPassive> While unseen and out of combat or impersonating an <keywordMajor>Effigy</keywordMajor>, damaging an enemy with an ability <status>Fears</status> them for {{ fearduration }} second(s).<br /><br /><spellActive>Active:</spellActive> <status>Fear</status> an enemy for {{ fearduration }} second(s) and deal <magicDamage>{{ totalpercenthealthdamage }} current Health magic damage</magicDamage>. If the target has recently been <status>Feared</status> by Fiddlesticks, instead deal <magicDamage>{{ totalpercenthealthdamagefeared }} current Health magic damage</magicDamage>.<br />{{ spellmodifierdescriptionappend }}","['soft_cc', 'fear_or_taunt_or_charm', 'magic_damage', 'percent_health_damage', 'enemy_targeted', 'active_passive', 'ultimate_cooldown', 'combo_finisher']","Fiddlesticks' passiveFear causes enemies to fear when unseen, while the activeFear fear and deals percentage health magic damage, with increased damage if recently feared. The active can be used as a finisher in a combo."
Fiddlesticks,W,Bountiful Harvest,"Fiddlesticks channels and drains the souls of nearby enemies, dealing <magicDamage>{{ draindamagecalc }} magic damage</magicDamage> per second for 2 seconds, plus <magicDamage>{{ percentfortooltip }}% missing Health magic damage</magicDamage> at the end. Fiddlesticks restores <healing>{{ vamppercentage }}% of damage as Health</healing>.<br /><br />If Fiddlesticks ends the channel without interruption, the remaining Cooldown is reduced by 60%.<br />{{ spellmodifierdescriptionappend }}","['magic_damage', 'damage_over_time', 'percent_health_damage', 'self_heal', 'sustain_over_time', 'mana_cost', 'low_cooldown', 'ultimate_cooldown', 'poke_tool', 'combo_finisher']","Fiddlesticks channels to drain nearby enemies' souls, dealing magic damage over time and additional percentage-based damage at the end. Heals Fiddlesticks based on the damage dealt."
Fiddlesticks,E,Reap,"Fiddlesticks unleashes dark magic, dealing <magicDamage>{{ damage }} magic damage</magicDamage> and <status>Slowing</status> by {{ slowamount*-100 }}% for {{ silenceduration }} seconds. Enemies in the center are also <status>Silenced</status> for the duration.{{ spellmodifierdescriptionappend }}","['magic_damage', 'slow', 'silence', 'aoe', 'enemy_targeted']",Fiddlesticks' Dark Wind deals magic damage and applies slow and silence to enemies in an area.
Fiddlesticks,R,Crowstorm,"Fiddlesticks channels for {{ channeltime }} seconds, then teleports and unleashes a murder of crows, dealing <magicDamage>{{ totaldamage }} magic damage</magicDamage> over {{ duration }} seconds.{{ spellmodifierdescriptionappend }}","['aoe', 'magic_damage', 'damage_over_time', 'channeled', 'ultimate_cooldown', 'combo_finisher', 'engage_tool', 'waveclear_tool', 'objective_control_tool']",Fiddlesticks channels to teleport and unleash a murder of crows that deal magic damage over time to enemies in an area.
Fiora,Passive,Duelist's Dance,"Fiora has revealed a <keywordMajor>Vital</keywordMajor> on this Champion. If she hits the <keywordMajor>Vital</keywordMajor>, she <healing>restores Health</healing> and gains <speed>Move Speed</speed>.","['ally_heal', 'self_setup', 'self_heal', 'mobility_reposition', 'heal_reduction', 'health_or_resists_scaling', 'level_scaling']","Fiora's ability provides healing and movement speed to herself when hitting a Vital target, scaling with her level."
Fiora,Q,Lunge,"Fiora lunges in a direction and stabs the closest enemy, ward, or structure, dealing <physicalDamage>{{ totaldamage }} physical damage</physicalDamage>. The strike will prioritize <keywordMajor>Vitals</keywordMajor> and enemies it will kill.<br /><br />If Fiora strikes an enemy, this Ability's Cooldown is reduced by {{ cdrefundpercent*100 }}%.{{ spellmodifierdescriptionappend }}","['enemy_targeted', 'skillshot', 'physical_damage', 'instant_cast', 'low_cooldown', 'combo_finisher']","Fiora's ability allows her to instantly stab the closest enemy, ward, or structure, dealing physical damage and reducing the ability's cooldown upon hitting an enemy."
Fiora,W,Riposte,"Fiora parries all incoming damage, disables, and negative effects for {{ parryduration }} seconds, then stabs. The stab deals <magicDamage>{{ stabdamage }} magic damage</magicDamage> to the first champion hit and <status>Slows</status> <speed>Move Speed</speed> by {{ msslowpercent*-100 }}%<attackSpeed> and Attack Speed by {{ attackslowpercent*-100 }}% </attackSpeed> for {{ ccduration }} seconds. If Fiora parries an <status>Immobilizing</status> effect, the stabbed enemy is <status>Stunned</status> rather than <status>Slowed</status>.{{ spellmodifierdescriptionappend }}","['magic_damage', 'slow', 'attack_speed_debuff', 'stun', 'no_damage', 'self_cast', 'combo_finisher', 'ultimate_cooldown', 'engage_tool', 'anti_squishy']","Fiora's ultimate ability parries incoming damage and disables enemies, then stabs the first champion hit, slowing their movement and attack speed or stunning them if the parry included an immobilizing effect."
Fiora,E,Bladework,Fiora gains <attackSpeed>{{ aspercent*100 }}% Attack Speed</attackSpeed> for her next two Attacks. The first Attack <status>Slows</status> by {{ slowpercent*-100 }}% for {{ slowduration }} second. The second Attack always critically strikes for <physicalDamage>{{ attacktwopercenttad*100 }}% damage</physicalDamage>.{{ spellmodifierdescriptionappend }},"['self_cast', 'attack_speed_debuff', 'critical_strike', 'slow', 'combo_starter', 'combo_finisher']","Fiora's ability increases her attack speed and provides a slow on the first attack and a critical strike on the second attack, serving as both a combo starter and finisher."
Fiora,R,Grand Challenge,"<spellPassive>Passive:</spellPassive> <spellName>Duelist's Dance</spellName> <speed>Move Speed</speed> bonus is increased to {{ percentms*100 }}%.<br /><br /><spellActive>Active:</spellActive> Fiora reveals all four <keywordMajor>Vitals</keywordMajor> on a champion for a max of <trueDamage>{{ spell.fiorapassive:rdamagetotal }} max Health true damage</trueDamage> and gains <spellName>Duelist's Dance's</spellName> <speed>Move Speed</speed> bonus while near the target.<br /><br />If Fiora strikes all four <keywordMajor>Vitals</keywordMajor> within {{ markduration }} seconds or if the target dies after she has hit at least one, Fiora restores <healing>{{ healpersecondcalc }} Health per second</healing> to surrounding allied champions for {{ healduration }} seconds.{{ spellmodifierdescriptionappend }}","['active', 'ultimate_cooldown', 'true_damage', 'heal_reduction', 'ally_heal', 'sustain_over_time', 'combo_finisher', 'self_targeted', 'ground_targeted']","Fiora's active ability reveals an enemy champion, deals true damage based on their maximum health, and if certain conditions are met, provides healing to nearby allies over time."
Fizz,Passive,Nimble Fighter,Fizz can move through units and takes a flat amount of reduced damage from all sources,"['melee_range', 'damage_reduction_buff', 'self_cast', 'reduces_damage_from_all_sources', 'cannot_hit_structures']","Fizz's ability allows him to move through units while taking reduced damage from all sources, but he cannot hit structures with it."
Fizz,Q,Urchin Strike,"Fizz dashes through an enemy, dealing <physicalDamage>{{ totaldamage }} physical damage</physicalDamage> plus <magicDamage>{{ qdamage }} magic damage</magicDamage>.{{ spellmodifierdescriptionappend }}","['melee_range', 'physical_damage', 'magic_damage', 'aoe', 'skillshot', 'targeted', 'instant_cast', 'burst_tool', 'engage_tool', 'combo_starter']","Fizz's Q ability allows him to dash through enemies, dealing both physical and magic damage in an area."
Fizz,W,Seastone Trident,"<spellPassive>Passive</spellPassive>: Fizz's Attacks cause his enemies to bleed, dealing <magicDamage>{{ dotdamage }} magic damage</magicDamage> over {{ bleedduration }} seconds. <br /><br /><spellActive>Active</spellActive>: Fizz's next Attack deals an additional <magicDamage>{{ activedamage }} magic damage</magicDamage>. If this Attack kills its target, Fizz refunds <scaleMana>{{ onkillmanarefund }} Mana</scaleMana> and reduces the cooldown of this Ability to {{ onkillnewcooldown }} second. If it does not kill, Fizz's Attacks deal an additional <magicDamage>{{ onhitbuffdamage }} magic damage</magicDamage> for {{ onhitbuffduration }} seconds.{{ spellmodifierdescriptionappend }}","['magic_damage', 'damage_over_time', 'active_ability', 'instant_cast', 'on_kill_effect', 'buff_debuff', 'medium_cooldown']","Fizz's passive causes enemies to bleed, dealing magic damage over time. The active ability increases the next attack's damage and provides additional damage for a duration if the attack kills the target, with a cooldown reduction and mana refund."
Fizz,E,Playful / Trickster,"Fizz hops onto his trident, becoming Untargetable for 0.75 seconds, after which he deals <magicDamage>{{ edamage }} magic damage</magicDamage> to nearby enemies and <status>Slows</status> them by {{ slowamount*100 }}% for {{ slowduration }} seconds. <br /><br />Fizz can <recast>Recast</recast> this Ability while Untargetable to dash again, which ends the effect early, deals damage in a smaller area, and doesn't <status>Slow</status>.{{ spellmodifierdescriptionappend }}","['aoe', 'skillshot', 'untargetable', 'slow', 'self_cast', 'recast', 'instant_cast']","Fizz becomes untargetable and deals magic damage and slows nearby enemies, with the ability to recast for an instant slow in a smaller area."
Fizz,R,Chum the Waters,"Fizz launches a fish that attaches to the first champion hit. The victim is afflicted with <keywordStealth>True Sight</keywordStealth> and <status>Slowed</status> by between 40% to 80% based on how far the fish travelled before attaching. <br /><br />After {{ detonationtime }} seconds a shark erupts on the target, <status>Knocking Up</status> the target with the fish for 1 second, <status>Knocking Back</status> everything else, and dealing between <magicDamage>{{ smallsharkdamage }} to {{ bigsharkdamage }} magic damage</magicDamage> based on how far the fish travelled before attaching.{{ spellmodifierdescriptionappend }}","['aoe', 'enemy_targeted', 'skillshot', 'slow', 'knockup_or_knockback', 'true_damage', 'ultimate_cooldown', 'engage_tool', 'combo_finisher']","Fizz's ultimate ability launches a fish that attaches to an enemy champion, slowing them and then after a delay, a shark erupts causing knockups and damage to the target and knockbacks to nearby enemies."
Galio,Passive,Colossal Smash,"Every few seconds, Galio's next basic attack deals bonus magic damage in an area.","['aoe', 'magic_damage', 'skillshot', 'periodic', 'medium_cooldown']",Galio's basic attacks deal additional area-of-effect magic damage every few seconds.
Galio,Q,Winds of War,"Galio fires two windblasts that deal <magicDamage>{{ qmissiledamage }} magic damage</magicDamage> each. When the windblasts meet, they combine into a tornado that deals <magicDamage>{{ percentsuperqdamagett }}% max Health magic damage</magicDamage> over {{ superqduration }} seconds.{{ spellmodifierdescriptionappend }}","['magic_damage', 'aoe', 'skillshot', 'combo_starter', 'combo_finisher', 'ultimate_cooldown', 'damage_over_time', 'percent_health_damage', 'global_range', 'ap_scaling', 'ultimate']",Galio's Q ability launches two windblasts that can be combined into a damaging tornado over time.
Galio,W,Shield of Durand,"<spellPassive>Passive:</spellPassive> Galio gains a <shield>{{ totalpassiveshield }} Magic Shield</shield> after not taking damage for {{ passiveshieldooctimer }} seconds.<br /><br /><charge>Begin Charging:</charge> Galio reduces incoming magic damage by {{ magicdamagereduction }} and incoming physical damage by {{ physicaldamagereduction }} and <status>Slows</status> himself by {{ e3 }}%.<br /><br /><release>Release:</release> Galio <status>Taunts</status> enemy champions for between {{ e4 }} to {{ e7 }} seconds, deals between <magicDamage>{{ mintotaldamage }}</magicDamage> and <magicDamage>{{ maxtotaldamage }} magic damage</magicDamage>, and refreshes the damage reduction for {{ e8 }} seconds. Taunt duration, damage, and range increase with charge time.{{ spellmodifierdescriptionappend }}","['shield', 'magic_damage', 'taunt', 'slow', 'damage_reduction_buff', 'level_scaling', 'ultimate_cooldown', 'combo_finisher', 'self_setup']","Galio's passive provides a magic shield, while his ultimate taunts enemies, deals magic damage, and refreshes damage reduction over time."
Galio,E,Justice Punch,"Galio lunges forward with a mighty blow, <status>Knocking Up</status> for {{ knockupduration }} seconds and dealing <magicDamage>{{ totaldamage }} magic damage</magicDamage> to the first champion hit. Other enemies in the way take <magicDamage>{{ pvedamage }} magic damage</magicDamage>.<br /><br />Galio's dash stops on hitting terrain.{{ spellmodifierdescriptionappend }}","['skillshot', 'targeted', 'knockup_or_knockback', 'magic_damage', 'aoe']","Galio dashes forward, knocking up the first champion hit and dealing magic damage. Nearby enemies also take damage."
Galio,R,Hero's Entrance,"Galio designates an allied champion's position as his landing spot, granting all allied champions in the area <spellName>Shield of Durand's</spellName> passive <shield>Shield</shield> for {{ temporarywshieldduration }} seconds. Galio then flies to his landing zone.<br /><br />When Galio lands, he <status>Knocks Up</status> for {{ stundurationouter }} seconds and deals <magicDamage>{{ totaldamage }} magic damage</magicDamage>.{{ spellmodifierdescriptionappend }}","['ally_heal', 'shield', 'knockup_or_knockback', 'magic_damage', 'ultimate_cooldown', 'engage_tool', 'team_utility']","Galio designates an allied champion's position, providing shields to nearby allies before knocking them up and dealing magic damage upon landing."
Gangplank,Passive,Trial by Fire,"Every few seconds, Gangplank's melee strike will set his opponent on fire.","['aoe', 'damage_over_time', 'skillshot', 'single_target', 'burn', 'level_scaling']","Gangplank's melee strike sets his target on fire, dealing damage over time. The effect scales with Gangplank's level."
Gangplank,Q,Parrrley,{{Spell_GangplankQWrapper_Tooltip_{{ gamemodeinteger }}}}{{ spellmodifierdescriptionappend }},"['self_cast', 'skillshot', 'single_target', 'ad_scaling', 'medium_cooldown', 'engage_tool', 'combo_starter']","A self-cast skillshot that deals physical damage to a single target, scaling with attack damage and has moderate cooldown, useful for engaging and starting combos."
Gangplank,W,Remove Scurvy,"Gangplank consumes a large amount of citrus fruit, removing all <status>Disabling</status> effects and restoring <healing>{{ basehealth }} plus {{ e2 }}% missing Health</healing>.{{ spellmodifierdescriptionappend }}","['self_heal', 'heal_reduction', 'percent_health_damage', 'self_cast', 'sustain_over_time', 'combo_finisher']","Gangplank removes disabling effects and heals based on missing health, providing a strong self-sustain mechanic."
Gangplank,E,Powder Keg,"Gangplank places a powder keg that can be attacked by Gangplank and enemy champions for {{ e5 }} seconds. When an enemy destroys it, the keg is defused. When Gangplank destroys it, it explodes, <status>Slowing</status> by {{ finalslowamount }}% for {{ e2 }} seconds and dealing the <physicalDamage>Attack's damage</physicalDamage>, ignoring {{ e0 }}% Armor. Champions take an additional <physicalDamage>{{ e3 }} physical damage</physicalDamage>.<br /><br />Keg health decays every {{ barreldecaytime }} seconds. Keg explosions detonate other kegs with overlapping blast zones, but don't deal damage to the same target more than once. Keg explosions triggered by <spellName>Parrrley</spellName> will grant the bonus gold for targets killed.{{ spellmodifierdescriptionappend }}","['aoe', 'ground_targeted', 'skillshot', 'damage_reduction_buff', 'damage_over_time', 'combo_starter', 'combo_finisher', 'ultimate_cooldown', 'engage_tool', 'waveclear_tool', 'objective_control_tool']","Gangplank's Powder Keg ability creates a ground-targeted skillshot that deals physical damage and slows enemies when destroyed. It can be defused by enemy attacks and explodes when destroyed by Gangplank, affecting nearby kegs. The ability serves as both a combo starter and finisher with ultimate cooldown."
Gangplank,R,Cannon Barrage,Gangplank signals his ship to fire {{ totalwavestooltip }} waves of cannonballs anywhere on the map over {{ zoneduration }} seconds. Each wave <status>Slows</status> by {{ slowpercent }}% for {{ slowduration }} seconds and deals <magicDamage>{{ onewavedamage }} magic damage</magicDamage>. Maximum damage: {{ totaldamagetooltip }}<br /><br />This Ability can be upgraded in the shop via <spellName>Parrrley</spellName>.<br /><br /><spellName>Fire at Will</spellName>: Fires 6 additional waves of cannonballs.<br /><spellName>Death's Daughter</spellName>: Fires a Mega-Cannonball that deals <trueDamage>{{ deathsdaughterdamage }} true damage</trueDamage> and <status>Slows</status> by {{ deathsdaughterslow }}% for {{ deathsdaughterslowduration }} second.<br /><spellName>Raise Morale</spellName>: Allies inside Cannon Barrage gain <speed>{{ raisemoralehaste }}% Move Speed</speed> for {{ raisemoralehasteduration }} seconds.{{ spellmodifierdescriptionappend }},"['aoe', 'magic_damage', 'slow', 'ultimate_cooldown', 'waveclear_tool', 'zoning_tool', 'objective_control_tool', 'team_utility']","Gangplank's ultimate ability fires waves of cannonballs over a duration, slowing enemies and dealing magic damage. It can be upgraded to increase the number of waves, add true damage, and provide movement speed to allies."
Garen,Passive,Perseverance,"If Garen has not recently been struck by damage or enemy abilities, he regenerates a percentage of his total health each second.","['passive_ability', 'sustain_over_time', 'health_or_resists_scaling', 'level_scaling']","Garen passively regenerates health over time based on his remaining health, scaling with his level."
Garen,Q,Decisive Strike,Garen removes all <status>Slowing</status> effects on him and gains <speed>{{ movementspeedamount*100 }}% Move Speed</speed> for {{ movementspeedduration }} second(s).<br /><br />His next Attack <status>Silences</status> for {{ silenceduration }} seconds and does <physicalDamage>{{ totaldamage }} physical damage</physicalDamage>.{{ spellmodifierdescriptionappend }},"['self_cast', 'self_heal', 'speed_buff', 'silence', 'physical_damage', 'instant_cast']",Garen removes slowing effects on himself and gains movement speed while silencing his next attack target and dealing physical damage.
Garen,W,Courage,"<spellPassive>Passive:</spellPassive> Garen has <scaleArmor>{{ resistsfortooltip }} bonus Armor</scaleArmor> and <scaleMR>{{ resistsfortooltip }} bonus Magic Resist</scaleMR>. Killing units permanently grants <attention>{{ resistgainonkilltooltip }} resists</attention>, up to a max of <attention>{{ resistmax }}</attention>.<br /><br /><spellActive>Active:</spellActive> Garen steels his courage for {{ drduration }} seconds, reducing incoming damage by {{ drpercent*100 }}%. He also gains <shield>{{ totalshield }} Shield</shield> and <slow>{{ upfronttenacity*100 }}% Tenacity</slow> for {{ upfrontduration }} seconds.{{ spellmodifierdescriptionappend }}","['passive_ability', 'armor', 'magic_resist', 'resistances_buff', 'shield', 'tenacity', 'self_setup']","Garen's passive provides bonus armor and magic resist, while his active reduces incoming damage and grants shield and tenacity."
Garen,E,Judgment,"Garen rapidly spins his sword for {{ duration }} seconds, dealing <physicalDamage>{{ totaldamage }} physical damage</physicalDamage> {{ f1 }} times over the duration. The nearest enemy takes <physicalDamage>{{ nearestenemybonus*100 }}% increased damage</physicalDamage>. Champions hit by {{ stackstoshred }} strikes lose <scaleArmor>{{ shredamount*100 }}% Armor</scaleArmor> for {{ shredduration }} seconds.<br /><br /><recast>Recast</recast>: Garen ends this Ability early.{{ spellmodifierdescriptionappend }}","['physical_damage', 'damage_over_time', 'aoe', 'skillshot', 'enemy_targeted', 'level_scaling', 'ad_scaling', 'armor_shred']","Garen's rapid spinning sword deals physical damage over time to enemies in an area, with increased damage to the nearest target and armor shred on hit."
Garen,R,Demacian Justice,"Garen calls upon the might of Demacia to slay his enemy, dealing <trueDamage>{{ basedamage }} plus {{ executedamage*100 }}% missing Health true damage</trueDamage>.{{ spellmodifierdescriptionappend }}","['true_damage', 'percent_health_damage', 'execute_damage', 'single_target']","Garen's ultimate ability deals true damage and execute damage as a percentage of the target's missing health, targeting a single enemy."
Gnar,Passive,Rage Gene,"While in combat Gnar generates Rage. At maximum Rage his next ability will transform him into Mega Gnar, granting increased survivability and access to new spells.","['passive_ability', 'level_scaling', 'ultimate_cooldown', 'combo_starter', 'combo_finisher', 'self_setup', 'frontline_durability']","Gnar's passive ability generates Rage in combat, which can be used to transform into Mega Gnar at maximum Rage, providing increased survivability and new spells."
Gnar,Q,Boomerang Throw / Boulder Toss,"<keywordMajor>Mini Gnar:</keywordMajor> Gnar throws a boomerang that deals <physicalDamage>{{ spell.gnarq:minitotaldamage }} physical damage</physicalDamage> and <status>Slows</status> by {{ spell.gnarq:slowamount*100 }}% for {{ spell.gnarq:slowduration }} seconds. The boomerang returns after hitting an enemy, dealing reduced damage to subsequent targets. Each enemy can only be hit once. Catching the boomerang reduces its Cooldown by {{ spell.gnarq:minicdrefund*100 }}%.{{ spellmodifierdescriptionappend }}","['physical_damage', 'slow', 'aoe', 'skillshot', 'targeted', 'low_cooldown', 'combo_finisher']","Gnar throws a boomerang that deals physical damage and slows enemies, returning to him after hitting an enemy and dealing reduced damage to subsequent targets. Catching the boomerang reduces its cooldown."
Gnar,W,Hyper / Wallop,<keywordMajor>Mini Gnar Passive:</keywordMajor> Every third Attack or Ability on the same enemy deals an additional <magicDamage>{{ spell.gnarw:minitotaldamage }} plus {{ spell.gnarw:minipercenthpdamage*100 }}% max Health magic damage</magicDamage> and grants <speed>{{ spell.gnarr:rhypermovementspeedpercent }}% Move Speed</speed> decaying over {{ spell.gnarw:minihasteduration }} seconds.{{ spellmodifierdescriptionappend }},"['magic_damage', 'no_damage', 'damage_over_time', 'self_cast', 'level_scaling', 'ad_scaling', 'mana_cost', 'ultimate_cooldown', 'engage_tool', 'combo_starter', 'combo_finisher', 'self_setup', 'followup_only', 'instant_cast']","Gnar's passive ability deals additional magic damage and provides movement speed to himself based on the target's max health, scaling with level and AD. It can be used as both a starter and finisher in combos, and has a low cooldown."
Gnar,E,Hop / Crunch,"<keywordMajor>Mini Gnar:</keywordMajor> Gnar leaps, gaining <attackSpeed>{{ spell.gnare:minibas*100 }}% Attack Speed</attackSpeed> for {{ spell.gnare:miniasduration }} seconds. If Gnar lands on a unit he will bounce off it, traveling further. Bouncing off an enemy deals <physicalDamage>{{ spell.gnare:minitotaldamage }} physical damage</physicalDamage> and briefly <status>Slows</status> by {{ spell.gnare:movespeedmod*-100 }}%.{{ spellmodifierdescriptionappend }}","['self_cast', 'mobility_reposition', 'attack_speed_debuff', 'aoe', 'skillshot', 'bounce', 'physical_damage', 'slow']",Gnar leaps to deal physical damage and slow enemies in a skillshot with a chance to bounce and apply slow on impact.
Gnar,R,GNAR!,"<keywordMajor>Mini Gnar Passive:</keywordMajor> Increase <spellName>Hyper's</spellName> <speed>Move Speed</speed>.<br /><br /><keywordMajor>Mega Gnar:</keywordMajor> Gnar tosses nearby enemies, dealing <physicalDamage>{{ damage }} physical damage</physicalDamage>, <status>Knocking Back</status>, and <status>Slowing</status> them by {{ rslowpercent }}% for {{ rccduration }} seconds. Enemies that hit a wall instead take <physicalDamage>{{ walldamage }} physical damage</physicalDamage> and are <status>Stunned</status>.{{ spellmodifierdescriptionappend }}","['enemy_targeted', 'aoe', 'skillshot', 'knockup_or_knockback', 'slow', 'ultimate_cooldown', 'engage_tool', 'anti_squishy']","Mega Gnar tosses nearby enemies, dealing physical damage, knocking them back, and slowing their movement speed. Hitting a wall stuns the enemies."
Gragas,Passive,Happy Hour,Gragas periodically heals upon using a skill.,"['passive_ability', 'self_heal', 'sustain_over_time']",Gragas passively regenerates health over time when using skills.
Gragas,Q,Barrel Roll,"Gragas rolls a cask that explodes after {{ e4 }} seconds, dealing between <magicDamage>{{ mindamage }} magic damage</magicDamage> and <magicDamage>{{ maxdamage }} magic damage</magicDamage> and <status>Slowing</status> for between {{ e2 }} and {{ effect2amount*1.5 }}% for {{ e3 }} seconds. The damage and <status>Slow</status> increase with time the cask spent before exploding. <br /><br />Gragas can <recast>Recast</recast> to detonate the cask early.{{ spellmodifierdescriptionappend }}","['aoe', 'magic_damage', 'slow', 'skillshot', 'targeted', 'recast', 'duration_based_damage_increase']","Gragas throws a cask that explodes after a delay, dealing magic damage and slowing the target. The cask can be detonated early by Gragas, and the damage and slow increase over time."
Gragas,W,Drunken Rage,"Gragas samples his brew, reducing incoming damage by {{ damagereduction }} for {{ defenseduration }} seconds and empowering his next Attack to deal an additional <magicDamage>{{ totaldamage }}</magicDamage> plus <magicDamage>{{ maxhppercentdamage }}% max Health magic damage</magicDamage> to the target and surrounding enemies.{{ spellmodifierdescriptionappend }}","['passive_ability', 'damage_reduction_buff', 'self_heal', 'magic_damage', 'aoe', 'sustain_over_time']","Gragas passively reduces incoming damage and heals himself, with a powerful attack that deals magic damage to the target and surrounding enemies based on max health."
Gragas,E,Body Slam,"Gragas charges forward, colliding with the first enemy, <status>Knocking Up</status> nearby enemies for {{ stunduration }} second and dealing <magicDamage>{{ totaldamage }} magic damage</magicDamage> to them.<br /><br />This Ability's Cooldown is reduced by {{ cooldownrefund*100 }}% if Gragas collides with an enemy.{{ spellmodifierdescriptionappend }}","['skillshot', 'target', 'knockup_or_knockback', 'magic_damage', 'aoe', 'low_cooldown', 'engage_tool', 'combo_finisher']","Gragas charges forward, knocking up the first enemy and nearby enemies, dealing magic damage."
Gragas,R,Explosive Cask,"Gragas hurls his cask, dealing <magicDamage>{{ damagedone }} magic damage</magicDamage> and <status>Knocking Away</status> enemies from the impact zone.{{ spellmodifierdescriptionappend }}","['magic_damage', 'aoe', 'knockup_or_knockback', 'enemy_targeted', 'skillshot']","Gragas throws his cask at enemies, dealing magic damage and knocking them away."
Graves,Passive,New Destiny,"Graves' shotgun has some unique properties. He must reload when he runs out of ammo. Attacks fire 4 bullets, which cannot pass through units. Non-champions struck by multiple bullets are knocked back.","['aoe', 'bullet_damage', 'knockback', 'reload', 'non_champion_targeted', 'multiple_hits', 'skillshot']",Graves fires a skillshot that deals damage to up to 4 targets and can knock them back if hit by multiple bullets. The ability requires reloading after running out of ammo.
Graves,Q,End of the Line,"Graves fires a powder round dealing <physicalDamage>{{ totaldamage }} physical damage</physicalDamage>. After 1 second or after colliding with terrain, it detonates, dealing <physicalDamage>{{ totaldetonationdamage }} physical damage</physicalDamage> along the travel path again and to enemies near the blast.{{ spellmodifierdescriptionappend }}","['physical_damage', 'aoe', 'skillshot', 'burst_damage', 'instant_cast']","Graves fires a powder round that deals physical damage and explodes on impact or after 1 second, dealing additional damage in an area."
Graves,W,Smoke Screen,"Graves creates a cloud of black smoke for 4 seconds, <status>Slowing</status> enemies inside by {{ e2 }}% and blocking their vision outside the area. The initial impact deals <magicDamage>{{ impactdamage }} magic damage</magicDamage>.{{ spellmodifierdescriptionappend }}","['aoe', 'slow', 'vision_block', 'magic_damage', 'ultimate_cooldown', 'engage_tool', 'zoning_tool']","Graves creates a cloud of black smoke that slows and blocks vision for enemies within, while also dealing initial magic damage upon activation."
Graves,E,Quickdraw,Graves dashes and reloads one <keywordMajor>Shell</keywordMajor> into his shotgun. He also gains a stack for {{ buffduration }} seconds (max {{ maxstacks }} stacks) or two stacks if he dashes towards an enemy champion. Stacks grant him <scaleArmor>{{ armorperstack }} Armor</scaleArmor> and <scaleMR>{{ mrgrant }} Magic Resist</scaleMR>. Stacks are refreshed when damaging a non-minion.<br /><br />Each bullet hit from Graves' Attacks reduces this Ability's Cooldown by {{ cooldownperhit }} seconds.{{ spellmodifierdescriptionappend }},"['self_cast', 'offensive_stat_buff', 'armor_shred', 'mr_shred', 'damage_reduction_buff', 'mana_cost', 'low_cooldown', 'combo_starter', 'combo_finisher']","Graves' reload ability provides armor and magic resist on hit, with reduced cooldown based on damage dealt."
Graves,R,Collateral Damage,"Graves fires an explosive cartridge, blasting himself backwards. The cartridge deals <physicalDamage>{{ damage }} physical damage</physicalDamage> to the first enemy hit. After hitting an enemy champion or reaching the end of its range, the cartridge explodes outward, dealing <physicalDamage>{{ falloffdamage }} physical damage</physicalDamage>.{{ spellmodifierdescriptionappend }}","['aoe', 'burst_damage', 'physical_damage', 'skillshot', 'targeted']","Fires an explosive cartridge that deals damage to the first enemy hit and then explodes, dealing additional damage in an area."
Gwen,Passive,A Thousand Cuts,Gwen's attacks deal bonus magic damage based on the targets health. She heals for a portion of the damage dealt to champions by this effect. ,"['magic_damage', 'healing', 'damage_over_time', 'self_heal', 'percent_health_damage', 'enemy_targeted']",Gwen's attacks apply magic damage over time to enemies and heal her for a portion of the damage dealt.
Gwen,Q,Snip Snip!,"<spellPassive>Passive</spellPassive>: Gwen gains 1 stack when she hits an enemy with an attack (max 4, lasts {{ buffduration }} seconds).<br /><br /><spellActive>Active</spellActive>: Consumes stacks. Gwen snips once for <magicDamage>{{ miniswipedamage }} magic damage</magicDamage>, snips again for each ammo consumed, and then snips a final time for <magicDamage>{{ finalswipedamage }} magic damage</magicDamage>. <br /><br />The center of each strikes converts {{ truedamageconversion*100 }}% of the damage into <trueDamage>true damage</trueDamage> instead and applies <spellName>A Thousand Cuts</spellName> to enemies hit.<br /><rules><br />Deals {{ minionmod*100 }}% damage to minions.<br />Minions below {{ executethreshold*100 }}% health take {{ executebonus }}% bonus damage instead of reduced damage.</rules>{{ spellmodifierdescriptionappend }}","['active', 'magic_damage', 'true_damage', 'aoe', 'ground_targeted', 'ammo_or_charges', 'ultimate_cooldown', 'engage_tool', 'combo_finisher']","Gwen's active ability consumes stacks to deal multiple swipes of magic damage, with the center strike converting some damage to true damage and applying a debuff. The ability engages enemies and can be used as a combo finisher."
Gwen,W,Hallowed Mist,"Gwen summons the Hallowed Mist, making her Untargetable to all enemies (except towers) outside the zone for {{ zoneduration }} seconds or until she leaves it. While in the Mist, Gwen gains {{ totalresists }} <scaleArmor>Armor</scaleArmor> and <scaleMR>Magic Resist</scaleMR>.<br /><br />Gwen can <recast>Recast</recast> this Ability once to call the Mist to her. This will automatically <recast>Recast</recast> the first time Gwen attempts to leave the zone.{{ spellmodifierdescriptionappend }}","['trap', 'zone', 'invulnerability_or_stasis', 'self_cast', 'toggle_ability', 'resistances_buff', 'global_range', 'ultimate_cooldown', 'zoning_tool', 'self_setup']","Gwen creates a zone that makes her untargetable and provides resistances, which can be toggled and recast."
Gwen,E,Skip 'n Slash,"Gwen dashes and empowers her Attacks for {{ buffduration }} seconds.<br /><br />Empowered Attacks gain <attackSpeed>{{ bonusattackspeed }} Attack Speed</attackSpeed>, <magicDamage>{{ onhitdamage }} magic damage</magicDamage> %i:OnHit% <OnHit>On-Hit</OnHit>, {{ bonusattackrange }} range, and the first one to hit an enemy refunds {{ cdrefund*100 }}% of this Ability's Cooldown.{{ spellmodifierdescriptionappend }}","['self_cast', 'offensive_stat_buff', 'attack_speed_debuff', 'mana_cost', 'low_cooldown', 'ultimate_cooldown', 'engage_tool', 'combo_starter', 'combo_finisher', 'self_setup']","Gwen's ability enhances her attacks with increased speed, range, and magic damage, refunding cooldown on the first hit."
Gwen,R,Needlework,"<spellActive>First Cast:</spellActive> Hurl a needle that deals <magicDamage>{{ totaldamage }} magic damage</magicDamage>, <status>Slows</status> by {{ initialslow*-100 }}% for {{ debuffduration }} seconds, and applies <spellName>A Thousand Cuts</spellName> to all enemies hit. Gwen can <recast>Recast</recast> this ability up to 2 additional times within 6 seconds ({{ lockouttime }}s cooldown between casts).<br /><br /><recast>Second Cast:</recast> Fire three needles to deal <magicDamage>{{ totaldamage3 }} magic damage</magicDamage><br /><recast>Third Cast:</recast> Fire five needles to deal <magicDamage>{{ totaldamage5 }} magic damage</magicDamage>{{ spellmodifierdescriptionappend }}","['magic_damage', 'slow', 'aoe', 'recast', 'instant_cast', 'ultimate_cooldown']","Gwen's Q ability deals magic damage and applies a slow effect to enemies hit, with the ability to recast it up to two more times within 6 seconds."
Hecarim,Passive,Warpath,Hecarim gains Attack Damage equal to a percentage of his bonus Move Speed.,"['ad_scaling', 'level_scaling', 'movement_speed_buff', 'offensive_stat_buff']",Hecarim's Attack Damage scales with his bonus Move Speed and level.
Hecarim,Q,Rampage,"Hecarim cleaves nearby enemies for <physicalDamage>{{ damage }} physical damage</physicalDamage>. If this Ability hits, he gains a stack that decreases its Cooldown by {{ rampagecooldownreduction }} seconds and increases its damage by {{ rampagebonusdamageperc }}% for {{ e6 }} seconds. Stacks up to {{ e2 }} times.<br />{{ spellmodifierdescriptionappend }}","['aoe', 'physical_damage', 'instant_cast', 'stacked_effect', 'cooldown_reduction', 'damage Amplification', 'duration']",Hecarim's cleave ability deals physical damage to nearby enemies and provides a stacking effect that reduces cooldown and amplifies damage over time.
Hecarim,W,Spirit of Dread,Hecarim deals <magicDamage>{{ totaldamage }} magic damage</magicDamage> over {{ buffduration }} seconds to nearby enemies. <br /><br />Hecarim gains <passive>{{ resistamount }}</passive> <scaleArmor>Armor</scaleArmor> and <scaleMR>Magic Resist</scaleMR> and heals for <healing>{{ leechamount }}% of damage</healing> nearby enemies take from Hecarim and <healing>{{ allytooltipleachvalue }}% of damage</healing> taken from his allies.{{ spellmodifierdescriptionappend }},"['aoe', 'magic_damage', 'damage_over_time', 'self_heal', 'ally_heal', 'sustain_over_time', 'armor_mr_shred', 'level_scaling']",Hecarim deals magic damage over time to nearby enemies and gains armor and magic resist while healing himself and his allies based on the damage dealt.
Hecarim,E,Devastating Charge,Hecarim becomes Ghosted and gains <speed>{{ minmovespeed*100 }}% Move Speed</speed> increasing to <speed>{{ maxmovespeed*100 }}%</speed> over {{ e5 }} seconds. His next Attack <status>Knocks Back</status> and deals between <physicalDamage>{{ mindamage }}</physicalDamage> and <physicalDamage>{{ maxdamage }} physical damage</physicalDamage>. <status>Knock Back</status> distance and damage scales with distance travelled during this Ability.{{ spellmodifierdescriptionappend }},"['mobility_reposition', 'attack_speed_debuff', 'knockup_or_knockback', 'physical_damage', 'aoe', 'level_scaling']","Hecarim gains increased movement speed and his next attack knocks back enemies, dealing physical damage that scales with travel distance."
Hecarim,R,Onslaught of Shadows,"Hecarim summons spectral riders and charges forward, dealing <magicDamage>{{ damagedone }} magic damage</magicDamage>. Hecarim unleashes a shockwave at the end of the charge that <status>Fears</status> for between {{ feardurationmin }} to {{ feardurationmax }} seconds, increased by charge distance.{{ spellmodifierdescriptionappend }}","['magic_damage', 'aoe', 'fear_or_taunt_or_charm', 'channeled', 'ultimate_cooldown', 'engage_tool', 'combo_finisher']","Hecarim's ultimate ability summons spectral riders, charges forward, and ends with a fear-inducing shockwave."
Heimerdinger,Passive,Hextech Affinity,Gain Move Speed while near allied towers and turrets deployed by Heimerdinger.,"['movespeed_buff', 'self_cast', 'ally_targeted', 'frontline_durability', 'zone']",Increases movement speed when near allied towers deployed by Heimerdinger.
Heimerdinger,Q,H-28 G Evolution Turret,"Heimerdinger constructs a <keywordMajor>Turret</keywordMajor> that attacks nearby enemies. Heimerdinger can have {{ maxturrets }} turrets active at once. <keywordMajor>Turrets</keywordMajor> slowly build up charge. At max charge, they fire a stronger attack.<br /><br />If Heimerdinger gets too far away, his <keywordMajor>Turrets</keywordMajor> will deactivate after 8 seconds.<br /><br />This Ability has {{ maxkits }} charges.{{ spellmodifierdescriptionappend }}","['pet_or_summon', 'aoe', 'skillshot', 'targeted', 'zone', 'ultimate_cooldown', 'waveclear_tool', 'objective_control_tool', 'team_utility']","Heimerdinger summons turrets that attack nearby enemies in an area, with the ability to have multiple turrets active. Turrets can be recharged and provide waveclear and objective control support."
Heimerdinger,W,Hextech Micro-Rockets,Heimerdinger unleashes a barrage of {{ rockets }} rockets that deal <magicDamage>{{ damage }} magic damage</magicDamage> to the first enemy hit. Additional rocket hits deal reduced damage.<br /><br />Max Damage: <magicDamage>{{ totaldamage }} magic damage</magicDamage>.<br /><br />Nearby <keywordMajor>Turrets</keywordMajor> gain 20% charge per rocket that hits a champion.{{ spellmodifierdescriptionappend }},"['magic_damage', 'aoe', 'skillshot', 'enemy_targeted', 'low_cooldown', 'ultimate_cooldown', 'poke_tool', 'waveclear_tool', 'objective_control_tool']","Heimerdinger's ultimate ability launches a barrage of rockets dealing magic damage to the first enemy hit and additional damage to nearby enemies. Turrets gain charge upon hitting champions, aiding in objective control."
Heimerdinger,E,CH-2 Electron Storm Grenade,Heimerdinger hurls a grenade that deals <magicDamage>{{ damage }} magic damage</magicDamage> in an area and <status>Slows</status> by {{ slowpercent.0*100 }}% for {{ slowduration }} seconds. Enemies in the center are also <status>Stunned</status> for {{ stunduration }} seconds.<br /><br />Hitting a champion fully charges nearby <keywordMajor>Turrets</keywordMajor>.{{ spellmodifierdescriptionappend }},"['aoe', 'magic_damage', 'slow', 'stun', 'ultimate_cooldown', 'engage_tool', 'combo_finisher']","Heimerdinger throws a grenade that deals area-of-effect magic damage and applies slow and stun debuffs, engaging enemies and setting up turrets."
Heimerdinger,R,UPGRADE!!!,"Heimerdinger upgrades his next non-ultimate Ability.<br /><br /><spellName>H-28Q Apex Turret:</spellName> Place an upgraded <keywordMajor>Turret</keywordMajor> for 8 seconds that doesn't count towards Heimerdinger's max turrets, deals <magicDamage>{{ qultdamage }} magic damage</magicDamage> per shot and <magicDamage>{{ qultdamagebeam }} magic damage</magicDamage> per charged shot. Its attacks deal damage in an area, <status>Slow</status> by 25% for 2 seconds, and it is immune to crowd control.<br /><br /><spellName>Hextech Rocket Swarm:</spellName> Fires 4 waves of rockets that each deal <magicDamage>{{ wultdamage }} magic damage</magicDamage>. Champions and jungle monsters hit by additional rockets take reduced damage, and minions take increased damage. Max Damage: <magicDamage>{{ wulttotaldamage }} magic damage</magicDamage>. <br /><br /><spellName>CH-3X Lightning Grenade:</spellName> Throws a bouncing grenade that discharges three times, dealing <magicDamage>{{ eultdamage }} magic damage</magicDamage>. The <status>Stun</status> and <status>Slow</status> areas are larger.<br /><br /><recast>Recast:</recast> Cancel this Ability.{{ spellmodifierdescriptionappend }}","['aoe', 'magic_damage', 'slow', 'ultimate_cooldown', 'waveclear_tool', 'zoning_tool']","Heimerdinger's ultimate places an upgraded turret and fires rockets, slowing and damaging enemies while providing ultimate cooldown reduction."
Hwei,Passive,Signature of the Visionary,"Hwei primes enemy champions he damages with his abilities for his signature finishing touch.<br><br>Hitting an enemy with a second damaging spell completes his signature, leaving it beneath them. The signature detonates after a short delay, dealing magic damage to all enemies in range.","['magic_damage', 'aoe', 'skillshot', 'enemy_targeted', 'ultimate_cooldown', 'burst_tool', 'combo_finisher']",Hwei's ultimate ability primes enemies for a delayed explosion that deals magic damage to all nearby enemies.
Hwei,Q,Subject: Disaster,"Hwei paints visions of disaster that deal large damage to enemies.<br /><br /><spellName>Devastating Fire</spellName><br />Hwei launches a blazing fast fireball that explodes on the first enemy hit, dealing <magicDamage>{{ tooltip_qqdamage }} plus {{ tooltip_qqbonusdamage }}% max health magic damage</magicDamage>.<br /><br /><spellName>Severing Bolt</spellName><br />Hwei strikes over far distances with a delayed lightning bolt, dealing <magicDamage>{{ tooltip_qwdamage }} magic damage</magicDamage>. Hitting an Isolated or <status>Immobilized</status> target increases the damage up to <magicDamage>{{ tooltip_qwbonusdamage }} magic damage</magicDamage>, based on the target's missing health.<br /><br /><spellName>Molten Fissure</spellName><br />Hwei unleashes a path of eruptions, dealing <magicDamage>{{ tooltip_qedamage }} magic damage</magicDamage> in an area and leaving behind pools of lava that <status>Slow</status> enemies by {{ spell.hweiqe:slowpercent }}% and deal <magicDamage>{{ tooltip_qedamagepersecond }} magic damage per second</magicDamage> for {{ spell.hweiqe:duration }} seconds.{{ spellmodifierdescriptionappend }}","['magic_damage', 'aoe', 'slow', 'damage_over_time', 'missing_or_max_health_scaling', 'ultimate_cooldown', 'combo_finisher', 'enemy_targeted', 'channeled']",Hwei's ultimate ability deals large magic damage to enemies and creates an area effect with slow and damage over time effects.
Hwei,W,Subject: Serenity,Hwei paints visions of serenity that provide utility for himself and allied champions.<br /><br /><spellName>Fleeting Current</spellName><br />Hwei launches a current of swift waters in a line that grants allies <speed>{{ tooltip_wqmovespeed }} Move Speed</speed>.<br /><br /><spellName>Pool of Reflection</spellName><br />Hwei forms a protective pool that grants <shield>{{ tooltip_wwshieldamount }} Shields</shield> over time to allied champions inside reduced by {{ spell.hweiww:tooltipallymod*100 }}% for allies.<br /><br /><spellName>Stirring Lights</spellName><br />Hwei creates three swirling lights that empower his next three Abilities or Attacks to deal an additional <magicDamage>{{ tooltip_weonhitdamage }} magic damage</magicDamage> and restore <scaleMana>{{ tooltip_weonhitmanarestore }} Mana</scaleMana> each.{{ spellmodifierdescriptionappend }},"['melee_range', 'self_cast', 'ally_targeted', 'speed_buff', 'shield', 'mana_regeneration', 'no_damage', 'medium_cooldown', 'ultimate_cooldown', 'waveclear_tool', 'team_utility']","Hwei's abilities provide movement speed and shields to allies, as well as mana regeneration, enhancing team utility and waveclear capabilities."
Hwei,E,Subject: Torment,Hwei paints visions of torment that control enemies.<br /><br /><spellName>Grim Visage</spellName><br />Hwei launches a terrifying face that causes the first enemy hit to <status>Flee</status> for {{ tooltip_eqfleeduration }} second(s) and take <magicDamage>{{ tooltip_eqdamage }} magic damage</magicDamage>.<br /><br /><spellName>Gaze of the Abyss</spellName><br />Hwei forms an eye that lingers and provides vision locking onto the first enemy champion that enters and launching a homing missile that <status>Roots</status> the first enemy hit for {{ tooltip_ewrootduration }} seconds dealing <magicDamage>{{ tooltip_ewdamage }} magic damage</magicDamage>.<br /><br /><spellName>Crushing Maw</spellName><br />Hwei paints a set of jaws at a target location that <status>Drags</status> enemies to the center dealing <magicDamage>{{ tooltip_eedamage }} magic damage</magicDamage> and <status>Slowing</status> enemies caught by {{ tooltip_eeslowamount }}% decaying over 1.25 seconds.{{ spellmodifierdescriptionappend }},"['enemy_targeted', 'root', 'magic_damage', 'slow', 'channeled', 'ultimate_cooldown', 'combo_finisher']","Hwei's ultimate ability launches a face that causes enemies to flee and deals magic damage, then forms an eye that roots and damages the first enemy champion entering its area, and finally paints jaws that drag and slow enemies."
Hwei,R,Spiraling Despair,"Hwei launches a vision of pure despair that sticks to an enemy champion for {{ duration }} seconds. The vision expands over time applying a <status>Slow</status> to enemies for {{ slowpercentperstack }}% stacking every 0.25 seconds, and dealing <magicDamage>{{ damageovertime }} magic damage per second</magicDamage>.<br /><br />Upon completion, the vision shatters, dealing <magicDamage>{{ damage }} magic damage</magicDamage>.{{ spellmodifierdescriptionappend }}","['aoe', 'magic_damage', 'slow', 'damage_over_time', 'ultimate_cooldown', 'engage_tool', 'poke_tool', 'zoning_tool']","Hwei's ultimate ability creates a vision that applies a stacking slow and deals damage over time, culminating in a burst of damage upon shattering."
Illaoi,Passive,Prophet of an Elder God,"Illaoi and the <font color='#669900'>Vessels</font> she creates spawn Tentacles on nearby impassible terrain. Tentacles swing at spirits, <font color='#669900'>Vessels</font>, and victims of Illaoi's Harsh lesson. Tentacles deal physical damage to enemies hit, and will heal Illaoi if they damage a champion.","['pet_or_summon', 'aoe', 'ground_targeted', 'self_cast', 'heal_reduction', 'self_heal', 'damage_reduction_buff', 'sustain_over_time', 'physical_damage']","Illaoi summons Tentacles that attack nearby enemies and heal her over time, reducing incoming damage."
Illaoi,Q,Tentacle Smash,"<passive>Passive:</passive> <keywordMajor>Slam</keywordMajor> damage is increased by <physicalDamage>{{ spell.illaoiq:tentacledamageamp*100 }}%</physicalDamage> (currently <physicalDamage>{{ spell.illaoiq:tentacledamagetotal }} physical damage</physicalDamage>).<br /><br /><active>Active:</active> Illaoi swings her idol, causing a Tentacle to <keywordMajor>Slam</keywordMajor> forward.{{ spellmodifierdescriptionappend }}","['passive_ability', 'physical_damage', 'ad_scaling', 'damage_amp', 'instant_cast']",Passive increases Slam damage by a percentage based on physical damage. Active causes a Tentacle to Slam forward with physical damage.
Illaoi,W,Harsh Lesson,"Illaoi's next Attack causes her to leap at the target, dealing an additional <physicalDamage>{{ healthpercenttotal }} max Health physical damage</physicalDamage>. When she strikes, nearby Tentacles will <keywordMajor>Slam</keywordMajor> at the target.{{ spellmodifierdescriptionappend }}","['physical_damage', 'true_damage', 'percent_health_damage', 'skillshot', 'targeted', 'pet_or_summon', 'damage_over_time', 'combo_starter', 'combo_finisher']","Illaoi's next attack leaps at the target, dealing physical damage based on max health and triggering nearby tentacles to slam the target, creating a combo starter and finisher."
Illaoi,E,Test of Spirit,"Illaoi pulls the spirit from an enemy champion for {{ spiritduration }} seconds. The spirit can be damaged like a champion, with {{ echopercent }} of that damage echoing to its owner.<br /><br />If the spirit dies or the target leaves its range, the target becomes marked for {{ vesselduration }} seconds and is <status>Slowed</status> by {{ slowamount*100 }}% for {{ slowduration }} seconds. Marked enemies spawn Tentacles if possible.<br /><br />Tentacles will automatically <keywordMajor>Slam</keywordMajor> at spirits and marked enemies once every {{ timebetweenvesseltentacleslams }} seconds.{{ spellmodifierdescriptionappend }}","['enemy_targeted', 'slow', 'damage_over_time', 'self_setup', 'followup_only', 'ultimate_cooldown', 'engage_tool', 'combo_finisher']","Illaoi's ultimate ability pulls an enemy and damages them over time, slowing the target and potentially spawning tentacles to damage spirits and marked enemies."
Illaoi,R,Leap of Faith,"Illaoi smashes her idol into the ground, dealing <physicalDamage>{{ damagecalc }} physical damage</physicalDamage> to nearby enemies and spawning a Tentacle for each enemy champion hit.<br /><br />For the next {{ duration }} seconds, Tentacles are untargetable and <keywordMajor>Slam</keywordMajor> 50% faster, and <spellName>Harsh Lesson</spellName> has a {{ spell.illaoiw:cooldownduringr }} second cooldown.{{ spellmodifierdescriptionappend }}","['aoe', 'physical_damage', 'skillshot', 'enemy_targeted', 'combo_finisher', 'ultimate_cooldown', 'move_speed_buff', 'chargeable']",Illaoi's ultimate ability deals physical damage to nearby enemies and spawns tentacles that increase Slam speed and reduce Harsh Lesson cooldown.
Irelia,Passive,Ionian Fervor,When Irelia strikes enemies with spells she gains stacking bonus Attack Speed. At maximum stacks she also gains bonus damage on hit.,"['passive_ability', 'attack_speed_debuff', 'offensive_stat_buff', 'level_scaling']","Passive ability that grants Irelia bonus attack speed and damage based on spell hits, scaling with her level."
Irelia,Q,Bladesurge,"Irelia dashes to an enemy, dealing <physicalDamage>{{ championdamage }} physical damage</physicalDamage> and restoring <healing>{{ healamount }} Health</healing> to herself. If the enemy dies or was <keywordMajor>Unsteady</keywordMajor>, the Cooldown is refreshed.<br /><br />Deals {{ miniondamage }} damage to minions.{{ spellmodifierdescriptionappend }}","['self_cast', 'enemy_targeted', 'physical_damage', 'self_heal', 'combo_finisher', 'low_cooldown', 'engage_tool', 'backline_access']","Irelia's dash ability deals physical damage to an enemy and heals herself if the target is ""Unsteady."" It can refresh the cooldown if the target dies or becomes unsteady, making it a strong engage tool for backline support."
Irelia,W,Defiant Dance,"<charge>Begin Charging:</charge> Irelia enters a defensive stance for up to {{ maxduration }} seconds, becoming unable to act but reducing physical damage taken by {{ finalphysicaldr }}% and magic damage taken by {{ finalmagicdr }}%.<br /><br /><release>Release:</release> Irelia lashes out with her blades, dealing <physicalDamage>{{ mindamagecalc }} physical damage</physicalDamage> increased up to <physicalDamage>{{ maxdamagecalc }}</physicalDamage> based on charge time.{{ spellmodifierdescriptionappend }}","['passive_ability', 'no_damage', 'damage_reduction_buff', 'physical_damage', 'percent_health_damage', 'low_cooldown', 'ultimate_cooldown', 'self_setup', 'defensive_stance']","Irelia's passive ability allows her to enter a defensive stance that reduces incoming physical and magic damage while she is unable to act. The ultimate ability, when released, deals physical damage based on the duration of the defensive stance."
Irelia,E,Flawless Duet,"Irelia throws a blade into the ground and can <recast>Recast</recast> for up to {{ buffduration }} seconds. <br /><br /><recast>Recast:</recast> Irelia throws a second blade, then they fly towards each other <status>Stunning</status> for {{ stunduration }} seconds and dealing <magicDamage>{{ totaldamage }} magic damage</magicDamage>. Champions and large jungle monsters become <keywordMajor>Unsteady</keywordMajor> for {{ markduration }} seconds.{{ spellmodifierdescriptionappend }}","['aoe', 'skillshot', 'hard_cc', 'stun', 'magic_damage', 'ultimate_cooldown', 'combo_finisher', 'self_cast', 'enemy_targeted', 'channeled', 'chargeable']",Irelia's ultimate ability throws blades that converge to stun enemies and apply debuff.
Irelia,R,Vanguard's Edge,"Irelia launches a barrage of blades, dealing <magicDamage>{{ missiledamage }} magic damage</magicDamage> and making champions and large jungle monsters <keywordMajor>Unsteady</keywordMajor> for {{ markduration }} seconds. The barrage explodes into a cage around the first champion hit for {{ zoneduration }} seconds. The cage deals <magicDamage>{{ zonedamage }} magic damage</magicDamage> and <status>Slows</status> by {{ slowamount }}% for {{ ccduration }} seconds.{{ spellmodifierdescriptionappend }}","['aoe', 'magic_damage', 'slow', 'zone', 'debuff', 'ultimate_cooldown', 'engage_tool', 'combo_finisher']","Irelia's ultimate ability launches a barrage of blades that damages and debuffs the first champion hit, then creates a slowing zone around them."
Ivern,Passive,Friend of the Forest,"Ivern cannot attack or be attacked by non-epic monsters. Ivern can create magical groves on jungle camps which grow over time. When the grove is fully grown, Ivern may free the monsters to receive gold and experience.","['passive_ability', 'no_damage', 'ground_targeted', 'no_cost', 'level_scaling', 'combo_starter', 'combo_finisher', 'self_setup', 'followup_only', 'ultimate_cooldown']","Ivern's passive ability allows him to create magical groves on jungle camps that grow over time. Once fully grown, he can free the monsters to gain gold and experience. This ability scales with level and can serve as both a starting and finishing move in a combo, requiring setup but offering significant rewards. It also has an ultimate-like cooldown."
Ivern,Q,Rootcaller,Ivern conjures a vine dealing <magicDamage>{{ totaldamage }} magic damage</magicDamage> and <status>Rooting</status> the first enemy hit for {{ rootduration }} seconds. Allies that Attack a <status>Rooted</status> enemy dash into Attack Range. <br /><br /><recast>Recast:</recast> Ivern dashes directly onto the <status>Rooted</status> enemy.<br /><br /><rules>Hitting non-epic monsters reduces <spellName>Rootcaller's</spellName> cooldown by 50%.</rules>{{ spellmodifierdescriptionappend }},"['magic_damage', 'root', 'self_cast', 'ally_targeted', 'enemy_targeted', 'cast_time', 'low_cooldown', 'combo_finisher']","Ivern summons a vine to deal magic damage and root an enemy, with allies attacking the rooted enemy dashing into range."
Ivern,W,Brushmaker,"<spellPassive>Passive:</spellPassive> While in brush and for {{ buffduration }} seconds after leaving, Ivern's Attacks deal an additional <magicDamage>{{ totaldamage }} magic damage</magicDamage>. Nearby allies will gain this effect for {{ allybuffduration }} seconds and deal <magicDamage>{{ totalallydamage }} magic damage</magicDamage>.<br /><br /><spellActive>Active:</spellActive> Ivern grows a patch of Brush, revealing the area for {{ revealduration }} seconds. The Brush persists until Ivern's team loses vision within it, or up to {{ maxbrushduration }} seconds.{{ spellmodifierdescriptionappend }}","['passive_ability', 'magic_damage', 'aoe', 'ground_targeted', 'duration', 'reveals_stealth']","Ivern's passive grants magic damage on attacks in brush and to nearby allies, while the active ability creates a brush that reveals the area."
Ivern,E,Triggerseed,"Ivern grants <shield>{{ totalshield }} Shield</shield> to an ally champion or Daisy. After {{ shieldduration }} seconds, it bursts, dealing <magicDamage>{{ totaldamage }} magic damage</magicDamage> and <status>Slowing</status> enemies by {{ slowamount*100 }}% for {{ slowduration }} seconds.<br /><br />If <spellName>Triggerseed</spellName> detonates and no enemy champions are hit while the shield still persists, the ally will be shielded for <shield>{{ totalshield }} </shield>for {{ shieldduration }} seconds.{{ spellmodifierdescriptionappend }}","['ally_heal', 'shield', 'damage_over_time', 'slow', 'self_cast', 'conditional_effect', 'no_cost', 'medium_cooldown', 'ultimate_cooldown', 'team_utility', 'backline_access']","Ivern's ability provides a shield to an ally and deals magic damage with a slow effect after a duration, with a chance to extend the shield if no enemies are hit."
Ivern,R,Daisy!,"Ivern summons his sentinel friend Daisy to leap into the fray for {{ daisyduration }} seconds.<br /><br /><spellActive>Daisy, Slam!:</spellActive> Daisy's 3rd consecutive Attack on the same champion or epic monster will launch a shockwave, dealing<magicDamage> {{ totalshockwavedamage }} magic damage</magicDamage> to all enemies hit as well as <status>Knocking Up</status> for {{ shockwaveccduration }} second. This effect can only occur once every {{ shockwavecd }} seconds.<br /><br /><recast>Recast:</recast> Instruct Daisy to Attack or move.{{ spellmodifierdescriptionappend }}","['ally_targeted', 'ground_targeted', 'aoe', 'knockup_or_knockback', 'skillshot', 'channeled', 'low_cooldown', 'ultimate_cooldown', 'engage_tool', 'combo_finisher']","Ivern's ultimate ability summons Daisy to engage in combat, dealing magic damage and knocking up enemies with her 3rd consecutive attack."
Janna,Passive,Tailwind,Janna's allies gain Move Speed moving towards her.<br><br>Janna deals a portion of bonus Move Speed as bonus magic damage on hit and with Zephyr.,"['ally_heal', 'movement_speed_buff', 'magic_damage', 'combo_finisher', 'self_setup']","Janna's ability enhances allied movement speed and deals magic damage to enemies when allies move towards her, serving as both a setup and finisher for combos."
Janna,Q,Howling Gale,"Janna summons a tornado that grows stronger over {{ maxduration }} seconds then blows along its path. It deals <magicDamage>{{ minimumdamage }} - {{ maxdamage }} magic damage</magicDamage> and <status>Knocks Up</status> for {{ baseknockup }} - {{ maxknockup }} seconds. The distance, damage, and <status>Knock Up</status> duration increase based on how much the tornado grew. Janna can <recast>Recast</recast> to send the tornado early.{{ spellmodifierdescriptionappend }}","['aoe', 'magic_damage', 'skillshot', 'targeted', 'knockup_or_knockback', 'recast', 'level_scaling']","AOE magic damage skillshot that knocks up enemies, with recast ability and level scaling."
Janna,W,Zephyr,"<spellPassive>Passive:</spellPassive> Janna gains <speed>{{ totalms }} Move Speed</speed> and is Ghosted.<br /><br /><spellActive>Active:</spellActive> Janna's elemental strikes an enemy, <status>Slowing</status> them by {{ totalslow }} for {{ slowduration }} seconds, and dealing <magicDamage>{{ totaldamage }} + {{ spell.tailwindself:bonusdamage }} magic damage</magicDamage>.{{ spellmodifierdescriptionappend }}","['active', 'magic_damage', 'slow', 'targeted', 'instant_cast']",Janna's active ability slows an enemy and deals magic damage.
Janna,E,Eye Of The Storm,"Janna grants an ally champion or turret <shield>{{ totalshield }} Shield</shield> for {{ shieldduration }} seconds. While shielded, they gain <scaleAD>{{ totalad }} Attack Damage</scaleAD>.<br /><br />Janna refunds {{ ecdrefundforcc*100 }}% of the cooldown whenever she impairs an enemy champion's movement with an Ability.{{ spellmodifierdescriptionappend }}","['shield', 'damage_amp', 'self_setup', 'anti_squishy', 'ultimate_cooldown', 'team_utility', 'engage_tool', 'peel_tool']","Janna provides a shield and attack damage buff to an ally, refunding cooldown on movement impairments."
Janna,R,Monsoon,"Janna summons a magical monsoon, <status>Knocking Back</status> nearby enemies then healing nearby allies for <healing>{{ totalheal }} Health</healing> over {{ e3 }} seconds. Moving or using an Ability ends the monsoon early.{{ spellmodifierdescriptionappend }}","['aoe', 'knockup_or_knockback', 'self_heal', 'sustain_over_time', 'skillshot', 'enemy_targeted', 'no_cost', 'medium_cooldown', 'ultimate_cooldown', 'zoning_tool']","Janna's Monsoon creates an area that Knockbacks enemies and heals allies over time, with the ability to end early by moving or using another ability."
JarvanIV,Passive,Martial Cadence,Jarvan's first basic attack on an enemy deals bonus physical damage based on their current Health. This effect cannot occur again on the same enemy for a few seconds.,"['physical_damage', 'bonus_damage', 'health_based_damage', 'no_cooldown', 'single_target']",Jarvan's first basic attack on an enemy deals additional physical damage based on their current health.
JarvanIV,Q,Dragon Strike,"Jarvan extends his lance, dealing <physicalDamage>{{ totaldamage }} physical damage</physicalDamage> and removing <scaleArmor>{{ e2 }}% Armor</scaleArmor> for {{ e3 }} seconds.<br /><br />If the lance connects with <spellName>Demacian Standard</spellName>, Jarvan will pull himself to it, <status>Knocking Up</status> those in his path for 0.75 seconds.{{ spellmodifierdescriptionappend }}","['physical_damage', 'armor_shred', 'aoe', 'knockup_or_knockback', 'self_cast', 'engage_tool', 'combo_finisher']","Jarvan's lance deals physical damage and reduces enemy armor, pulling him to the lance and knocking up enemies in the process."
JarvanIV,W,Golden Aegis,"Jarvan summons an aegis, <status>Slowing</status> nearby enemies by {{ e2 }}% for {{ e5 }} seconds and granting him a <shield>{{ baseshield }} Shield</shield>, increased by <shield>{{ bonusshield }}</shield> for each enemy champion hit.{{ spellmodifierdescriptionappend }}","['aoe', 'shield', 'slow', 'self_cast', 'level_scaling', 'medium_cooldown', 'sustain_over_time']","Jarvan summons an aegis that slows nearby enemies and provides a shield to himself, with the effect and shield strength increasing based on the number of enemy champions hit."
JarvanIV,E,Demacian Standard,"<spellPassive>Passive:</spellPassive> Jarvan gains <attackSpeed>{{ permanentattackspeed*100 }}% Attack Speed</attackSpeed>.<br /><br /><spellActive>Active:</spellActive> Jarvan throws a standard into the ground, dealing <magicDamage>{{ totaldamage }} magic damage</magicDamage> and granting allies near the standard <attackSpeed>{{ e3 }}% Attack Speed</attackSpeed> for {{ e4 }} seconds.{{ spellmodifierdescriptionappend }}","['passive_ability', 'active_ability', 'attack_speed_debuff', 'attack_speed_buff', 'aoe', 'magic_damage']","Jarvan's passive increases his attack speed permanently, while his active throws a standard that deals magic damage and provides attack speed buff to nearby allies."
JarvanIV,R,Cataclysm,"Jarvan heroically leaps to an enemy Champion, dealing <physicalDamage>{{ damagecalc }} physical damage</physicalDamage> to them and surrounding enemies and creating an arena of impassable terrain around them for {{ wallduration }} seconds.<br /><br />Jarvan can <recast>Recast</recast> to collapse the terrain.{{ spellmodifierdescriptionappend }}","['enemy_targeted', 'aoe', 'skillshot', 'ground_targeted', 'toggle_ability', 'ultimate_cooldown', 'engage_tool', 'zoning_tool']","Jarvan leaps to an enemy champion, dealing physical damage and creating an area of impassable terrain that can be recast to collapse."
Jax,Passive,Relentless Assault,Jax's consecutive basic attacks continuously increase his Attack Speed.,"['attack_speed_debuff', 'self_cast', 'no_damage', 'level_scaling', 'instant_cast']","Increases Jax's attack speed over consecutive basic attacks, scaling with level."
Jax,Q,Leap Strike,"Jax leaps to a friendly or enemy unit or ward, dealing <physicalDamage>{{ totaldamage }} physical damage</physicalDamage> if it is an enemy.{{ spellmodifierdescriptionappend }}","['melee_range', 'targeted', 'skillshot', 'physical_damage', 'enemy_targeted', 'instant_cast', 'engage_tool', 'combo_starter']",Jax's leap to a target deals physical damage and can be used as an engage tool or combo starter.
Jax,W,Empower,"Jax charges his weapon with energy, causing his next Attack or <spellName>Leap Strike</spellName> to deal an additional <magicDamage>{{ totaldamage }} magic damage</magicDamage>.{{ spellmodifierdescriptionappend }}","['magic_damage', 'damage_amp', 'self_cast', 'instant_cast', 'ad_scaling']",Jax's next attack or leap strike deals additional magic damage.
Jax,E,Counter Strike,"Jax enters a defensive stance for up to {{ dodgeduration }} seconds, dodging incoming Attacks and taking {{ aoedamagereduction }}% less damage from area of effect Abilities. After {{ dodgeduration }} seconds or <recast>Recasting</recast>, Jax deals <magicDamage>{{ totaldamage }} + {{ percenthealthdamage }}% max Health magic damage</magicDamage> and <status>Stuns</status> nearby enemies for {{ stunduration }} second. <br /><br />The damage is increased by {{ percentincreasedperdodge*100 }}% per Attack dodged, up to a maximum of <magicDamage>{{ maxdamage }} + {{ maxpercenthealthdamage }}% max Health</magicDamage>.{{ spellmodifierdescriptionappend }}","['aoe', 'damage_reduction_buff', 'self_cast', 'ultimate_cooldown', 'stun', 'damage_over_time', 'percent_health_damage', 'single_target', 'combo_finisher']","Jax enters a defensive stance, reducing damage and dealing increasing magical damage with a stun on recast."
Jax,R,Grandmaster-at-Arms,"<spellPassive>Passive:</spellPassive> Every third Attack within {{ passivefallofftime }} seconds deals an additional <magicDamage>{{ onhitdamage }} magic damage</magicDamage>.<br /><br /><spellActive>Active:</spellActive> Jax slams his lantern down, dealing <magicDamage>{{ swingdamagetotal }} magic damage</magicDamage> to nearby enemies. If he hits a champion he gains <scaleArmor>{{ basearmor }} Armor</scaleArmor> and <scaleMR>{{ basemr }} Magic Resist</scaleMR> plus <scaleArmor>{{ bonusarmor }} Armor</scaleArmor> and <scaleMR>{{ bonusmr }} Magic Resist</scaleMR> per additional champion hit for {{ duration }} seconds. During this time every second Attack deals additional <magicDamage>magic damage</magicDamage> instead of every third.{{ spellmodifierdescriptionappend }}","['magic_damage', 'passive_ability', 'aoe', 'armor_mr_shred', 'sustain_over_time', 'combo_finisher', 'ultimate_cooldown']","Jax's passive increases magic damage on every third attack, while the active deals area magic damage and provides armor and magic resist to Jax and additional champions hit, with attacks dealing more magic damage during the duration."
Jayce,Passive,Hextech Capacitor,When Jayce swaps weapons he gains Move Speed for a short duration.,"['movespeed_buff', 'self_cast', 'instant_cast', 'mobility_reposition']",Jayce gains movement speed temporarily when swapping weapons.
Jayce,Q,To the Skies! / Shock Blast,"<keywordMajor>Mercury Hammer:</keywordMajor> Jayce leaps to an enemy, dealing <physicalDamage>{{ spell.jaycetotheskies:damage }} physical damage</physicalDamage> to surrounding enemies and <status>Slowing</status> them by {{ spell.jaycetotheskies:slow*-100 }}% for {{ spell.jaycetotheskies:slowduration }} seconds.{{ spellmodifierdescriptionappend }}","['enemy_targeted', 'aoe', 'skillshot', 'slow', 'burst_tool', 'engage_tool']","Jayce leaps to an enemy, dealing physical damage to nearby enemies and slowing them."
Jayce,W,Lightning Field / Hyper Charge,<keywordMajor>Mercury Hammer - Passive:</keywordMajor> Jayce's <keywordMajor>Hammer</keywordMajor> Attacks grant <scaleMana>{{ spell.jaycestaticfield:managain }} Mana</scaleMana>.<br /><br /><keywordMajor>Mercury Hammer - Active:</keywordMajor> Jayce creates an electric aura dealing <magicDamage>{{ spell.jaycestaticfield:damage }} magic damage</magicDamage> over {{ spell.jaycestaticfield:duration }} seconds.{{ spellmodifierdescriptionappend }},"['passive_ability', 'magic_damage', 'damage_over_time', 'mana_regeneration']","Jayce's passive ability grants mana on attacks, while his active ability creates an electric aura that deals magic damage over time."
Jayce,E,Thundering Blow / Acceleration Gate,"<keywordMajor>Hammer Form</keywordMajor>: Jayce swings his hammer, <status>Knocking Back</status> his target and dealing <magicDamage>{{ spell.jaycethunderingblow:flatdamage }} plus {{ spell.jaycethunderingblow:perchpdamage*100 }}% max Health magic damage</magicDamage>.{{ spellmodifierdescriptionappend }}","['stun', 'knockup_or_knockback', 'magic_damage', 'true_damage', 'no_cost', 'skillshot', 'targeted']",Jayce's hammer knocks back the target and deals magic and true damage based on their maximum health.
Jayce,R,Mercury Cannon / Mercury Hammer,"<keywordMajor>Mercury Hammer</keywordMajor>: Jayce transforms his weapon into the <keywordMajor>Mercury Cannon</keywordMajor>, gaining Attack Range and new Abilities. Jayce's next Attack removes <scaleArmor>{{ spell.jaycestancehtg:rangedformshred }} Armor</scaleArmor> and <scaleMR>Magic Resist</scaleMR> for {{ spell.jaycestancehtg:shredduration }} seconds.{{ spellmodifierdescriptionappend }}","['magic_damage', 'armor_mr_shred', 'single_target', 'attack_speed_debuff', 'level_scaling']","Jayce's next attack reduces target's armor and magic resist for a duration, scaling with level."
Jhin,Passive,Whisper,"Jhin's hand cannon, Whisper, is a precise instrument designed to deal superior damage. It fires at a fixed rate and carries only four shots. Jhin imbues the final bullet with dark magics to critically strike and deal bonus execute damage. Whenever Whisper crits, it inspires Jhin with a burst of Move Speed.","['enemy_targeted', 'burst_damage', 'move_speed_buff', 'instant_cast', 'low_cooldown', 'ultimate_cooldown', 'combo_finisher']","Jhin's precise hand cannon that fires four shots, with the final shot dealing critical damage and execute damage on crit, and providing a burst of movement speed."
Jhin,Q,Dancing Grenade,Jhin launches a cartridge that deals <physicalDamage>{{ totaldamage }} physical damage</physicalDamage> before bouncing to a nearby enemy that has not been hit yet.<br /><br />The cartridge can hit a maximum of {{ tooltipmaxtargetshit }} times. Enemies that die shortly after being hit increase the damage of subsequent hits by {{ percentamponkill*100 }}%.{{ spellmodifierdescriptionappend }},"['physical_damage', 'aoe', 'skillshot', 'enemy_targeted', 'damage_over_time', 'percent_health_damage', 'multi_target']","Jhin's ability deals physical damage in a skillshot that bounces to multiple enemies, increasing damage on kills."
Jhin,W,Deadly Flourish,"Jhin fires a long range shot dealing <physicalDamage>{{ totaldamage }} physical damage</physicalDamage> to the first champion hit and other enemies along the way.<br /><br />If this skill strikes a champion that has been damaged by an allied champion within the last {{ spottingduration }} seconds, it will <status>Root</status> them for {{ rootduration }} seconds and grant Jhin <spellName>Whisper</spellName>'s Move Speed.{{ spellmodifierdescriptionappend }}","['physical_damage', 'aoe', 'skillshot', 'targeted', 'root', 'self_cast', 'medium_range', 'ad_scaling', 'combo_finisher']",Jhin's long-range shot deals physical damage to the first champion hit and roots them while providing movement speed to Jhin.
Jhin,E,Captive Audience,"<passive>Passive:</passive> Champions Jhin kills will create and detonate a Lotus Trap at their location.<br /><br /><active>Active:</active> Jhin places an invisible Lotus Trap for {{ trapduration }} minutes that creates a zone that <status>Slows</status> by {{ trapslowamount*100 }}% when stepped on by an enemy. After {{ trapdetonationtime }} seconds, the trap detonates, dealing <magicDamage>{{ totaldamage }} magic damage</magicDamage>.<br /><br />This ability has 2 charges ({{ ammorechargeratetooltip }} second refresh).{{ spellmodifierdescriptionappend }}","['aoe', 'ground_targeted', 'trap', 'slow', 'ultimate_cooldown', 'zone']","Jhin's passive creates Lotus Traps that detonate after a set time, dealing magic damage in a zone and slowing enemies. The active ability places an invisible trap that detonates after a delay, with a cooldown."
Jhin,R,Curtain Call,"Jhin sets up and channels, enabling him to fire 4 super shots, each dealing between <physicalDamage>{{ damagecalc }}</physicalDamage> and <physicalDamage>{{ maxincreasecalc }} physical damage</physicalDamage> to the first champion hit based on their percentage missing health and <status>Slowing</status> them by {{ slowpercent*100 }}% for {{ slowduration }} seconds. The fourth shot critically strikes for {{ fourthshotmultiplier*100 }}% damage.{{ spellmodifierdescriptionappend }}","['physical_damage', 'aoe', 'skillshot', 'targeted', 'slow', 'damage_reduction_buff', 'ultimate_cooldown', 'combo_finisher', 'self_cast']",Jhin's ultimate ability channels to fire 4 super shots that deal physical damage and slow the first champion hit based on their missing health.
Jinx,Passive,Get Excited!,"Jinx receives massively increased Move Speed and Attack Speed whenever she helps kill or destroy an enemy champions epic jungle monster, or structure.","['self_cast', 'mobility_reposition', 'attack_speed_debuff', 'ad_scaling', 'level_scaling', 'engage_tool', 'team_utility']","Jinx's movement and attack speed are boosted when she assists in killing enemy monsters or structures, enhancing her engagement capabilities and utility for her team."
Jinx,Q,Switcheroo!,"Jinx swaps weapons between Fishbones the rocket launcher and Pow-Pow the minigun.<br /><br />While using the rocket launcher, Jinx's Attacks deal <physicalDamage>{{ rocketdamage }} physical damage</physicalDamage> to the target and nearby enemies, gain {{ rocketbonusrange }} range, cost Mana, and scale {{ rocketaspdpenalty*100 }}% less with bonus Attack Speed.<br /><br />While using the minigun, Jinx's Attacks grant <attackSpeed>Attack Speed</attackSpeed> for {{ minigunattackspeedduration }} seconds, stacking up to {{ minigunattackspeedstacks }} times (<attackSpeed>+{{ minigunattackspeedmax }}% %i:scaleAS% max</attackSpeed>).{{ spellmodifierdescriptionappend }}","['melee_range', 'physical_damage', 'ad_scaling', 'instant_cast', 'self_cast', 'attack_speed_debuff', 'no_damage']",Jinx's weapon swap allows her to switch between a ranged weapon that deals physical damage and a minigun that provides attack speed on hit.
Jinx,W,Zap!,"Jinx fires a shock blast that deals <physicalDamage>{{ totaldamage }} physical damage</physicalDamage> to the first enemy hit, <status>Slows</status> them by {{ slowpercent }}%, and reveals them for {{ slowduration }} seconds.{{ spellmodifierdescriptionappend }}","['physical_damage', 'slow', 'reveal', 'enemy_targeted', 'instant_cast']","Jinx's ability deals physical damage and applies a slow effect to the first enemy hit, revealing them for a duration."
Jinx,E,Flame Chompers!,"Jinx tosses out 3 chompers that last for {{ grenadeduration }} seconds. They explode on contact with enemy champions, <status>Rooting</status> them for {{ rootduration }} seconds and dealing <magicDamage>{{ totaldamage }} magic damage</magicDamage> to nearby enemies.{{ spellmodifierdescriptionappend }}","['aoe', 'ground_targeted', 'magic_damage', 'root', 'slow', 'ultimate_cooldown', 'combo_finisher', 'self_setup', 'followup_only', 'channeled', 'chargeable', 'persistent_area_or_trap']","Jinx's ultimate ability deploys chompers that root and slow enemy champions on contact, with a persistent area effect."
Jinx,R,Super Mega Death Rocket!,"Jinx fires a rocket that explodes on the first enemy champion hit, dealing <physicalDamage>{{ damagefloor }} to {{ damagemax }} + {{ percentdamage }}% missing Health physical damage</physicalDamage>, gaining damage over the first second of travel time. Nearby enemies take {{ aoedamagemult*100 }}% Damage.<br /><br /><rules>Missing Health damage cannot exceed {{ monsterexecutemax }} against Monsters.</rules>{{ spellmodifierdescriptionappend }}","['physical_damage', 'damage_over_time', 'aoe', 'skillshot', 'targeted', 'single_target', 'percent_health_damage', 'burst_damage', 'ultimate_cooldown', 'engage_tool', 'poke_tool', 'combo_finisher']","Jinx's ultimate ability fires a rocket that deals physical damage and gains damage over time, affecting nearby enemies. It can be used as an engage tool and poke, finishing off combos. The damage scales with missing health and has a high cooldown."
Kaisa,Passive,Second Skin,"Kai'Sa's basic attacks stack Plasma, dealing increasing bonus magic damage. Allies' immobilizing effects help stack Plasma. Additionally, Kai'Sa's item purchases upgrade her basic spells to have more powerful properties.","['magic_damage', 'sustain_over_time', 'ally_heal', 'combo_starter', 'combo_finisher', 'level_scaling', 'ap_scaling']","Kai'Sa's basic attacks deal increasing magic damage over time, with allies' immobilizing effects helping to stack the damage. Her items enhance her spells for more powerful effects."
Kaisa,Q,Icathian Rain,"Kai'Sa launches {{ e2 }} missiles that split among nearby enemies, each dealing <physicalDamage>{{ totalindividualmissiledamage }} physical damage</physicalDamage>, up to a maximum of {{ maxdamagedisplay }}. Additional missile hits on champions or monsters deal {{ extrahitreduction*100 }}% damage.<br /><br /><keywordMajor>Evolved</keywordMajor>: Kai'Sa instead fires {{ e7 }} missiles.<br />Current: <physicalDamage>{{ f11.1 }}/{{ e6 }} Bonus Attack Damage</physicalDamage>{{ spellmodifierdescriptionappend }}","['aoe', 'physical_damage', 'multiple_hits', 'enemy_targeted', 'level_scaling']","Kai'Sa launches missiles that split among nearby enemies, dealing physical damage. The number and damage scale with her level."
Kaisa,W,Void Seeker,"Kai'Sa fires a void blast that deals <magicDamage>{{ totaldamage }} magic damage</magicDamage>, applies {{ e4 }} stacks of <keywordMajor>Plasma</keywordMajor>, and grants <keywordStealth>True Sight</keywordStealth> of the first enemy hit for {{ spell.kaisapassive:pduration }} seconds.<br /><br /><keywordMajor>Evolved</keywordMajor>: Kai'Sa instead applies {{ e5 }} stacks of <keywordMajor>Plasma</keywordMajor> and hitting a champion reduces the Cooldown by {{ e3 }}%.<br />Current: <scaleAP>{{ f2.1 }}/{{ e2 }} Ability Power</scaleAP>{{ spellmodifierdescriptionappend }}","['magic_damage', 'true_sight', 'aoe', 'enemy_targeted', 'level_scaling', 'ultimate_cooldown', 'engage_tool', 'team_utility']","Kai'Sa's ability deals magic damage to enemies and grants True Sight on the first hit, with increased effectiveness at higher levels and as an engage tool."
Kaisa,E,Supercharge,"Kai'Sa supercharges her void energy, gaining <speed>{{ totalmovespeed }} Move Speed</speed> and becoming Ghosted while charging, then gaining <attackSpeed>{{ e5 }}% Attack Speed</attackSpeed> for {{ e2 }} seconds.<br /><br />Attacks reduce this Ability's Cooldown by {{ e4 }} seconds.<br /><br /><keywordMajor>Evolved</keywordMajor>: Kai'Sa also becomes <keywordStealth>Invisible</keywordStealth> for {{ e7 }} seconds.<br />Current: <attackSpeed>{{ f10.1 }}%/{{ e6 }}% Bonus Attack Speed</attackSpeed>{{ spellmodifierdescriptionappend }}","['self_cast', 'speed_buff', 'stealth', 'no_damage', 'instant_cast', 'level_scaling', 'engage_tool', 'mobility_reposition', 'backline_access']","Kai'Sa gains movement speed and attack speed boosts, becoming invisible for a duration, useful for engaging and repositioning in combat."
Kaisa,R,Killer Instinct,Kai'Sa warps near an enemy champion affected by <keywordMajor>Plasma</keywordMajor> and gains <shield>{{ rcalculatedshieldvalue }} Shield</shield> for {{ rshieldduration }} seconds.{{ spellmodifierdescriptionappend }},"['shield', 'self_cast', 'ally_targeted', 'medium_range', 'ultimate_cooldown', 'combo_finisher']",Kai'Sa warps near an enemy champion with Plasma and gains a shield.
Kalista,Passive,Martial Poise,Enter a movement command while winding up Kalista's basic attack or Pierce to lunge a short distance when she launches her attack.,"['self_cast', 'mobility_reposition', 'dash', 'instant_cast', 'medium_range']",Kalista commands herself to lunge a short distance in the direction of her next basic attack.
Kalista,Q,Pierce,"Kalista hurls a spear, dealing <physicalDamage>{{ totaldamage }} physical damage</physicalDamage> to the first target hit. If this kills the target, the spear continues onward, carrying any <spellName>Rend</spellName> stacks to the next target hit.<br /><br />Kalista can dash after using this Ability using <spellName>Martial Poise</spellName>.{{ spellmodifierdescriptionappend }}","['physical_damage', 'single_target', 'skillshot', 'dash', 'engage_tool', 'combo_starter']","Kalista throws a spear at a target, dealing physical damage and potentially continuing to the next target if the first one is killed. She can dash after using this ability."
Kalista,W,Sentinel,"<spellPassive>Passive:</spellPassive> When Kalista and her <keywordMajor>Oathsworn</keywordMajor> both Attack the same target, she deals <magicDamage>{{ maxhealthdamage*100 }}% max Health magic damage</magicDamage>. This effect has a {{ pertargetcooldown }} second Cooldown per target and a cap of {{ maximummonsterdamage }} to non-champions.<br /><br /><spellPassive>Active: </spellPassive>Kalista sends a ghost to patrol an area for three laps. Champions spotted are revealed for 4 seconds. This ability has 2 charges ({{ ammorechargetooltip }} second refresh).{{ spellmodifierdescriptionappend }}","['passive_ability', 'magic_damage', 'percent_health_damage', 'ground_targeted', 'reveal', 'stealth']","Passive ability that deals percentage-based magic damage to a target when Kalista and her Oathsworn attack the same target, with a cooldown based on targets hit. Active ability that sends a ghost to patrol an area, revealing champions for 4 seconds."
Kalista,E,Rend,"<spellPassive>Passive: </spellPassive>Kalista's spears linger in their target for 4 seconds, stacking any number of times.<br /><br /><spellActive>Active:</spellActive> Kalista rips the spears from nearby enemies, dealing <physicalDamage>{{ normaldamage }}</physicalDamage> plus <physicalDamage>{{ additionaldamage }} physical damage</physicalDamage> per spear beyond the first. <status>Slows</status> enemies hit by <attention>{{ totalslowamount }}</attention> for {{ slowduration }} seconds.<br /><br />If this Ability kills at least one target, its Cooldown is refreshed and it refunds <scaleMana>{{ manarefund }} Mana</scaleMana>.{{ spellmodifierdescriptionappend }}","['physical_damage', 'aoe', 'skillshot', 'slow', 'damage_reduction_buff', 'ultimate_cooldown', 'poke_tool', 'combo_finisher']","Kalista's passive allows her spears to stack and linger on targets, while her active ability deals physical damage and slows enemies, with reduced cooldown and mana refund on kill."
Kalista,R,Fate's Call,"Kalista puts her <keywordMajor>Oathsworn</keywordMajor> into Stasis and draws them to herself for up to 4 seconds. The <keywordMajor>Oathsworn</keywordMajor> can click to launch themselves, stopping at the first champion hit and <status>Knocking Back</status> all nearby enemies. If the <keywordMajor>Oathsworn</keywordMajor> hits a champion, they are placed at their maximum attack range from it.{{ spellmodifierdescriptionappend }}","['trap', 'displacement_pull_or_push', 'knockup_or_knockback', 'targeted', 'self_cast', 'ally_targeted', 'engage_tool', 'peel_tool', 'mobility_reposition']","Kalista's Oathsworn becomes immobilized and is pulled towards her, then launches themselves to knock back nearby enemies and place the target champion at maximum attack range."
Karma,Passive,Gathering Fire,Karma's damaging abilities will reduce the cooldown of Mantra.,"['passive_ability', 'ultimate_cooldown', 'level_scaling', 'combo_finisher']",Reduces the cooldown of Karma's Mantra based on the number of damaging abilities used.
Karma,Q,Inner Flame,"Karma fires a blast of energy, dealing <magicDamage>{{ totaldamage }} magic damage</magicDamage> to the first target hit and surrounding enemies, and <status>Slowing</status> them by {{ slowamount*-100 }}% for {{ slowduration }} seconds.{{ spellmodifierdescriptionappend }}","['magic_damage', 'aoe', 'slow', 'skillshot', 'targeted']",Karma's ability deals magic damage to the first target and slows surrounding enemies.
Karma,W,Focused Resolve,"Karma tethers herself to a champion or jungle monster, dealing <magicDamage>{{ initialdamage }} magic damage</magicDamage> and revealing them for {{ tetherduration }}s. If the tether remains unbroken, the target takes <magicDamage>{{ initialdamage }} magic damage</magicDamage> again and is <status>Rooted</status> for {{ rootduration }}s.{{ spellmodifierdescriptionappend }}","['enemy_targeted', 'magic_damage', 'root', 'reveal', 'tether', 'duration']","Karma tethers an enemy champion or jungle monster, dealing magic damage and applying a root effect while also revealing their location for a duration."
Karma,E,Inspire,Karma grants an allied champion <shield>{{ totalshield }} Shield</shield> for {{ shieldduration }}s and <speed>{{ movespeed*100 }}% Move Speed</speed> for {{ movespeedduration }}s.{{ spellmodifierdescriptionappend }},"['ally_heal', 'shield', 'movespeed_buff', 'self_cast', 'sustain_over_time']",Karma's active ability provides healing and shields to an ally while also granting them movement speed.
Karma,R,Mantra,"Karma empowers her next Ability used within 8 seconds.<br /><li><spellName>Inner Flame</spellName>: Deals an additional <magicDamage>{{ rqimpactdamage }} magic damage</magicDamage> and leaves behind a circle of flame, <status>Slowing</status> enemies and dealing an additional <magicDamage>{{ rqfielddamage }} magic damage</magicDamage>.<li><spellName>Focused Resolve</spellName>: Karma will restore <healing>{{ rwhealamount }} missing Health</healing> at the beginning and end of the tether, and <status>Root</status> for {{ rwbonusroot }}s longer.<li><spellName>Inspire</spellName>: Karma shields her target for <shield>{{ rebonusshield }} more Shield</shield>, and also shields allies near her target, granting them <shield>{{ rebonusshieldarea }} Shield</shield> and <speed>{{ removespeed*100 }}% Move Speed</speed>.{{ spellmodifierdescriptionappend }}","['passive_ability', 'magic_damage', 'slow', 'shield', 'self_setup', 'area_effect', 'ally_heal', 'sustain_over_time', 'level_scaling']","Karma's abilities become more powerful as she uses them in quick succession, providing a shield, slow, and healing to herself and nearby allies."
Karthus,Passive,Death Defied,"Upon dying, Karthus enters a spirit form that allows him to continue casting spells.","['passive_ability', 'self_setup', 'combo_starter', 'combo_finisher', 'sustain_over_time', 'ultimate_cooldown']","Karthus's passive ability allows him to continue casting spells after death, providing sustained utility and enabling combos."
Karthus,Q,Lay Waste,"Karthus creates a blast of magic, dealing <magicDamage>{{ qdamage }} magic damage</magicDamage>. If the blast hits only one enemy, it instead deals <magicDamage>{{ qsingletargetdamage }} magic damage</magicDamage>.{{ spellmodifierdescriptionappend }}","['magic_damage', 'single_target', 'aoe', 'skillshot', 'level_scaling']","Karthus's Q ability deals magic damage in an area of effect, with increased damage on single target hits."
Karthus,W,Wall of Pain,Karthus creates a wall that lasts for {{ e4 }} seconds. Enemies that pass through lose <scaleMR>{{ e1 }}% Magic Resist</scaleMR> for {{ e5 }} seconds and are <status>Slowed</status> by {{ e3 }}% decaying over the duration.{{ spellmodifierdescriptionappend }},"['trap', 'slow', 'magic_resist_shred', 'aoe', 'duration', 'enemy_targeted', 'medium_range', 'cooldown']",Creates an area that reduces magic resistance and slows enemies passing through it.
Karthus,E,Defile,"<spellPassive>Passive: </spellPassive>When Karthus kills a unit, he restores <scaleMana>{{ e2 }} Mana</scaleMana>.<br /><br /><toggle>Toggle: </toggle>Karthus creates a necrotic aura, dealing <magicDamage>{{ totaldps }} magic damage</magicDamage> per second to nearby enemies.{{ spellmodifierdescriptionappend }}","['passive_ability', 'magic_damage', 'sustain_over_time', 'aoe', 'level_scaling']","Karthus's passive restores mana upon killing units, while his toggle ability creates an aura that deals magical damage over time to nearby enemies."
Karthus,R,Requiem,"Karthus channels for 3 seconds, then deals <magicDamage>{{ totaldamage }} magic damage</magicDamage> to enemy champions, regardless of distance.{{ spellmodifierdescriptionappend }}","['magic_damage', 'ultimate_cooldown', 'enemy_targeted', 'channel', 'global_range', 'burst_tool']",Karthus channels for 3 seconds and then deals massive magic damage to all enemy champions within range.
Kassadin,Passive,Void Stone,Kassadin takes reduced magic damage and ignores unit collision.,"['no_damage', 'no_cost', 'anti_squishy', 'anti_tank']",Kassadin reduces incoming magic damage and can pass through units without collision.
Kassadin,Q,Null Sphere,"Kassadin fires an orb of void energy, dealing <magicDamage>{{ totaldamage }} magic damage</magicDamage> and interrupting channels. Kassadin also gains <shield>{{ totalshield }} Magic Shield</shield> for 1.5 seconds.{{ spellmodifierdescriptionappend }}","['magic_damage', 'shield', 'interrupt', 'self_cast', 'instant_cast', 'no_cost', 'ultimate_cooldown', 'combo_finisher']","Kassadin's ultimate ability launches an orb that deals magic damage and interrupts channelled abilities, while also providing a shield to the caster."
Kassadin,W,Nether Blade,"<spellPassive>Passive:</spellPassive> Kassadin's Attacks deal an additional <magicDamage>{{ onhitdamage }} magic damage</magicDamage>.<br /><br /><spellActive>Active:</spellActive> Kassadin charges his blade, causing his next Attack to deal <magicDamage>{{ activedamage }} magic damage</magicDamage> and restore <scaleMana>{{ missingmanaratio }}% missing Mana</scaleMana>, increased to <scaleMana>{{ championmissingmanaratio }}%</scaleMana> against champions.{{ spellmodifierdescriptionappend }}","['magic_damage', 'active', 'self_cast', 'mana_cost', 'ap_scaling', 'sustain_over_time', 'combo_finisher']","Kassadin's passive deals additional magic damage on attacks, while the active allows him to charge up for a more damaging attack that also restores mana."
Kassadin,E,Force Pulse,"<spellPassive>Passive:</spellPassive> <spellName>Force Pulse's</spellName> Cooldown is reduced by {{ reductionperspellcast }} second whenever any Ability is used near Kassadin.<br /><br /><spellActive>Active:</spellActive> Kassadin unleashes a void pulse, dealing <magicDamage>{{ totaldamage }} magic damage</magicDamage> and <status>Slowing</status> by {{ e2 }}% for {{ e3 }} second.{{ spellmodifierdescriptionappend }}","['active', 'magic_damage', 'slow', 'skillshot', 'targeted', 'no_cost', 'cast_time', 'level_scaling']","Kassadin's active ability deals magic damage and applies a slow to a targeted enemy, with cooldown reduction based on other ability usage."
Kassadin,R,Riftwalk,"Kassadin teleports to a nearby location, dealing <magicDamage>{{ basedamage }} magic damage</magicDamage>.<br /><br />Each subsequent use of this Ability within the next {{ rstackduration }} seconds doubles the Mana cost and deals an additional <magicDamage>{{ bonusdamage }} magic damage</magicDamage>. The cost and damage increases can stack up to {{ maxstacks }} times.{{ spellmodifierdescriptionappend }}","['magic_damage', 'skillshot', 'targeted', 'mana_cost', 'high_cooldown', 'ultimate_cooldown', 'combo_finisher']","Kassadin's ultimate ability teleports him to a target location, dealing magic damage. Subsequent uses increase the mana cost and damage, stacking up to a maximum."
Katarina,Passive,Voracity,"Whenever an enemy champion dies that Katarina has damaged recently, her remaining ability cooldowns are dramatically reduced.<br><br>If Katarina picks up a <font color='#FFF673'>Dagger</font>, she uses it to slash through all nearby enemies, dealing magic damage.","['ultimate_cooldown', 'magic_damage', 'aoe', 'enemy_targeted', 'instant_cast']","Katarina's ability reduces cooldowns on her other abilities when she damages an enemy champion before they die. Additionally, she can use a Dagger to instantly deal magic damage to all nearby enemies."
Katarina,Q,Bouncing Blade,"Katarina throws a <keywordMajor>Dagger</keywordMajor>, dealing <magicDamage>{{ totaldamage }} magic damage</magicDamage> to the target and {{ maxbounces }} nearby enemies. The <keywordMajor>Dagger</keywordMajor> then ricochets onto the ground behind the primary target.{{ spellmodifierdescriptionappend }}","['magic_damage', 'aoe', 'skillshot', 'enemy_targeted', 'bounce', 'persistent_area_or_trap']",Katarina's ability throws a dagger that deals magic damage to the primary target and nearby enemies before ricocheting onto the ground.
Katarina,W,Preparation,Katarina tosses a <keywordMajor>Dagger</keywordMajor> into the air and gains <speed>{{ e4 }}% Move Speed</speed> decaying over {{ e2 }} seconds.{{ spellmodifierdescriptionappend }},"['movespeed_buff', 'self_cast', 'duration', 'decay', 'no_damage']",Katarina gains temporary movement speed buff that decays over time.
Katarina,E,Shunpo,"Katarina blinks in the wink of an eye to the target ally, enemy, or <keywordMajor>Dagger</keywordMajor>. If it is an enemy, Katarina strikes for <magicDamage>{{ totaldamage }} magic damage</magicDamage> - otherwise she strikes the nearest enemy in range.<br /><br />Picking up a <keywordMajor>Dagger</keywordMajor> will reduce this Ability's Cooldown by <scaleLevel>{{ daggercooldownreduction }}</scaleLevel> seconds (<scaleLevel>{{ tooltipdaggerreduction }}</scaleLevel>). Katarina can blink to any location near the target.{{ spellmodifierdescriptionappend }}","['ally_targeted', 'enemy_targeted', 'ground_targeted', 'instant_cast', 'low_cooldown', 'ultimate_cooldown', 'combo_starter', 'combo_finisher', 'self_setup', 'followup_only', 'mobility_reposition', 'engage_tool', 'waveclear_tool', 'team_utility', 'anti_squishy']","Katarina's Wink allows her to teleport to a target ally, enemy, or her Dagger, dealing magic damage to enemies and striking nearby enemies if targeting an ally. The ability can be used offensively and defensively, serving as both a combo starter and finisher."
Katarina,R,Death Lotus,"Katarina becomes a flurry of blades, rapidly attacking the three nearest enemy champions with a flurry of knives. Each knife deals <magicDamage>{{ damagecalc }} magic damage</magicDamage> and <physicalDamage>{{ addamagecalc }} physical damage</physicalDamage>, and applies {{ grievousamount*100 }}% Grievous Wounds for {{ grievousduration }} seconds.<br /><br />Total over {{ duration }} seconds to each enemy: <magicDamage>{{ totaldamagecalc }} magic damage</magicDamage> and <physicalDamage>{{ totaladdamagecalc }} physical damage</physicalDamage>.{{ spellmodifierdescriptionappend }}","['aoe', 'magic_damage', 'physical_damage', 'sustained_damage', 'damage_over_time']","Katarina's ability deals magic and physical damage to multiple enemies over time, applying Grievous Wounds."
Kayle,Passive,Divine Ascent,"Kayle's attacks are empowered by the heavens as she levels up and spends skill points. Her wings are lit aflame as she progressively gains Attack Speed, Move Speed, Attack Range, and waves of fire on her attacks.","['self_cast', 'attack_speed_debuff', 'move_speed_buff', 'attack_range_buff', 'damage_over_time', 'level_scaling', 'combo_starter', 'combo_finisher']","Kayle's empowered attacks increase her attack speed, movement speed, and range while also dealing damage over time. The ability scales with her level and can serve as both a starting and finishing move in combos."
Kayle,Q,Radiant Blast,"Kayle fires a celestial sword that stops on the first enemy hit, dealing <magicDamage>{{ totaldamage }} magic damage</magicDamage>, <status>Slowing</status> by {{ slowpercent }}% for {{ slowduration }} seconds, and removing <scaleArmor>{{ shredpercent }}% Armor</scaleArmor> and <scaleMR>Magic Resist</scaleMR> for {{ shredduration }} seconds from the target and enemies behind them.{{ spellmodifierdescriptionappend }}","['magic_damage', 'slow', 'armor_mr_shred', 'aoe', 'targeted', 'skillshot']","Kayle's ability deals magic damage to the first enemy hit, slows them and reduces their armor and magic resist for a duration."
Kayle,W,Celestial Blessing,"Kayle infuses herself and an allied champion with light, restoring <healing>{{ totalheal }} Health</healing> and granting <speed>{{ totalhaste }} Move Speed</speed> for {{ hasteduration }} seconds.{{ spellmodifierdescriptionappend }}","['ally_heal', 'self_cast', 'move_speed_buff', 'sustain_over_time', 'combo_finisher']","Kayle heals an ally and herself, providing movement speed buff for a duration."
Kayle,E,Starfire Spellblade,"<spellPassive>Passive:</spellPassive> Attacks deal an additional <magicDamage>{{ epassivetotaldamage }} magic damage</magicDamage>.<br /><br /><spellActive>Active:</spellActive> Kayle's next attack becomes ranged and deals an additional <magicDamage>{{ activetotalexecutedamage }} missing Health magic damage</magicDamage>. This attack upgrades when Kayle reaches <scaleLevel>Level {{ spell.kaylepassive:levelforpassiverank2 }}</scaleLevel>, causing it to explode when it hits the target, dealing damage to nearby enemies.{{ spellmodifierdescriptionappend }}","['magic_damage', 'active_ability', 'enemy_targeted', 'aoe', 'execute_damage', 'level_scaling', 'ultimate_cooldown', 'combo_finisher']","Kayle's passive increases her magic damage on attacks, while her active ability allows her next attack to deal additional magic damage based on the target's missing health and can explode to damage nearby enemies at higher levels."
Kayle,R,Divine Judgment,"Kayle makes an allied champion Invulnerable for {{ invulnduration }} seconds and then purifies the area around them, dealing <magicDamage>{{ totaldamage }} magic damage</magicDamage> to nearby enemies.{{ spellmodifierdescriptionappend }}","['ally_heal', 'invulnerability_or_stasis', 'magic_damage', 'aoe', 'self_cast', 'engage_tool', 'team_utility']","Kayle provides invulnerability to an ally and cleanses an area, dealing magic damage to nearby enemies."
Kayn,Passive,The Darkin Scythe,"Kayn wields an ancient weapon and fights Rhaast, the darkin within it, for control. Either the <font color='#fe5c50'>Darkin</font> will triumph, or Kayn will master Rhaast and become the <font color='#8484fb'>Shadow Assassin</font>.<br><br><font color='#fe5c50'>Darkin:</font> Heal for a percentage of spell damage dealt to champions.<br><br><font color='#8484fb'>Shadow Assassin:</font> For the first few seconds in combat with enemy champions, deal bonus damage.","['passive_ability', 'self_heal', 'percent_health_damage', 'combo_starter', 'combo_finisher']","Kayn's passive ability provides healing based on spell damage dealt to champions, which can serve as both a combo starter and finisher."
Kayn,Q,Reaping Slash,"Kayn dashes then spins his scythe, dealing <physicalDamage>{{ totaldamage }} physical damage</physicalDamage> to enemies he passes through, then deals the damage again to nearby enemies.<br /><br /><keywordMajor>Darkin Slayer:</keywordMajor> Instead deal <physicalDamage>{{ darkinflatdamage }} plus {{ darkinpercentdamage }} max Health physical damage</physicalDamage>.{{ spellmodifierdescriptionappend }}","['melee_range', 'physical_damage', 'aoe', 'skillshot', 'instant_cast', 'ad_scaling', 'missing_or_max_health_scaling', 'ultimate_cooldown', 'combo_starter', 'combo_finisher', 'self_setup', 'followup_only', 'enemy_targeted']","Kayn's ultimate ability allows him to dash and spin his scythe, dealing physical damage to enemies in his path and to nearby enemies, with increased damage based on target's max health."
Kayn,W,Blade's Reach,"Kayn swipes his scythe upward, dealing <physicalDamage>{{ totaldamage }} physical damage</physicalDamage> and <status>Slowing</status> enemies hit by {{ e3 }}%, decaying over {{ e5 }} seconds.<br /><br /><keywordMajor>Shadow Assassin:</keywordMajor> Kayn can move while using this Ability and increases its range.<br /><br /><keywordMajor>Darkin Slayer:</keywordMajor> Additionally <status>Knocks Up</status> enemies hit for {{ e2 }} second.{{ spellmodifierdescriptionappend }}","['physical_damage', 'slow', 'aoe', 'skillshot', 'enemy_targeted', 'medium_range', 'level_scaling', 'slow', 'knockup_or_knockback']","Kayn's ability deals physical damage and applies a slowing effect to enemies in an area, with additional knockup on hit at higher levels."
Kayn,E,Shadow Step,"Kayn gains <speed>{{ e1 }}% Move Speed</speed>, becomes Ghosted, and can move through Terrain for {{ e2 }} seconds. When he first enters terrain, he restores <healing>{{ totalhealing }} Health</healing>.<br /><br />Being <status>Immobilized</status> and spending more than {{ e3 }} consecutive seconds outside of Terrain ends this Ability early.<br /><br /><keywordMajor>Shadow Assassin:</keywordMajor> Gain <speed>{{ e5 }}% Move Speed</speed>, <status>Slow</status> immunity, and reduce the Cooldown to {{ assassincdreduction }} seconds.{{ spellmodifierdescriptionappend }}","['movespeed_buff', 'invulnerability_or_stasis', 'mobility_reposition', 'self_cast', 'low_cooldown', 'ultimate_cooldown', 'anti_squishy', 'frontline_durability']","Kayn gains increased movement speed, becomes immune to immobilization, and can move through terrain for a duration, restoring health upon entry. The ability provides mobility and durability, with reduced cooldown on reactivation."
Kayn,R,Umbral Trespass,"<spellPassive>Passive:</spellPassive> Champions damaged by Kayn are marked for 3.15 seconds.<br /><br />Kayn infests a marked enemy, becoming Untargetable. After {{ infestduration }} seconds or after <recast>Recasting</recast>, Kayn bursts out, dealing <physicalDamage>{{ damage }} physical damage</physicalDamage> to the enemy.<br /><br /><keywordMajor>Shadow Assassin:</keywordMajor> Increases this Ability's range, the distance Kayn exits, and refreshes <spellName>The Darkin Scythe's</spellName> Cooldown on exit.<br /><br /><keywordMajor>Darkin Slayer:</keywordMajor> Instead deals <physicalDamage>{{ slayerdamage }} max Health physical damage</physicalDamage> and restores <healing>{{ healvalue }} Health</healing> ({{ slayerhealpercent*100 }}% damage amount).{{ spellmodifierdescriptionappend }}","['enemy_targeted', 'aoe', 'skillshot', 'ultimate_cooldown', 'self_setup', 'combo_finisher', 'percent_health_damage', 'self_heal', 'damage_reduction_buff', 'anti_squishy', 'backline_access']","Kayn marks enemies with his passive, then uses an ultimate-like ability to burst out and deal damage based on their health, while also healing himself."
Kennen,Passive,Mark of the Storm,Kennen stuns enemies he hits 3 times with his abilities.,"['stun', 'hard_cc', 'skillshot', 'multi_target']",Kennen's abilities hit enemies multiple times and can stun them.
Kennen,Q,Thundering Shuriken,"Kennen throws a shuriken, dealing <magicDamage>{{ totaldamage }} magic damage</magicDamage> to the first enemy hit.{{ spellmodifierdescriptionappend }}","['magic_damage', 'single_target', 'skillshot', 'ultimate_cooldown', 'engage_tool', 'poke_tool']","Kennen's ultimate ability throws a shuriken that deals magic damage to the first enemy hit, serving as both an engage and poke tool."
Kennen,W,Electrical Surge,"<spellPassive>Passive:</spellPassive> Every 5th Attack deals an additional <magicDamage>{{ totaldamagepassive }} magic damage</magicDamage>.<br /><br /><spellActive>Active:</spellActive> Kennen sends out a blast of electricity, dealing <magicDamage>{{ totaldamageactive }} magic damage</magicDamage> to nearby enemies affected by <spellName>Mark of the Storm</spellName>.<br />{{ spellmodifierdescriptionappend }}","['magic_damage', 'active', 'aoe', 'enemy_targeted', 'level_scaling']",Passive ability that increases damage every 5th attack. Active ability that deals AoE magic damage to enemies affected by Mark of the Storm.
Kennen,E,Lightning Rush,"Kennen turns into a ball of lightning, gaining <speed>{{ movementspeed*100 }}% Move Speed</speed>, dealing <magicDamage>{{ totaldamage }} magic damage</magicDamage> to enemies he passes through, and becoming Ghosted for {{ durationasball }} seconds. If Kennen damages at least one enemy, he gains {{ energyrefund }} Energy. <br /><br />After this ability ends, Kennen gains <attackSpeed>{{ attackspeed*100 }}% Attack Speed</attackSpeed> for {{ durationafterball }} seconds. Kennen can <recast>Recast</recast> to end this Ability early.{{ spellmodifierdescriptionappend }}","['skillshot', 'self_cast', 'movement_speed_buff', 'damage_over_time', 'instant_cast', 'magic_damage', 'self_setup', 'combo_starter']","Kennen turns into a ball of lightning, gaining movement speed and dealing magic damage to enemies passed through. He can recast to end the ability early."
Kennen,R,Slicing Maelstrom,"Kennen unleashes a magical storm, dealing <magicDamage>{{ pertickdamagecalculated }} magic damage</magicDamage> to all nearby enemies every {{ kennenrtickrate }} seconds, and gaining <scaleArmor>{{ kennenrdefenses }} Armor</scaleArmor> and <scaleMR>{{ kennenrdefenses }} Magic Resist</scaleMR> for {{ kennenrduration }} seconds. Successive hits deal {{ damageamp*100 }}% increased damage for each hit the enemy has already suffered.{{ spellmodifierdescriptionappend }}","['aoe', 'magic_damage', 'damage_over_time', 'damage_amp', 'armor_mr_shred', 'level_scaling']","Kennen's ability deals magic damage over time to multiple enemies, increasing in potency with each hit and providing defensive buffs."
Khazix,Passive,Unseen Threat,"Nearby enemies that are <font color='#FFF673'>Isolated</font> from their allies are marked. Kha'Zix's abilities have interactions with <font color='#FFF673'>Isolated</font> targets.<br><br>When Kha'Zix is not visible to the enemy team, he gains Unseen Threat, causing his next basic attack against an enemy champion to deal bonus magic damage and slow them for a few seconds.","['ally_heal', 'passive_ability', 'magic_damage', 'slow', 'self_setup', 'stealth', 'cannot_hit_structures']",Kha'Zix gains benefits when attacking isolated enemies and becomes more dangerous when unseen.
Khazix,Q,Taste Their Fear,"Kha'Zix slashes a nearby enemy, dealing <physicalDamage>{{ spell.khazixq:basedamage }} physical damage</physicalDamage>. This deals <physicalDamage>{{ spell.khazixq:isodamage }} damage</physicalDamage> instead to enemies <keywordMajor>Isolated</keywordMajor> from their allies. {{ spellmodifierdescriptionappend }}","['physical_damage', 'single_target', 'conditional_damage', 'isolated_target']","Kha'Zix's Q ability deals physical damage to a nearby enemy, with increased damage to isolated targets."
Khazix,W,Void Spike,"Kha'Zix fires a spike dealing <physicalDamage>{{ basedamage }} physical damage</physicalDamage> to the first enemy hit in a small area. If Kha'Zix is inside the area, he restores <healing>{{ healamount }} Health</healing>{{ spellmodifierdescriptionappend }}","['physical_damage', 'aoe', 'self_heal', 'enemy_targeted', 'instant_cast']",Kha'Zix fires a spike that deals physical damage to the first enemy hit in an area and heals himself if he is within the area.
Khazix,E,Leap,"Kha'Zix leaps, dealing <physicalDamage>{{ totaldamage }} physical damage</physicalDamage> upon landing.{{ spellmodifierdescriptionappend }}","['physical_damage', 'skillshot', 'self_cast', 'melee_range', 'instant_cast', 'damage_reduction_buff']",Kha'Zix leaps to deal physical damage to a target and reduces incoming damage briefly.
Khazix,R,Void Assault,"<spellActive>Active:</spellActive> Kha'Zix becomes <keywordStealth>Invisible</keywordStealth> for {{ stealthduration }} seconds and gains <speed>{{ bonusmovementspeedpercent*100 }}% Move Speed</speed>. Kha'zix may <recast>Recast</recast> this Ability once within {{ recastwindow }} seconds.<br /><br /><spellPassive>Passive:</spellPassive> Leveling up this Ability allows Kha'zix to <evolve>Evolve</evolve> one of his Abilities, granting it additional effects.<li><spellName>Taste Their Fear:</spellName> Gain Ability range, Attack range, and lowers Cooldown by {{ spell.khazixq:effect4amount }}% against <keywordMajor>Isolated</keywordMajor> targets.<li><spellName>Void Spike:</spellName> Fires 3 spikes and <status>Slows</status> by {{ spell.khazixw:effect3amount }}%, increased against <keywordMajor>Isolated</keywordMajor> targets.<li><spellName>Leap:</spellName> Increased range and refreshes Cooldown on champion takedown.<li><spellName>Void Assault:</spellName> <keywordStealth>Invisibility</keywordStealth> duration lasts {{ evolvedstealthduration }} seconds and gains second <recast>Recast</recast>.{{ spellmodifierdescriptionappend }}","['passive_ability', 'stealth', 'movement_speed_buff', 'recast', 'evolve', 'isolated_targeting']","Kha'Zix's passive ability allows him to evolve his other abilities, with each evolution providing unique benefits. His Q ability grants range, attack range, and reduces cooldown against isolated targets. W ability slows enemies and benefits from isolated targets. E ability refreshes cooldown on champion takedown and increases range. R ability provides extended invisibility duration and can be recast."
Kindred,Passive,Mark of the Kindred,Kindred can mark targets to Hunt. Successfully completing a Hunt permanently empowers Kindred's basic abilities. Every 4 hunts completed also increases Kindred's basic attack range.,"['passive_ability', 'self_setup', 'level_scaling', 'ad_scaling', 'offensive_stat_buff', 'range_increase']","Passive ability that empowers Kindred's basic abilities after successfully completing hunts, with increased basic attack range every 4 hunts."
Kindred,Q,Dance of Arrows,"Kindred vaults, firing an arrow at up to 3 enemies, dealing <physicalDamage>{{ totaldamage }} physical damage</physicalDamage> and gaining <attackSpeed>{{ totalqattackspeed }} Attack Speed</attackSpeed> for {{ e8 }} seconds.<br /><br />While inside of <spellName>Wolf's Frenzy</spellName>, this Ability's Cooldown is reduced to {{ e4 }} seconds.{{ spellmodifierdescriptionappend }}","['aoe', 'physical_damage', 'attack_speed_debuff', 'targeted', 'combo_finisher', 'low_cooldown']","Kindred's Q ability fires an arrow at up to 3 enemies, dealing physical damage and providing attack speed buff upon landing."
Kindred,W,Wolf's Frenzy,"<spellPassive>Passive:</spellPassive> Kindred gains stacks as they move and attack. At 100 stacks, Kindred's next Attack restores up to <healing>{{ attackheal }} Health</healing> based on their missing Health.<br /><br /><spellActive>Active:</spellActive> Kindred claims a territory, ordering Wolf to bite at the last enemy Lamb Attacked. Wolf's bites deal <magicDamage>{{ basewolfdamage }}</magicDamage> plus <magicDamage>{{ percentwolfdamage }} current Health magic damage</magicDamage>.{{ spellmodifierdescriptionappend }}","['passive_ability', 'ally_heal', 'heal_reduction', 'health_or_resists_scaling', 'level_scaling', 'ultimate_cooldown', 'engage_tool', 'team_utility', 'backline_access']","Kindred's passive provides healing based on missing health, while the active orders his wolf to deal magic damage to the last attacked enemy, reducing their health."
Kindred,E,Mounting Dread,"Kindred weakens an enemy, <status>Slowing</status> them by {{ totalslow }}% for {{ slowduration }} second.<br /><br />Kindred's third Attack against the target within {{ totalduration }} seconds of each other directs Wolf to pounce on the enemy, dealing an additional <physicalDamage>{{ basebitedamage }}</physicalDamage> plus <physicalDamage>{{ percentbitedamage }} missing Health physical damage</physicalDamage>.{{ spellmodifierdescriptionappend }}","['soft_cc', 'slow', 'physical_damage', 'missing_or_max_health_scaling', 'combo_finisher', 'enemy_targeted']",Kindred's ability slows an enemy and deals additional physical damage based on their missing health upon the third consecutive attack.
Kindred,R,Lamb's Respite,"Kindred blesses the ground for {{ e2 }} seconds, allowing no unit, ally, enemy, or neutral to die while inside. Upon reaching 10% Health, units can't be damaged or healed while still inside the zone.<br /><br />When the blessing ends, all units inside heal for <healing>{{ e1 }} Health</healing>.{{ spellmodifierdescriptionappend }}","['zone', 'sustain_over_time', 'self_heal', 'ally_heal', 'enemy_targeted', 'no_damage', 'invulnerability_or_stasis', 'resistances_buff', 'level_scaling']","Kindred's ability creates a zone that prevents death and damage/healing for units within it, providing sustain and invulnerability. The effect scales with level."
Kled,Passive,"Skaarl, the Cowardly Lizard","Kled rides his trusty steed, Skaarl, who takes damage for him. When Skaarl's health depletes, Kled dismounts.<br><br>While dismounted, Kled's abilities change and he deals less damage to champions. Kled can restore Skaarl's courage by fighting enemies. At maximum courage, Kled remounts with a portion of Skaarl's health.","['pet_or_summon', 'self_setup', 'combo_starter', 'combo_finisher', 'sustain_over_time', 'mana_cost', 'low_cooldown', 'ultimate_cooldown', 'engage_tool', 'peel_tool', 'waveclear_tool', 'objective_control_tool', 'team_utility']","Kled summons his steed Skaarl, which takes damage for him. While dismounted, Kled's damage is reduced but he can regain Skaarl's health by fighting enemies, allowing him to remount."
Kled,Q,Bear Trap on a Rope,"<keywordMajor>Mounted:</keywordMajor> Kled throws a bear trap that deals <physicalDamage>{{ totaldamage }} physical damage</physicalDamage> and hooks onto the first enemy champion or large jungle monster hit.<br /><br />If Kled stays near a hooked enemy for {{ tetherpoptime }} seconds, he yanks out the trap, dealing <physicalDamage>{{ totalyankdamage }} physical damage</physicalDamage>, <status>Pulling</status> them, and <status>Slowing</status> by {{ slowamount*-100 }}% for {{ slowduration }} seconds.{{ spellmodifierdescriptionappend }}","['aoe', 'ground_targeted', 'trap', 'slow', 'self_cast', 'instant_cast', 'physical_damage']",Kled throws a bear trap that hooks onto enemies and can pull them with reduced speed if left untethered.
Kled,W,Violent Tendencies,<spellPassive>Passive:</spellPassive> Kled's next Attack grants <attackSpeed>{{ attackspeed*100 }}% Attack Speed</attackSpeed> for four Attacks or {{ activeduration }} seconds.<br /><br />The fourth hit deals an additional <physicalDamage>{{ baseflatdamage }} plus {{ percentdamage }} max Health physical damage</physicalDamage>.{{ spellmodifierdescriptionappend }},"['passive_ability', 'attack_speed_debuff', 'physical_damage', 'percent_health_damage', 'combo_starter', 'combo_finisher']","Kled's passive grants increased attack speed and deals bonus damage on the fourth hit, serving as both a combo starter and finisher."
Kled,E,Jousting,"Kled dashes, dealing <physicalDamage>{{ totaldamage }} physical damage</physicalDamage> to enemies he passes through, pulling minions and small monsters towards him.<br /><br />If this Ability hits an enemy champion or large jungle monster, Kled gains <speed>{{ movespeed*100 }}% Move Speed</speed> for {{ movespeedduration }} second(s) and can <recast>Recast</recast> within {{ recastwindow }} seconds to dash back through the same target.{{ spellmodifierdescriptionappend }}","['dps_tool', 'engage_tool', 'mobility_reposition', 'self_cast', 'aoe', 'ground_targeted', 'chargeable', 'low_cooldown']","Kled's Q ability allows him to dash through enemies, dealing physical damage and pulling nearby minions and small monsters. It can be recast to dash back through the same target, providing movement speed and additional utility."
Kled,R,Chaaaaaaaarge!!!,"Kled charges toward an area, leaving a trail that grants allies increasing <speed>Move Speed</speed>. While charging and for 2 seconds after Kled gains up to <shield>{{ maximumshield }} Shield</shield>. Skaarl rams the first enemy champion encountered, dealing <magicDamage>{{ minimumdamagetooltip }}</magicDamage> to <magicDamage>{{ maximumchargedamage }} max Health magic damage</magicDamage> (based on distance travelled) and briefly <status>Knocking Back</status>.{{ spellmodifierdescriptionappend }}","['aoe', 'self_cast', 'movement_speed_buff', 'shield', 'knockup_or_knockback', 'magic_damage', 'targeted', 'engage_tool', 'waveclear_tool']","Kled charges towards an area, buffing allies with increased movement speed and providing a shield. The ultimate also deals magic damage and knocks back the first enemy champion encountered."
KogMaw,Passive,Icathian Surprise,"4 seconds after dying, Kogmaw explodes, dealing true damage to surrounding enemies.","['true_damage', 'aoe', 'skillshot', 'execute_damage', 'ultimate_cooldown', 'engage_tool', 'combo_finisher']","Kogmaw's ultimate ability deals true damage to nearby enemies after he dies, acting as an engage tool and combo finisher."
KogMaw,Q,Caustic Spittle,<spellPassive>Passive:</spellPassive> Kog'Maw gains <attackSpeed>{{ attackspeed*100 }}% Attack Speed</attackSpeed>.<br /><br /><spellActive>Active:</spellActive> Kog'Maw vomits a corrosive projectile that deals <magicDamage>{{ totaldamage }} magic damage</magicDamage> to the first enemy hit and shreds <scaleArmor>{{ shredamount }}% Armor</scaleArmor> and <scaleMR>Magic Resist</scaleMR> for {{ shredduration }} seconds.{{ spellmodifierdescriptionappend }},"['passive_ability', 'active_ability', 'magic_damage', 'armor_mr_shred', 'damage_reduction_buff', 'level_scaling']","Kog'Maw's passive increases his attack speed, while his active launches a projectile that deals magic damage and reduces enemy armor and magic resist for a duration."
KogMaw,W,Bio-Arcane Barrage,Kog'Maw gains {{ range }} Attack Range and his Attacks deal an additional <magicDamage>{{ totalhealthdamage }} max Health magic damage</magicDamage> for {{ duration }} seconds.{{ spellmodifierdescriptionappend }},"['magic_damage', 'true_damage', 'no_damage', 'single_target', 'self_cast', 'ad_scaling', 'level_scaling', 'ultimate_cooldown', 'combo_starter', 'combo_finisher', 'self_setup']","Kog'Maw's attacks gain additional magic and true damage over time, starting and ending with this ability as part of a combo."
KogMaw,E,Void Ooze,"Kog'Maw spits bile, dealing <magicDamage>{{ totaldamage }} magic damage</magicDamage> and leaving a trail of ooze for {{ trailduration }} seconds. Enemies in the ooze are <status>Slowed</status> by {{ slowamount }}%.{{ spellmodifierdescriptionappend }}","['magic_damage', 'slow', 'aoe', 'ground_targeted', 'duration']",Kog'Maw's ability deals magic damage and leaves a slowing trail on the ground.
KogMaw,R,Living Artillery,"Kog'Maw shoots acid at an area, dealing <magicDamage>{{ basedamagecalc }} plus {{ tooltipmissinghealthdamageamp }}% per 1% missing Health magic damage</magicDamage> and revealing enemies hit for 2 seconds. Enemies below <healing>40% Health</healing> instead take <magicDamage>{{ maxdamagecalc }} magic damage</magicDamage>.<br /><br />Subsequent shots within {{ manacostduration }} seconds cost an additional <scaleMana>{{ basecost }} Mana</scaleMana> (max: <scaleMana>{{ manacostcap }} Mana</scaleMana>).{{ spellmodifierdescriptionappend }}","['magic_damage', 'damage_over_time', 'aoe', 'skillshot', 'enemy_targeted', 'low_cooldown', 'ultimate_cooldown', 'poke_tool', 'waveclear_tool', 'objective_control_tool']","Kog'Maw's Acid Spray deals magic damage in an area, revealing enemies and dealing increased damage to those below 40% health. Subsequent shots within a short duration cost more mana."
KSante,Passive,Dauntless Instinct,"K'Sante's Abilities mark targets to take more damage on his next Attack.<br><br>When All Out, K'Sante deals more damage with all Attacks and Abilities.","['enemy_targeted', 'damage_over_time', 'ad_scaling', 'ultimate_cooldown', 'combo_starter', 'combo_finisher']","K'Sante's abilities mark enemies for increased damage, with All Out enhancing his attacks and abilities for higher damage output."
KSante,Q,Ntofo Strikes,"K'Sante slams his weapon, dealing <physicalDamage>{{ basedamage }} physical damage</physicalDamage> and <status>Slowing</status> enemies by {{ slowpercent*100 }}% for {{ slowduration }}s. If he hits, he gains a stack of Ntofo Strikes for {{ recastwindow }} seconds. At 2 stacks, he instead fires a shockwave that <status>Stuns</status> and <status>Pulls</status> enemies for {{ stunduration }} second.<br /><br /><keywordMajor>All Out</keywordMajor>: Cooldown is reduced by {{ rcooldownreduction.0*100 }}%.{{ spellmodifierdescriptionappend }}","['physical_damage', 'slow', 'stun', 'pull', 'skillshot', 'targeted', 'combo_finisher', 'low_cooldown']","K'Sante's ability deals physical damage and applies a slow to enemies, stacking up to two times to create a stun and pull effect."
KSante,W,Path Maker,"K'Sante raises his weapons defensively for {{ mindurationtooltip }}-{{ maxduration.1 }}s, becoming Unstoppable and reducing incoming damage by {{ damagereduction*100 }}%. Then, he rams forward, dealing <physicalDamage>{{ basedamage }} + {{ totalmaxhealthdamage }} max Health physical damage</physicalDamage>. Enemies hit are <status>Knocked Back</status> and <status>Stunned</status> for {{ minknockbackduration }}-{{ maxknockbackduration }}s (based on charge time).<br /><br /><keywordMajor>All Out:</keywordMajor> Cooldown is refreshed. Deals an additional {{ rdamageincreasemin*100 }}-{{ rdamageincreasemax*100 }}% damage as <trueDamage>true damage</trueDamage> (based on charge time), damage reduction is increased to {{ rdamagereduction*100 }}% and dash speed is increased, but no longer <status>Knocks Back</status> or <status>Stuns</status>.{{ spellmodifierdescriptionappend }}","['unstoppable_movement', 'damage_reduction_buff', 'knockback', 'stun', 'true_damage', 'ultimate_cooldown', 'chargeable', 'persistent_area_or_trap', 'combo_finisher']",K'Sante becomes unstoppable and reduces incoming damage while charging forward to deal physical damage and knock back/stun enemies. The ultimate can be recharged and deals true damage with increased damage and reduced cooldown on second use.
KSante,E,Footwork,"K'Sante dashes, gaining <shield>{{ totalshield }} Shield</shield> for {{ shieldduration }} seconds. If dashing to an ally, the distance of the dash is significantly increased and the ally is also <shield>Shielded</shield>.<br /><br /><keywordMajor>All Out</keywordMajor>: Cooldown is decreased by {{ cooldownmodao*100 }}% and dash speed is increased.{{ spellmodifierdescriptionappend }}","['shield', 'self_cast', 'ally_targeted', 'mobility_reposition', 'cast_time', 'ultimate_cooldown', 'team_utility']","K'Sante's ultimate ability shields him and an ally, increasing dash distance and duration when targeting an ally. The ability has a cast time and reduced cooldown with the ""All Out"" keyword."
KSante,R,All Out,"K'Sante shatters his ntofos to <status>Knock Back</status> an enemy champion, dealing <physicalDamage>{{ basedamage }} physical damage</physicalDamage>, then dashes behind them and goes <keywordMajor>All Out</keywordMajor> for {{ alloutduration }}s. If the enemy would hit a wall, they are <status>Knocked Back</status> through the wall and K'Sante strikes them again for <physicalDamage>{{ totaldamageslamdown }} physical damage</physicalDamage>.<br /><br />While <keywordMajor>All Out</keywordMajor>, K'Sante's Abilities are upgraded and he gains <attackSpeed>{{ attackspeed*100 }}% Attack Speed</attackSpeed>, {{ armorpenpercent*100 }}% Bonus Armor Penetration, and <omnivamp>{{ omnivamp*100 }}% Omnivamp</omnivamp>, but loses <healing>{{ healthlost*100 }}% max Health</healing>, <scaleArmor>{{ defenseslost*100 }}% Bonus Armor</scaleArmor>, and <scaleMR>{{ defenseslost*100 }}% Bonus Magic Resistance</scaleMR>.{{ spellmodifierdescriptionappend }}","['enemy_targeted', 'knockup_or_knockback', 'physical_damage', 'damage_reduction_buff', 'attack_speed_debuff', 'ultimate_cooldown', 'combo_finisher', 'self_setup']","K'Sante's ultimate ability Knock Back an enemy champion, deals physical damage, and provides himself with increased attack speed and reduced armor/magic resistance while debuffing the target's health and defenses."
Leblanc,Passive,Mirror Image,"When LeBlanc drops below 40% Health, she becomes invisible for 1 second and creates a Mirror Image that deals no damage and lasts for up to 8 seconds.","['invisible', 'self_cast', 'no_damage', 'invisibility', 'duration', 'mirror_image', 'stealth', 'vision_loss']","LeBlanc becomes invisible and creates a non-damaging mirror image that lasts for up to 8 seconds when her health drops below 40%. The ability provides invisibility and stealth, potentially allowing for repositioning or setting up future abilities."
Leblanc,Q,Sigil of Malice,"LeBlanc projects a sigil to an enemy, dealing <magicDamage>{{ damage }} magic damage</magicDamage> and marking them for {{ markduration }} seconds.<br /><br />Damaging the marked enemy with an Ability detonates the sigil, dealing <magicDamage>{{ markdamage }} magic damage</magicDamage>.<br /><br />If either part kills the target, Leblanc refunds {{ manarefund*100 }}% of the Mana cost and {{ cooldownrefund*100 }}% of this spell's remaining Cooldown.<br /><br /><rules>The initial sigil deals an additional {{ bonusminiondamage }} damage to minions. </rules>{{ spellmodifierdescriptionappend }}","['magic_damage', 'aoe', 'skillshot', 'targeted', 'refund_on_kill', 'mark']","LeBlanc projects a sigil to an enemy, dealing magic damage and marking them. Damaging the marked enemy detonates the sigil, dealing more damage. Killing the target refunds mana and reduces cooldown."
Leblanc,W,Distortion,"LeBlanc dashes then deals <magicDamage>{{ totaldamage }} magic damage</magicDamage> to nearby enemies. For {{ e3 }} seconds after dashing, LeBlanc can <recast>Recast</recast>.<br /><br /><recast>Recast:</recast> LeBlanc returns to her starting location.{{ spellmodifierdescriptionappend }}","['aoe', 'skillshot', 'magic_damage', 'recast', 'return', 'channeled', 'ultimate_cooldown', 'engage_tool', 'combo_finisher']","LeBlanc's ultimate ability allows her to dash to a location, deal magic damage to nearby enemies, and then recast to return to her original position."
Leblanc,E,Ethereal Chains,"LeBlanc launches a chain that shackles the first enemy hit, dealing <magicDamage>{{ initialdamage }} magic damage</magicDamage> and granting <keywordStealth>True Sight</keywordStealth>.<br /><br />If they remain shackled for {{ e3 }} seconds, LeBlanc <status>Roots</status> them for {{ e4 }} seconds and deals an additional <magicDamage>{{ delayeddamage }} magic damage</magicDamage>.{{ spellmodifierdescriptionappend }}","['magic_damage', 'true_sight', 'root', 'aoe', 'enemy_targeted', 'low_cooldown', 'ultimate_cooldown', 'combo_finisher', 'self_setup']","LeBlanc's ability stuns and damages enemies while providing True Sight, making it useful for setting up combos and controlling the battlefield."
Leblanc,R,Mimic,"LeBlanc mimics her most recent Ability, using it again. The mimicked Ability deals increased damage.<br /><br /><spellName>Mimicked Sigil of Malice</spellName> deals <magicDamage>{{ rq1damage }} magic damage</magicDamage> when applied, and <magicDamage>{{ rq2damage }} magic damage</magicDamage> when consumed.<br /><spellName>Mimicked Distortion</spellName> deals <magicDamage>{{ rwdamage }} magic damage</magicDamage>.<br /><spellName>Mimicked Ethereal Chains</spellName> deals <magicDamage>{{ re1damage }} magic damage</magicDamage> when shackled and <magicDamage>{{ re2damage }} magic damage</magicDamage> when <status>Rooting</status>.{{ spellmodifierdescriptionappend }}","['magic_damage', 'no_damage', 'aoe', 'skillshot', 'targeted', 'combo_finisher', 'ultimate_cooldown', 'combo_starter', 'followup_only', 'channeled', 'spell_shield']","LeBlanc's ultimate ability allows her to mimic her previous skill, dealing increased magic damage in various forms, including AoE and skillshot attacks with additional effects like root."
LeeSin,Passive,Flurry,"After Lee Sin uses an ability, his next 2 basic attacks gain Attack Speed and return Energy.","['self_cast', 'offensive_stat_buff', 'attack_speed_buff', 'energy_gain', 'instant_cast']",Lee Sin's basic attacks gain Attack Speed and return Energy after using an ability.
LeeSin,Q,Sonic Wave / Resonating Strike,"Lee Sin projects a discordant wave of sound, dealing <physicalDamage>{{ initialdamage }} physical damage</physicalDamage> to the first enemy hit, granting <keywordStealth>True Sight</keywordStealth> of them, and allows Lee Sin to <recast>Recast</recast> for the next {{ reactivatetime }} seconds.<br /><br /><recast>Recast:</recast> Lee Sin dashes to the enemy hit by the sound wave, dealing between <physicalDamage>{{ recastdamage }} to {{ empowereddamage }} physical damage</physicalDamage> scaling with the target's missing Health. {{ spellmodifierdescriptionappend }}","['physical_damage', 'true_sight', 'recast', 'aoe', 'enemy_targeted', 'instant_cast', 'level_scaling', 'ultimate_cooldown', 'engage_tool', 'combo_finisher']","Lee Sin's ultimate ability deals physical damage and grants True Sight on the first enemy hit, allowing for an additional dash and damage based on the target's missing health."
LeeSin,W,Safeguard / Iron Will,"Lee Sin dashes to an ally or ward. If the target is a champion, Lee Sin grants them and himself <shield>{{ shieldamount }} Shield</shield> for {{ shieldduration }} seconds and reduces this Ability's Cooldown by {{ w1cooldownrecovered*100 }}%. Lee Sin may <recast>Recast</recast> for the next {{ w1reactivatetime }} seconds.<br /><br /><recast>Recast:</recast> Lee Sin gains {{ lifestealandspellvamp }}% Omnivamp for {{ lifestealandspellvamptime }} seconds.{{ spellmodifierdescriptionappend }}","['ally_targeted', 'shield', 'self_cast', 'low_cooldown', 'recast', 'omnivamp']",Lee Sin's ability provides a shield to an ally or ward and can be recast to grant omnivamp.
LeeSin,E,Tempest / Cripple,"Lee Sin smashes the ground, sending out a shockwave that deals <magicDamage>{{ initialdamage }} magic damage</magicDamage> and reveals them for {{ slowduration }} seconds. If this hits an enemy, Lee Sin can <recast>Recast</recast> for the next {{ reactivatetime }} seconds.<br /><br /><recast>Recast:</recast> Lee Sin <status>Slows</status> nearby enemies struck by the shockwave by {{ slowamount }}% decaying over {{ slowduration }} seconds.{{ spellmodifierdescriptionappend }}","['magic_damage', 'reveal', 'slow', 'channeled', 'recast', 'persistent_area_or_trap']","Lee Sin's ability deals magic damage and reveals targets, slowing them with a debuff that persists over time. The ability can be recast to extend its duration and effect area."
LeeSin,R,Dragon's Rage,Lee Sin performs a powerful roundhouse kick <status>Knocking Back</status> an enemy champion and dealing <physicalDamage>{{ damage }} physical damage</physicalDamage>.<br /><br />Enemies the target collides with are briefly <status>Knocked Up</status> and take <physicalDamage>{{ damage }} plus {{ percenthpcarrythrough }}% of the kicked enemy's bonus Health as physical damage</physicalDamage>.{{ spellmodifierdescriptionappend }},"['enemy_targeted', 'aoe', 'knockup_or_knockback', 'physical_damage', 'percent_health_damage']","Lee Sin's Roundhouse Kick knocks back the target enemy and deals physical damage to the target and nearby enemies, with additional damage based on the target's bonus health."
Leona,Passive,Sunlight,"Damaging spells afflict enemies with Sunlight for 1.5 seconds. When allied Champions deal damage to those targets, they consume the Sunlight to deal additional magic damage.","['aoe', 'magic_damage', 'damage_over_time', 'ally_targeted', 'sustain_over_time', 'combo_finisher']",This ability deals magic damage over time to enemies and allows allies to consume the effect to deal additional damage.
Leona,Q,Shield of Daybreak,Leona's next Attack <status>Stuns</status> for {{ e1 }} seconds and deals an additional <magicDamage>{{ totaldamagetooltip }}</magicDamage> magic damage.{{ spellmodifierdescriptionappend }},"['stun', 'magic_damage', 'single_target', 'hard_cc', 'ultimate_cooldown', 'engage_tool', 'combo_finisher']","Leona's next attack stuns the target for 1.5 seconds and deals additional magic damage, serving as an engage tool and combo finisher with ultimate cooldown."
Leona,W,Eclipse,"Leona raises her shield, reducing incoming damage by {{ flatdamagereduction }} and gaining <scaleArmor>{{ bonusarmortooltip }} Armor</scaleArmor> and <scaleMR>{{ bonusmrtooltip }} Magic Resist</scaleMR> for {{ e3 }} seconds. Afterwards, her shield detonates, dealing <magicDamage>{{ totaldamagetooltip }} magic damage</magicDamage> to nearby enemies. If she hits at least one, she retains the <scaleArmor>Armor</scaleArmor> and <scaleMR>Magic Resist</scaleMR> bonuses for an additional {{ e3 }} seconds.<br />{{ spellmodifierdescriptionappend }}","['magic_damage', 'damage_reduction_buff', 'armor_mr_shred', 'sustained_damage', 'aoe', 'self_cast', 'ultimate_cooldown', 'combo_finisher', 'followup_only']","Leona's ultimate ability provides armor and magic resist while reducing incoming damage, then deals area-of-effect magic damage to nearby enemies if any are hit."
Leona,E,Zenith Blade,"Leona thrusts with a sword of light, dealing <magicDamage>{{ totaldamagetooltip }} magic damage</magicDamage>. The last champion struck will be <status>Rooted</status> for {{ e2 }} seconds and Leona will dash to them.{{ spellmodifierdescriptionappend }}","['magic_damage', 'root', 'self_cast', 'targetted', 'displacement_pull_or_push', 'engage_tool', 'combo_finisher']","Leona's Q ability deals magic damage and roots the last struck champion, then dashes to them."
Leona,R,Solar Flare,Leona calls down a radiant beam of solar energy dealing <magicDamage>{{ explosioncalculateddamage }} magic damage</magicDamage> and <status>Slowing</status> by {{ slowpercent }}% for {{ ccduration }} seconds. Enemies in the center of the flare are <status>Stunned</status> instead of <status>Slowed</status>.{{ spellmodifierdescriptionappend }},"['magic_damage', 'slow', 'stun', 'aoe', 'targeted', 'skillshot']",Leona's ability deals magic damage and applies slow or stun to enemies in an area.
Lillia,Passive,Dream-Laden Bough,Hitting a champion or monster with a skill will deal additional max Health damage over time.,"['true_damage', 'damage_over_time', 'enemy_targeted', 'level_scaling', 'missing_or_max_health_scaling']","Deals max Health damage over time to hit enemies, scaling with level and target's missing/max Health."
Lillia,Q,Blooming Blows,"<spellPassive>Passive:</spellPassive> Lillia's Ability hits grant <speed>{{ prancespeed }} Move Speed</speed> for {{ pranceduration }} seconds, stacking up to {{ prancemaxstacks }} times.<br /><br /><spellActive>Active:</spellActive> Lillia whirls her censer, dealing <magicDamage>{{ totaldamage }} magic damage</magicDamage>, plus an additional <trueDamage>{{ bonustruedamage }} true damage</trueDamage> at the outer edge.{{ spellmodifierdescriptionappend }}","['ally_targeted', 'aoe', 'magic_damage', 'true_damage', 'no_cost', 'instant_cast', 'medium_range', 'mobility_reposition', 'self_cast', 'combo_starter', 'combo_finisher', 'team_utility']","Lillia's ability provides movement speed to herself and allies in an area, dealing magic and true damage. The active can be used as both a combo starter and finisher, offering utility and damage to the team. The ability has no cost and is cast instantly."
Lillia,W,Watch Out! Eep!,"Lillia winds up a huge strike, dealing <magicDamage>{{ flatdamage }} magic damage</magicDamage>. Enemies in the center take <magicDamage>{{ flatdamagesweetspot }} damage</magicDamage> instead.{{ spellmodifierdescriptionappend }}","['magic_damage', 'aoe', 'enemy_targeted', 'medium_range', 'ultimate_cooldown', 'burst_tool']","Lillia performs a large strike that deals magic damage to enemies in its area, with increased damage to those in the center."
Lillia,E,Swirlseed,"Lillia lobs a swirlseed overhead, dealing <magicDamage>{{ impactdamagetotal }} magic damage</magicDamage> where it lands and revealing and <status>Slowing</status> them by {{ slowamount*100 }}% for {{ slowduration }} seconds. If no enemies are hit, the seed rolls until it hits an enemy or collides with terrain.{{ spellmodifierdescriptionappend }}","['magic_damage', 'slow', 'aoe', 'ground_targeted', 'self_cast', 'low_cooldown', 'poke_tool', 'waveclear_tool']",Lillia throws a swirlseed that deals magic damage and slows enemies on impact or when it hits terrain.
Lillia,R,Lilting Lullaby,"Lillia causes all enemy champions with <keywordMajor>Dream Dust</keywordMajor> to become <status>Drowsy</status> for {{ drowsyduration }} seconds. Afterward, they fall <status>Asleep</status> for {{ sleepduration }} seconds.<br /><br />When awakened by damage, they take an additional <magicDamage>{{ totaldamage }} magic damage</magicDamage>.{{ spellmodifierdescriptionappend }}","['soft_cc', 'soft_cc_effect', 'sleep_or_drowsy', 'damage_over_time', 'enemy_targeted', 'ultimate_cooldown', 'combo_finisher', 'team_utility']","Lillia's ability puts enemies under a drowsy effect that can be followed by a sleep effect, dealing magic damage upon awakening."
Lissandra,Passive,Iceborn Subjugation,"When an enemy champion dies near Lissandra they become a Frozen Thrall. Frozen Thralls slow nearby enemies and then, after a delay, shatter from the intense cold, dealing magic damage to nearby targets.","['enemy_targeted', 'aoe', 'magic_damage', 'slow', 'ultimate_cooldown', 'combo_finisher', 'self_setup']",Creates a frozen thrall from a dead enemy that slows and damages nearby enemies upon shattering.
Lissandra,Q,Ice Shard,"Lissandra throws a spear of ice that shatters on the first enemy hit, dealing <magicDamage>{{ totaldamage }} magic damage</magicDamage>, <status>Slowing</status> them by {{ e3 }}% for {{ e2 }} seconds, and also damaging and slowing the enemies behind them.{{ spellmodifierdescriptionappend }}","['magic_damage', 'slow', 'aoe', 'targeted', 'skillshot']","Lissandra's ability deals magic damage and applies a slow to the first enemy hit, while also damaging and slowing any additional enemies behind the initial target."
Lissandra,W,Ring of Frost,"Lissandra creates an ice field, <status>Rooting</status> nearby enemies for {{ e2 }} seconds and dealing <magicDamage>{{ totaldamage }} magic damage</magicDamage>.{{ spellmodifierdescriptionappend }}","['stun', 'magic_damage', 'aoe', 'skillshot', 'hard_cc']",Lissandra's ability roots and deals magic damage to nearby enemies in an area.
Lissandra,E,Glacial Path,Lissandra casts forth an ice claw that deals <magicDamage>{{ totaldamage }} magic damage</magicDamage>. Lissandra can <recast>Recast</recast> while the claw travels to teleport to its location.{{ spellmodifierdescriptionappend }},"['magic_damage', 'skillshot', 'targeted', 'teleport', 'recast']",Lissandra's ice claw deals magic damage to a target and allows her to teleport to the location upon recasting.
Lissandra,R,Frozen Tomb,"Lissandra encases herself or an enemy champion in ice. Enemies are <status>Stunned</status> for {{ enemycastduration }} seconds. When self cast, Lissandra enters Stasis for {{ selfcastduration }} seconds and restores <healing>{{ healamount }} Health</healing>, increased by {{ selfcastmissinghpratio }}% for each {{ selfcastmissinghpperabove }}% missing Health.<br /><br />In either case, dark ice eminates from the target, dealing <magicDamage>{{ calculateddamage }} magic damage</magicDamage>. The ice persists for {{ slowduration }} seconds, <status>Slowing</status> enemies by {{ slowamount*-100 }}%.{{ spellmodifierdescriptionappend }}","['stun', 'magic_damage', 'self_cast', 'heal', 'slow', 'ultimate_cooldown', 'ultimate']",Lissandra's ultimate ability stuns enemies or herself and applies a slowing effect to the target area.
Lucian,Passive,Lightslinger,"Whenever Lucian uses an ability, his next attack becomes a double-shot. When Lucian is healed or shielded by an ally, or when a nearby enemy Champion is immobilized, his next 2 basic attacks will deal bonus magic damage.","['passive_ability', 'magic_damage', 'bonus_damage', 'ally_heal', 'self_heal', 'soft_cc', 'aoe']","Lucian's abilities grant him bonus magic damage on his next two attacks if he is healed, shielded, or if a nearby enemy is immobilized."
Lucian,Q,Piercing Light,"Lucian shoots a bolt of piercing light, dealing <physicalDamage>{{ totaldamage }} physical damage</physicalDamage>.<br />{{ spellmodifierdescriptionappend }}","['physical_damage', 'single_target', 'skillshot', 'ultimate_cooldown', 'engage_tool', 'burst_tool', 'combo_starter']","Lucian's ultimate ability deals physical damage to a single target, serving as an engage and burst tool in team fights."
Lucian,W,Ardent Blaze,"Lucian fires a shot that explodes at the end of its range or on the first enemy hit, dealing <magicDamage>{{ totaldamage }} magic damage</magicDamage>, briefly revealing enemies and marking them for 6 seconds.<br /><br />When Lucian or an ally damages a marked enemy, Lucian gains <speed>{{ e2 }} Move Speed</speed> for 1 second. Allies triggering this effect will also grant Lucian <attention>Vigilance</attention>.{{ spellmodifierdescriptionappend }}","['magic_damage', 'aoe', 'skillshot', 'enemy_targeted', 'poke_tool', 'engage_tool', 'team_utility', 'reveals_stealth']",Lucian's ability deals magic damage to enemies and provides vision and movement speed boosts to allies when damaging marked targets.
Lucian,E,Relentless Pursuit,Lucian dashes.<br /><br />Cooldown is reduced by {{ e1 }} second whenever Lucian hits an enemy with <spellName>Lightslinger</spellName> ({{ e2 }} seconds for champions). {{ spellmodifierdescriptionappend }},"['dps_tool', 'mobility_reposition', 'self_cast', 'ad_scaling', 'low_cooldown']","Lucian dashes to an enemy, reducing cooldown on his other attacks when hitting an enemy."
Lucian,R,The Culling,"Lucian rapidly fires <keywordMajor>{{ totalnumshots }}</keywordMajor> shots in a direction for {{ duration }} seconds or until he <recast>Recasts</recast>. Each shot deals <physicalDamage>{{ damageperbullet }} physical damage</physicalDamage> to the first enemy hit.<br /><br />While firing, Lucian may use <spellName>Relentless Pursuit</spellName>.<br /><br />Total Damage: <physicalDamage>{{ totaldamage }} physical damage</physicalDamage><br />{{ spellmodifierdescriptionappend }}","['aoe', 'skillshot', 'physical_damage', 'instant_cast', 'combo_starter', 'combo_finisher', 'engage_tool', 'poke_tool', 'waveclear_tool', 'ultimate_cooldown']","Lucian's Rapid Fire ability allows him to shoot multiple projectiles in a direction, dealing physical damage to enemies hit. It can be used as both an engage and poke tool, with the potential to start and finish combos."
Lulu,Passive,"Pix, Faerie Companion","Pix fires magical bolts of energy whenever the champion he's following attacks another enemy unit. These bolts are homing, but can be intercepted by other units.","['magic_damage', 'aoe', 'skillshot', 'targeted', 'followup_only', 'instant_cast']",Pix launches homing magical bolts that hit nearby enemies when the target champion attacks another enemy.
Lulu,Q,Glitterlance,"Lulu and Pix each fire a piercing bolt dealing <magicDamage>{{ totaldamage }} magic damage</magicDamage> and <status>Slowing</status> by {{ slowamount*-100 }}%, decaying over {{ slowduration }} seconds.<br /><br />Enemies take <magicDamage>{{ bonusmissiledamage }} magic damage</magicDamage> from additional bolts.{{ spellmodifierdescriptionappend }}","['magic_damage', 'slow', 'aoe', 'skillshot', 'enemy_targeted', 'level_scaling']","Lulu and Pix fire piercing bolts that deal magic damage and apply a slowing effect, with additional damage and slow from subsequent bolts."
Lulu,W,Whimsy,"When used on an ally, Lulu grants <speed>{{ totalms }} Move Speed</speed> and <attackSpeed>{{ e7 }}% Attack Speed</attackSpeed> for {{ e5 }} seconds.<br /><br />When used on an enemy, Lulu <status>Polymorphs</status> them for {{ e3 }} seconds.{{ spellmodifierdescriptionappend }}","['self_targeted', 'ally_targeted', 'enemy_targeted', 'speed_buff', 'attack_speed_buff', 'cc', 'polymorph', 'duration']",Lulu's ability provides movement and attack speed buffs to allies and polymorphs enemies with reduced speed and attack speed.
Lulu,E,"Help, Pix!","When used on an ally, Pix jumps to them and grants <spellName>Pix, Faerie Companion</spellName> for {{ e1 }} seconds. If the ally is a champion, Pix also grants <shield>{{ totalshield }} Shield</shield> for {{ e7 }} seconds.<br /><br />When used on an enemy champion, Pix hampers them, dealing <magicDamage>{{ totaldamage }} magic damage</magicDamage> and granting <keywordStealth>True Sight</keywordStealth> of them for {{ e6 }} seconds.{{ spellmodifierdescriptionappend }}","['ally_targeted', 'enemy_targeted', 'magic_damage', 'shield', 'true_sight', 'stealth_reveal']","Pix can jump to an ally to grant a shield and True Sight on enemies, or deal magic damage and reveal enemy stealth."
Lulu,R,Wild Growth,"Lulu enlarges an ally, <status>Knocking Up</status> surrounding enemies for {{ knockbackduration }} second. The enlarged ally gains <healing>{{ totalbonushealth }} max Health</healing> and <status>Slows</status> surrounding enemies by {{ slowpercent }}% for {{ buffduration }} seconds.{{ spellmodifierdescriptionappend }}","['aoe', 'knockup_or_knockback', 'slow', 'self_cast', 'ally_targeted', 'medium_range', 'ultimate_cooldown', 'engage_tool', 'peel_tool', 'zoning_tool']","Lulu enlarges an ally, knocking up surrounding enemies and slowing them, providing self-buff and area control."
Lux,Passive,Illumination,"Lux's damaging spells charge the target with energy for a few seconds. Lux's next attack ignites the energy, dealing bonus magic damage (depending on Lux's level) to the target.","['magic_damage', 'aoe', 'skillshot', 'enemy_targeted', 'level_scaling', 'ultimate_cooldown', 'burst_tool']","Lux's damaging spells charge the target with energy, and her next attack ignites the energy, dealing bonus magic damage based on her level."
Lux,Q,Light Binding,"Lux fires a ball of light, <status>Rooting</status> the first two enemies for {{ e3 }} seconds and dealing <magicDamage>{{ totaldamagett }} magic damage</magicDamage> to each.{{ spellmodifierdescriptionappend }}","['magic_damage', 'root', 'aoe', 'enemy_targeted', 'low_cooldown', 'ultimate_cooldown', 'combo_finisher', 'self_setup']",Lux's ultimate ability roots and deals magic damage to the first two enemies it hits.
Lux,W,Prismatic Barrier,"Lux throws her wand, granting <shield>{{ totalshieldtt }} Shield</shield> for {{ e3 }} seconds to allies it passes through. Then it returns, granting the same <shield>Shield</shield> on its return.{{ spellmodifierdescriptionappend }}","['shield', 'self_cast', 'ally_targeted', 'ground_targeted', 'persistent_area_or_trap', 'no_damage', 'low_cooldown', 'ultimate_cooldown', 'team_utility', 'sustain_over_time']","Lux's ultimate ability provides shields to allies in its path and upon return, enhancing team utility and sustain over time."
Lux,E,Lucent Singularity,"Lux creates a light zone that <status>Slows</status> by {{ e1 }}% and reveals the area. After {{ e3 }} seconds or on <recast>Recasting</recast> this Ability, it detonates, dealing <magicDamage>{{ totaldamagett }} magic damage</magicDamage> and <status>Slowing</status> for an additional {{ slowlingerduration }} second.{{ spellmodifierdescriptionappend }}","['aoe', 'slow', 'magic_damage', 'reveal', 'zone', 'channeled', 'persistent_area_or_trap']","Lux creates a slowing, revealing light zone that can be recast to deal magic damage and extend the slow effect."
Lux,R,Final Spark,"Lux fires a dazzling ray of light, dealing <magicDamage>{{ totaldamage }} magic damage</magicDamage> to all enemies in a line.{{ spellmodifierdescriptionappend }}","['magic_damage', 'aoe', 'skillshot', 'enemy_targeted', 'channeling', 'ultimate_cooldown', 'burst_tool']","Lux's ultimate ability fires a line of light, dealing magic damage to all enemies in its path."
Malphite,Passive,Granite Shield,"Malphite is shielded by a layer of rock which absorbs damage up to 10% of his maximum Health. If Malphite has not been hit for a few seconds, this effect recharges.","['shield', 'damage_reduction_buff', 'resistances_buff', 'self_heal', 'sustain_over_time', 'health_or_resists_scaling', 'level_scaling']","Malphite gains a shield that absorbs damage based on a percentage of his maximum Health, with the shield recharging over time if he remains undamaged."
Malphite,Q,Seismic Shard,"Malphite launches a shard of earth at an enemy, dealing <magicDamage>{{ qdamagecalc }} magic damage</magicDamage> and <status>Slowing</status> them by {{ e2 }}% for {{ slowduration }} seconds. Malphite also steals the amount <status>Slowed</status>, gaining it as <speed>Move Speed</speed> for {{ slowduration }} seconds.{{ spellmodifierdescriptionappend }}","['magic_damage', 'slow', 'self_cast', 'ally_targeted', 'medium_range', 'ad_scaling', 'mana_cost', 'low_cooldown', 'combo_starter', 'followup_only']","Malphite's Q ability slows and deals magic damage to an enemy, while also granting himself movement speed based on the duration of the slow."
Malphite,W,Thunderclap,<spellPassive>Passive: </spellPassive>Malphite gains <scaleArmor>{{ bonusarmorpassive*100 }}% Armor (%i:scaleArmor%{{ f1 }})</scaleArmor>. This effect is increased to <scaleArmor>{{ bonusarmorpassive*300 }}% (%i:scaleArmor%{{ f2 }})</scaleArmor> while <spellName>Granite Shield</spellName> is active.<br /><br /><spellPassive>Active: </spellPassive>Malphite's next Attack deals an additional <physicalDamage>{{ totalbonusdamage }} physical damage</physicalDamage> and creates an aftershock which deals <physicalDamage>{{ thunderclapsplash }} physical damage</physicalDamage> in their direction. His Attacks continue to create aftershocks for the next {{ thunderclapbuffduration }} seconds.{{ spellmodifierdescriptionappend }},"['passive_ability', 'armor_scaling', 'physical_damage', 'aoe', 'instant_cast']","Malphite's passive increases his armor, while his active ability deals physical damage and creates aftershocks in a radius."
Malphite,E,Ground Slam,"Malphite slams the ground, dealing <magicDamage>{{ edamagecalc }} magic damage</magicDamage> and reducing <attackSpeed>Attack Speed by {{ asreduction }}%</attackSpeed> for {{ duration }} seconds.{{ spellmodifierdescriptionappend }}","['magic_damage', 'attack_speed_debuff', 'enemy_targeted', 'duration', 'cast_time', 'low_cooldown', 'team_utility', 'poke_tool']",Malphite's ability deals magic damage to enemies and reduces their attack speed for a duration.
Malphite,R,Unstoppable Force,"Malphite charges with the force of a landslide, dashing Unstoppably. At the end of the dash, Malphite <status>Knocks Up</status> for {{ knockupduration }} seconds and deals <magicDamage>{{ totaldamage }} magic damage</magicDamage>.{{ spellmodifierdescriptionappend }}","['unstoppable_movement', 'knockup_or_knockback', 'magic_damage', 'aoe', 'ultimate_cooldown', 'engage_tool', 'combo_finisher']","Malphite's ultimate ability allows him to dash forward and knock up enemies, dealing magic damage in an area."
Malzahar,Passive,Void Shift,"When he hasn't recently taken damage or been crowd controlled, Malzahar gains massive damage reduction and crowd control immunity, lingering for a short period after taking damage.","['damage_reduction_buff', 'cc_immunity_or_tenacity', 'self_setup', 'sustain_over_time', 'resistances_buff', 'invulnerability_or_stasis', 'level_scaling']",Malzahar gains significant damage reduction and immunity to crowd control effects for a short duration after not taking damage or being crowd controlled.
Malzahar,Q,Call of the Void,"Malzahar opens two portals to the Void that fire projectiles inward, dealing <magicDamage>{{ totaldamagetooltip }} magic damage</magicDamage> and <status>Silencing</status> for {{ e2 }} second(s).{{ spellmodifierdescriptionappend }}","['magic_damage', 'silencing', 'aoe', 'skillshot', 'enemy_targeted', 'ultimate_cooldown', 'combo_finisher']","Malzahar's ultimate ability creates two portals that shoot projectiles inward, dealing magic damage and silencing enemies for 2 seconds."
Malzahar,W,Void Swarm,<spellPassive>Passive:</spellPassive> Malzahar's other Abilities give him a stack when cast (max {{ stackcap }}).<br /><br /><spellActive>Active:</spellActive> Malzahar summons a Voidling plus an additional Voidling per stack. Voidlings last {{ voidlingduration }} seconds and deal <magicDamage>{{ voidlingbonusdamagetooltip }} magic damage</magicDamage> each hit.{{ spellmodifierdescriptionappend }},"['passive_ability', 'pet_or_summon', 'aoe', 'magic_damage', 'level_scaling']",Malzahar's passive stacks with his abilities to summon Voidlings that deal AoE magic damage.
Malzahar,E,Malefic Visions,"Malzahar inflicts terrible visions, dealing <magicDamage>{{ totaldamage }} magic damage</magicDamage> over {{ duration }} seconds. Applying <spellName>Call of the Void</spellName> or <spellName>Nether Grasp</spellName> to the victim during this time refreshes the visions.<br /><br />If the victim dies, Malzahar gains <scaleMana>{{ manarestore }} Mana</scaleMana> and the visions spread to the nearest enemy.<br /><br /><rules>Malefic Visions executes minions below {{ minionexecutethreshold }} Health.</rules>{{ spellmodifierdescriptionappend }}","['magic_damage', 'damage_over_time', 'refreshable', 'execute_damage', 'aoe', 'self_setup', 'ultimate_cooldown', 'combo_starter', 'combo_finisher']","Malzahar's Malefic Visions deals magic damage over time to a target, which can be refreshed by applying other abilities. If the target dies, the effect spreads to nearby enemies. The ability can execute minions and has an ultimate-like cooldown. It serves as both a starter and finisher in combos."
Malzahar,R,Nether Grasp,Malzahar <status>Suppresses</status> an enemy champion and deals <magicDamage>{{ totaldamagetooltip }} magic damage</magicDamage> over {{ e4 }} seconds. A zone of negative energy is created around his target dealing <magicDamage>{{ zonedamagetooltip }} max Health magic damage</magicDamage> over {{ e3 }} seconds.{{ spellmodifierdescriptionappend }},"['magic_damage', 'damage_over_time', 'zone', 'ultimate_cooldown', 'engage_tool', 'objective_control_tool', 'anti_squishy']","Malzahar's ultimate ability suppresses an enemy, dealing magic damage over time and creating a zone that deals additional damage based on max health."
Maokai,Passive,Sap Magic,"Maokai's basic attack also heals him and deals additional damage on a moderate cooldown. Each time Maokai casts a spell or is struck by an enemy's spell, this cooldown is reduced.","['self_heal', 'damage_reduction_buff', 'level_scaling', 'low_cooldown', 'instant_cast', 'combo_starter', 'backline_access']","Maokai's basic attack heals him and provides additional damage, with the healing and damage increasing in potency as he levels up. The cooldown is reduced when Maokai casts spells or is hit by enemy spells, making it a versatile tool for both sustaining and initiating engagements."
Maokai,Q,Bramble Smash,"Maokai smashes his fist into the ground, dealing <magicDamage>{{ totaldamage }} plus {{ basepercenthealth*100 }}% max Health magic damage</magicDamage> and briefly <status>Slowing</status>. Nearby enemies are also <status>Knocked Back</status>.{{ spellmodifierdescriptionappend }}","['magic_damage', 'slow', 'knockup_or_knockback', 'aoe', 'skillshot', 'enemy_targeted']",Maokai's ability deals magic damage and slows nearby enemies while knocking them back.
Maokai,W,Twisted Advance,"Maokai transforms into a moving mass of roots, becoming Untargetable and dashing to an enemy. Upon arrival, he <status>Roots</status> the enemy for {{ e2 }} second(s) and deals <magicDamage>{{ totaldamage }} magic damage</magicDamage>. {{ spellmodifierdescriptionappend }}","['enemy_targeted', 'root', 'burst_tool', 'self_cast', 'low_cooldown', 'ultimate_cooldown', 'engage_tool', 'anti_squishy']","Maokai dashes to an enemy, roots them in place, and deals magic damage."
Maokai,E,Sapling Toss,"Maokai flings a sapling, which stands watch for {{ saplingduration }} seconds. Saplings chase nearby enemies, detonating on arrival to deal <magicDamage>{{ totaldamage }} magic damage</magicDamage> and <status>Slow</status> surrounding enemies by {{ slowamount*100 }}% for {{ slowduration }} seconds. <keywordMajor>Sap Magic's</keywordMajor> Cooldown is reduced by an additional 4 seconds if the sapling hits an enemy champion or epic monster.<br /><br />If placed in brush, Saplings instead last for {{ empoweredsaplingduration }} seconds and cause a larger explosion, dealing <magicDamage>{{ totalempowereddamage }} magic damage</magicDamage> over {{ empowereddotduration }} seconds and <status>Slowing</status> enemies by {{ empoweredslowamount }}.{{ spellmodifierdescriptionappend }}","['aoe', 'magic_damage', 'slow', 'targeted', 'ground_targeted', 'low_cooldown', 'ultimate_cooldown', 'poke_tool', 'waveclear_tool', 'zoning_tool']",Maokai's Sapling ability creates a sapling that chases enemies and deals magic damage and slows them. The sapling can also be placed in brush for a longer duration with increased damage and slowing effect.
Maokai,R,Nature's Grasp,"Maokai summons a colossal wave of brambles and thorns, <status>Rooting</status> enemies for {{ minrootduration }} to {{ maxrootduration }} seconds, increasing with distance travelled, and dealing <magicDamage>{{ totaldamage }} magic damage</magicDamage>. Hitting a champion gives Maokai <speed>{{ movehaste*100 }}% Move Speed</speed>, decaying over {{ hasteduration }} seconds. {{ spellmodifierdescriptionappend }}","['stun', 'root', 'magic_damage', 'aoe', 'skillshot', 'self_cast', 'duration', 'move_speed_buff', 'decay_effect']","Maokai summons a wave of brambles that roots enemies and deals magic damage in an area, providing movement speed to himself upon hitting champions."
MasterYi,Passive,Double Strike,"Every few consecutive basic attack, Master Yi strikes twice.","['self_cast', 'combo_starter', 'instant_cast', 'melee_range', 'ad_scaling', 'combo_finisher']",Master Yi's basic attacks deal double damage every few hits.
MasterYi,Q,Alpha Strike,"Master Yi becomes Untargetable and teleports to rapidly strike enemies near his target, dealing <physicalDamage>{{ totaldamage }} physical damage</physicalDamage> to all enemies hit after {{ alphastrikebounces }} hits. <br /><br />This Ability can strike the same enemy repeatedly if there are no other targets, dealing {{ subsequenthitmultiplier*100 }}% damage for subsequent hits (<physicalDamage>{{ subesquentdamage }}</physicalDamage>), for a maximum single target total of <physicalDamage>{{ singletotaldamage }} physical damage</physicalDamage>.{{ spellmodifierdescriptionappend }}","['aoe', 'ground_targeted', 'instant_cast', 'physical_damage', 'multiple_hits', 'single_target', 'ultimate_cooldown', 'burst_tool']","Master Yi's ultimate ability teleports him to strike multiple enemies in an area, dealing increasing damage on repeat hits on the same target."
MasterYi,W,Meditate,"Master Yi channels, restoring <healing>{{ totalheal }} Health</healing> over {{ healduration }} seconds. This healing is increased by up to {{ maxmissinghealthpercent*100 }}% based on Master Yi's missing Health.<br /><br />While channeling and for {{ drlinger }} seconds afterwards, he takes {{ initialdr }} reduced damage, decreased to {{ damagereduction*100 }}% after the first {{ initialextradrduration }} seconds.{{ spellmodifierdescriptionappend }}","['passive_ability', 'self_heal', 'sustain_over_time', 'health_or_resists_scaling', 'level_scaling', 'low_cooldown']","Master Yi passively regenerates health over time, with the amount increased based on his current health deficit. The ability provides a reduction in incoming damage during the channel and for a short period afterward, scaling with the player's level and health deficit."
MasterYi,E,Wuju Style,Master Yi's Attacks deal an additional <trueDamage>{{ totaldamage }} true damage</trueDamage> for {{ duration }} seconds.{{ spellmodifierdescriptionappend }},"['true_damage', 'damage_over_time', 'duration', 'self_cast', 'ad_scaling', 'ultimate_cooldown', 'combo_starter', 'combo_finisher']","Master Yi's Attacks apply true damage over time for a duration, scaling with AD and having a long cooldown. It serves as both a starter and finisher in combos."
MasterYi,R,Highlander,"<spellPassive>Passive:</spellPassive> Champion takedowns reduce the remaining Cooldown of Master Yi's basic Abilities by {{ rcooldownrefund*100 }}%.<br /><br /><spellActive>Active:</spellActive> Master Yi enters a trance, gaining <speed>{{ rmsbonus }}% Move Speed</speed>, <attackSpeed>{{ rasbonus }}% Attack Speed</attackSpeed>, and immunity to <status>Slows</status> for {{ rduration }} seconds. Champion takedowns extend the duration of this Ability by {{ rkillassistextension }} seconds.{{ spellmodifierdescriptionappend }}","['passive_ability', 'active_ability', 'speed_buff', 'attack_speed_buff', 'cc_immunity', 'slow_resistance', 'duration_extension', 'takedown_effect']","Master Yi's passive reduces cooldowns on his abilities after takedowns, while his active provides movement and attack speed buffs along with slow resistance and extends duration on takedown."
Mel,Passive,Searing Brilliance,"Whenever Mel uses an ability, she gains three bonus projectiles (up to nine maximum) on her next attack.<br><br>When Mel deals damage through an ability or attack, she applies Overwhelm, which can stack infinitely. If the enemy is hit by Mel with enough Overwhelm damage, the stacks are consumed to execute the target.","['aoe', 'damage_over_time', 'execute_damage', 'ultimate_cooldown', 'combo_finisher', 'self_setup']",Mel's ability provides bonus projectiles on her next attack and applies Overwhelm stacks that can be consumed to execute the target.
Mel,Q,Radiant Volley,"Mel unleashes a barrage of {{ explosioncount }} projectiles that explode in the area around a target location.<br /><br />The first explosion hit deals <magicDamage>{{ initialexplosiondamage }} magic damage</magicDamage> and each subsequent explosion deals <magicDamage>{{ totalexplosiondamage }} magic damage</magicDamage>, adding up to <magicDamage>{{ alldamagehit }} magic damage</magicDamage> total.{{ spellmodifierdescriptionappend }}","['aoe', 'magic_damage', 'multiple_explosions', 'targeted']","Mel targets an area with a barrage of projectiles that explode, dealing increasing magic damage on each explosion."
Mel,W,Rebuttal,"Mel forms a barrier around herself that reflects projectiles from enemy champions, gaining <shield>{{ shieldamount }} Shields</shield> for {{ duration }} seconds and <speed>{{ movespeed*100 }}% decaying Move Speed</speed> for {{ movespeedduration }} seconds.<br /><br />Reflected projectiles deal <magicDamage>{{ damagepercent }} original damage as magic damage</magicDamage>.{{ spellmodifierdescriptionappend }}","['shield', 'damage_reduction_buff', 'slow', 'magic_damage', 'self_cast', 'medium_cooldown', 'ultimate_cooldown', 'engage_tool', 'team_utility']","Mel creates a shield that reflects enemy projectiles, reducing incoming damage and slowing her movement speed."
Mel,E,Solar Snare,"Mel fires a radiating orb, <status>Rooting</status> enemies at its center for {{ rootduration }} seconds and dealing <magicDamage>{{ damage }} magic damage</magicDamage>.<br /><br />The orb builds up a hostile area around it that <status>Slows</status> enemies by {{ areaslowamount*100 }}% and deals <magicDamage>{{ areadamagepersecond }} magic damage per second</magicDamage>.{{ spellmodifierdescriptionappend }}","['stun', 'slow', 'magic_damage', 'aoe', 'ground_targeted', 'duration', 'channelled']",Mel fires an orb that roots enemies in the center while creating a slowing area around it.
Mel,R,Golden Eclipse,"<spellPassive>Passive</spellPassive>: <keywordMajor>Overwhelm</keywordMajor> damage is increased to <magicDamage>{{ passiveflatdamage }} magic damage plus {{ passivestackdamage }} magic damage per stack</magicDamage>.<br /><br /><spellActive>Active</spellActive>: Mel unleashes her power on all enemies affected by <keywordMajor>Overwhelm</keywordMajor>, dealing <magicDamage>{{ ultflatdamage }} magic damage plus {{ ultstackdamage }} magic damage per <keywordMajor>Overwhelm</keywordMajor> stack</magicDamage>.<br /><br /><rules>Can only be cast when an enemy champion is affected by <keywordMajor>Overwhelm</keywordMajor>.</rules>{{ spellmodifierdescriptionappend }}","['magic_damage', 'ultimate_cooldown', 'aoe', 'enemy_targeted', 'level_scaling', 'ap_scaling']","Mel's ultimate ability deals area-of-effect magic damage to enemies affected by her passive, with damage scaling based on stacks and AP."
Milio,Passive,Fired Up!,"Milio's abilities enchant allies on touch, making their next damage deal a burst of extra damage and burn the target.","['ally_targeted', 'burst_damage', 'damage_over_time', 'self_cast', 'combo_finisher']",Enchants allies to deal extra burst damage and apply burn on next attack.
Milio,Q,Ultra Mega Fire Kick,"Milio kicks a fireball, <status>Knocking Back</status> the first enemy hit. If it hits, the ball bounces past them and explodes, dealing <magicDamage>{{ damage }} magic damage</magicDamage> to surrounding enemies and <status>Slowing</status> them by {{ slowamountpercent }} for {{ slowduration }} seconds.<br /><br />Hitting at least one enemy champion with <spellName>Ultra Mega Fire Kick</spellName> refunds {{ refundratio*100 }}% of it's Mana cost.{{ spellmodifierdescriptionappend }}","['magic_damage', 'aoe', 'knockup_or_knockback', 'slow', 'mana_cost', 'refund_cost', 'targeted']","Milio's ability deals magic damage and slows enemies in an area, with a chance to refund mana if it hits an enemy champion."
Milio,W,Cozy Campfire,Milio creates a hearth that follows ally champions for {{ zoneduration }} seconds. Ally champions nearby gain {{ rangepercent }} Attack Range and restore <healing>{{ healingovertime }} Health</healing> over the duration. The hearth also applies <spellName>Fired Up!</spellName> every {{ healfrequencyseconds }} seconds.<br /><br /><recast>Recast:</recast> Change the hearth's follow ally.{{ spellmodifierdescriptionappend }},"['ally_heal', 'sustain_over_time', 'self_cast', 'ground_targeted', 'toggle_ability', 'level_scaling']","Milio creates a hearth that follows allied champions, providing attack range and healing over time. The ability can be recast to change the follow target."
Milio,E,Warm Hugs,"Milio wraps an ally champion in protective flames, granting <shield>{{ shieldcalc }} Shield</shield> and <speed>{{ movespeedamount*100 }}% Move Speed</speed> for {{ movespeedduration }} seconds.<br /><br />This ability has 2 charges and the effects stack on repeat targets.{{ spellmodifierdescriptionappend }}","['shield', 'movespeed_buff', 'self_cast', 'ally_targeted', 'level_scaling', 'chargeable', 'no_cost', 'medium_cooldown']",Grants shield and movement speed to an ally champion with 2 charges.
Milio,R,Breath of Life,"Milio unleashes a wave of soothing flames on nearby ally champions, cleansing <status>Disabling</status> and <status>Immobilizing</status> effects, restoring <healing>{{ healcalc }} Health</healing>, and granting {{ tenacityamount*100 }}% Tenacity for {{ tenacityduration }} seconds.{{ spellmodifierdescriptionappend }}","['ally_heal', 'heal_reduction', 'cc_immunity_or_tenacity', 'sustain_over_time', 'self_setup', 'no_damage', 'medium_cooldown', 'ultimate_cooldown', 'team_utility', 'backline_access']","Milio's ability provides healing, removes disabling and immobilizing effects, and grants tenacity to nearby allied champions, enhancing their survivability and utility in team fights."
MissFortune,Passive,Love Tap,Miss Fortune deals bonus physical damage whenever she basic attacks a new target.,"['physical_damage', 'bonus_damage', 'new_target', 'basic_attack', 'no_cost', 'instant_cast', 'self_cast']",Miss Fortune's basic attack deals additional physical damage on each new target hit.
MissFortune,Q,Double Up,"Miss Fortune fires a bouncing shot, dealing <physicalDamage>{{ totaldamagetooltip }} physical damage</physicalDamage> to an enemy and to another one behind them. <br /><br />The second shot can critically strike for <physicalDamage>{{ totaldamagecrit }} physical damage</physicalDamage>. It always critically strikes if the first shot kills its target.{{ spellmodifierdescriptionappend }}","['physical_damage', 'aoe', 'skillshot', 'critical_strike', 'combo_finisher']","Miss Fortune's ability deals physical damage to two targets in a skillshot, with the second shot having a chance to critically strike and always critting on kill."
MissFortune,W,Strut,"<passive>Passive:</passive> After {{ passivebasemsooc }} seconds of not taking damage, Miss Fortune gains <speed>{{ passivebasems }} Move Speed</speed>. After another {{ passivemaxmsextraooc }} seconds, this increases to <speed>{{ passivemaxms }}</speed>.<br /><br /><active>Active:</active> Gain the passive effect's full <speed>Move Speed</speed> bonus and <attackSpeed>{{ activeas*100 }}% Attack Speed</attackSpeed> for {{ activeduration }} seconds.<br /><br /><spellName>Love Taps</spellName> reduce the Cooldown of this Ability by {{ lovetaprefund }} seconds.{{ spellmodifierdescriptionappend }}","['passive_ability', 'self_cast', 'speed_buff', 'attack_speed_buff', 'instant_cast', 'low_cooldown', 'combo_starter']","Miss Fortune's passive grants increased movement speed over time after not taking damage, while her active provides a temporary speed and attack speed boost with cooldown reduction on use of Love Taps."
MissFortune,E,Make It Rain,"Miss Fortune rains bullets, revealing an area, <status>Slowing</status> by {{ totalslowamount }} and dealing <magicDamage>{{ totaldamagepersecond }} magic damage</magicDamage> per second for {{ baseduration }} seconds (total <magicDamage>{{ totaldamage }} magic damage</magicDamage>).{{ spellmodifierdescriptionappend }}","['aoe', 'magic_damage', 'slow', 'damage_over_time', 'ground_targeted', 'ultimate_cooldown', 'poke_tool', 'zoning_tool']","Miss Fortune's ultimate ability reveals an area, slows enemies, and deals magic damage over time."
MissFortune,R,Bullet Time,"Miss Fortune channels a barrage of bullets, firing {{ basewaves }} waves over {{ basechannelduration }} seconds, dealing <physicalDamage>{{ physicaldamageperwave }} physical damage</physicalDamage> per wave (total <physicalDamage>{{ totalphysicaldamage }} physical damage</physicalDamage>).<br /><br />Each wave can critically strike for %i:scaleCrit% <physicalDamage>{{ critdamageperwave }} physical damage</physicalDamage>.{{ spellmodifierdescriptionappend }}","['aoe', 'skillshot', 'physical_damage', 'burst_damage', 'level_scaling', 'cast_time', 'combo_starter']","Miss Fortune channels to fire a series of waves of bullets over time, dealing physical damage and having the potential to critically strike."
MonkeyKing,Passive,Stone Skin,Wukong gains stacking armor and max health regeneration while fighting champions and monsters.,"['passive_ability', 'armor_scaling', 'health_scaling', 'sustain_over_time']",Passive ability that provides stacking armor and max health regeneration when engaging with champions and monsters.
MonkeyKing,Q,Crushing Blow,"Wukong and his <keywordMajor>Clone's</keywordMajor> next Attack gains {{ attackrangebonus }} range, deals an additional <physicalDamage>{{ bonusdamagett }} physical damage</physicalDamage>, and removes <scaleArmor>{{ armorshredpercent*100 }}% Armor</scaleArmor> for {{ shredduration }} seconds.<br /><br />This Ability's cooldown is reduced by {{ cooldowndecrease }} seconds every time Wukong or his <keywordMajor>Clone</keywordMajor> hit an enemy with an Attack or Ability.<br /><br /><rules>This Ability triggers spell effects upon dealing damage.</rules>{{ spellmodifierdescriptionappend }}","['physical_damage', 'bonus_damage', 'armor_shred', 'no_cost', 'instant_cast', 'self_cast', 'ad_scaling', 'damage_reduction_buff', 'combo_finisher']","Wukong's clone's next attack deals additional physical damage and reduces target's armor, reducing cooldown on subsequent attacks."
MonkeyKing,W,Warrior Trickster,"Wukong dashes and becomes <keywordStealth>Invisible</keywordStealth> for {{ stealthduration }} second, leaving behind a stationary <keywordMajor>Clone</keywordMajor> for {{ cloneduration }} seconds.<br /><br />The <keywordMajor>Clone</keywordMajor> Attacks nearby enemies Wukong has recently damaged and will mimic his ultimate, each dealing {{ clonedamagemod*100 }}% of normal damage.{{ spellmodifierdescriptionappend }}","['stealth', 'clone', 'aoe', 'enemy_targeted', 'self_cast', 'ultimate_cooldown', 'combo_starter', 'invisibility', 'delayed_effect']","Wukong dashes and becomes invisible, leaving a clone that attacks nearby enemies and mimics his ultimate."
MonkeyKing,E,Nimbus Strike,"Wukong dashes to an enemy, sending out <keywordMajor>Clones</keywordMajor> that mimic the dash to up to {{ extratargets }} additional enemies nearby. Each enemy struck takes <magicDamage>{{ totaldamage }} magic damage</magicDamage>. He and his <keywordMajor>Clone</keywordMajor> gain <attackSpeed>{{ attackspeed*100 }}% Attack Speed</attackSpeed> for {{ attackspeedduration }} seconds.<br /><br />{{ spellmodifierdescriptionappend }}","['aoe', 'clone', 'magic_damage', 'targeted', 'instant_cast', 'combo_finisher', 'followup_only']","Wukong dashes to an enemy, creating clones that attack nearby targets, dealing magic damage and providing attack speed buff."
MonkeyKing,R,Cyclone,"Wukong gains <speed>{{ movespeed*100 }}% Move Speed</speed> and spins his staff, <status>Knocking Up</status> nearby enemies for {{ knockupduration }} seconds and take <physicalDamage>{{ totaldamagett }} plus {{ percenthpdamagett }} max Health physical damage</physicalDamage> over {{ spinduration }} seconds.<br /><br />This Ability can be cast a second time within {{ recastwindow }} seconds before going on cooldown.{{ spellmodifierdescriptionappend }}","['skillshot', 'aoe', 'knockup_or_knockback', 'true_damage', 'damage_over_time', 'sustain_over_time', 'self_cast', 'medium_range', 'medium_cooldown', 'combo_finisher']","Wukong's ability provides movement speed and knocks up nearby enemies, dealing true damage over time. It can be recast after a cooldown period and serves as a combo finisher. To solve the problem, we need to carefully analyze the given ability description and match it with the appropriate tags from the provided list. Let's break down the description step by step:"
Mordekaiser,Passive,Darkness Rise,Mordekaiser gains a powerful damage aura and Move Speed after landing 3 attacks or spells against champions or monsters.,"['self_cast', 'offensive_stat_buff', 'move_speed_buff', 'combo_finisher', 'level_scaling']","Mordekaiser's ability enhances his damage and movement speed after dealing damage to enemies with 3 attacks or spells, scaling with his level."
Mordekaiser,Q,Obliterate,"Mordekaiser smashes the ground with Nightfall dealing <magicDamage>{{ qdamage }} magic damage</magicDamage>, increased to <magicDamage>{{ empowereddamagetooltip }}</magicDamage> if it hits only a single enemy.{{ spellmodifierdescriptionappend }}","['magic_damage', 'single_target', 'aoe', 'level_scaling', 'ad_scaling']","Mordekaiser's Q ability deals magic damage in an area, with increased damage if it hits a single target."
Mordekaiser,W,Indestructible,<passive>Passive:</passive> Mordekaiser stores {{ damageconversion*100 }}% of the damage he deals and {{ damagetakenconversion*100 }}% of the damage he takes.<br /><br /><active>Active:</active> Mordekaiser gains the stored damage as <shield>Shield</shield>. He may <recast>Recast</recast> this Ability to restore <healing>{{ healingpercent*100 }}% of the remaining Shield as Health</healing>.<br /><br />Minimum Shield: <shield>{{ minhealthtooltip }}</shield><br />Maximum Shield: <shield>{{ maxhealthtooltip }}</shield>{{ spellmodifierdescriptionappend }},"['passive_ability', 'shield', 'self_heal', 'health_or_resists_scaling', 'level_scaling', 'ultimate_cooldown']","Mordekaiser's passive stores damage dealt and taken, converting it into a shield that can be recast to heal. The shield scales with Mordekaiser's health and has an ultimate-like cooldown."
Mordekaiser,E,Death's Grasp,"<spellPassive>Passive:</spellPassive> Mordekaiser gains {{ magicpen*100 }}% Magic Penetration.<br /><br /><spellActive>Active:</spellActive> Mordekaiser pulls enemies in his direction, dealing <magicDamage>{{ totaldamage }} magic damage.</magicDamage>{{ spellmodifierdescriptionappend }}","['active', 'magic_damage', 'pull_or_push', 'targeted', 'skillshot']","Mordekaiser pulls enemies towards him, dealing magic damage."
Mordekaiser,R,Realm of Death,"Mordekaiser banishes a champion to the Death Realm with him for {{ spiritrealmduration }}s, stealing {{ statstealpercentscalar*100 }}% of their core stats for the duration.<br /><br />If Mordekaiser kills that enemy in the Death Realm he consumes their soul, keeping the stats he stole until the target respawns.{{ spellmodifierdescriptionappend }}","['enemy_targeted', 'steal_stats', 'ultimate_cooldown', 'combo_finisher', 'no_damage']",Steals enemy's core stats for a duration and gains them upon killing the enemy in the Death Realm.
Morgana,Passive,Soul Siphon,"Morgana drains spirit from her enemies, healing as she deals damage to champions, large minions, and medium and larger jungler monsters.","['ally_heal', 'damage_over_time', 'enemy_targeted', 'sustain_over_time', 'percent_health_damage', 'pet_or_summon', 'mana_cost', 'low_cooldown', 'ultimate_cooldown', 'team_utility', 'backline_access', 'combo_finisher']","Morgana's Dark Binding drains health from enemies, healing herself and her allies over time. The ability is a low-cooldown, ultimate-like spell that provides sustained support for the team."
Morgana,Q,Dark Binding,Morgana hurls a blast of starfire that <status>Roots</status> the first enemy hit for {{ rootduration }} seconds and deals <magicDamage>{{ totaldamage }} magic damage</magicDamage>.{{ spellmodifierdescriptionappend }},"['magic_damage', 'root', 'skillshot', 'enemy_targeted', 'low_cooldown', 'ultimate_cooldown', 'combo_finisher']",Morgana's ultimate ability roots the first enemy hit and deals magic damage.
Morgana,W,Tormented Shadow,"Morgana ignites the ground for {{ wduration }} seconds, dealing <magicDamage>{{ totalmindamage }} magic damage</magicDamage> per second, increased by up to <magicDamage>{{ totalmaxdamage }}</magicDamage> based on the targets' missing Health.<br /><br />This Ability's Cooldown is reduced by {{ cdrefundpercent*100 }}% every time Morgana is healed by <spellName>Soul Siphon</spellName>.{{ spellmodifierdescriptionappend }}","['magic_damage', 'damage_over_time', 'missing_or_max_health_scaling', 'heal_reduction', 'cooldown_reduction']","Deals magic damage over time that scales with target's missing health, reduces cooldown based on healing received from Soul Siphon."
Morgana,E,Black Shield,Morgana grants an ally champion <shield>{{ totalshieldstrength }} Magic Shield</shield> for {{ shieldduration }} seconds. The shield prevents <status>Disabling</status> and <status>Immobilizing</status> effects until it breaks.{{ spellmodifierdescriptionappend }},"['shield', 'magic_damage', 'no_damage', 'self_setup', 'anti_squishy', 'sustain_over_time', 'passive_ability', 'medium_cooldown']","Provides a magic shield to an allied champion, preventing disabling and immobilizing effects, lasting for a duration."
Morgana,R,Soul Shackles,"Morgana chains herself to nearby enemy Champions, dealing <magicDamage>{{ totaldamage }} magic damage</magicDamage> and <status>Slowing</status> them by {{ slowpercent }}%. After {{ chainduration }} seconds, enemies unable to break the chains take an additional <magicDamage>{{ totaldamage }} magic damage</magicDamage> and are <status>Stunned</status> for {{ stunduration }} seconds.<br /><br />While casting this Ability, Morgana gains <speed>{{ hastepercent }}% Move Speed</speed>.{{ spellmodifierdescriptionappend }}","['magic_damage', 'slow', 'stun', 'skillshot', 'enemy_targeted', 'ultimate_cooldown', 'engage_tool', 'combo_finisher']","Chains nearby enemies, slowing and stunning them after a delay, while also granting movement speed to Morgana."
Naafiri,Passive,We Are More,Naafiri spawns packmates that attack the targets of her attacks and abilities.,"['pet_or_summon', 'aoe', 'enemy_targeted', 'combo_finisher']","Naafiri's ability summons packmates to attack enemies hit by her attacks and abilities, serving as a combo finisher."
Naafiri,Q,Darkin Daggers,"Naafiri hurls Darkin-tainted blades, dealing <physicalDamage>{{ spell.naafiriq:totaldamagefirstcast }} physical damage</physicalDamage> and inflicting a bleed, dealing <physicalDamage>{{ spell.naafiriq:totalbleeddamage }} physical damage</physicalDamage> over {{ spell.naafiriq:bleedduration }} seconds.<br /><br />Naafiri can <recast>Recast</recast> this Ability. If enemies hit are already bleeding from this Ability, it instead deals the remaining bleed damage plus between <physicalDamage>{{ spell.naafiriq:totalmindamagesecondcast }}</physicalDamage> and <physicalDamage>{{ spell.naafiriq:totalmaxdamagesecondcast }} physical damage</physicalDamage>, based on their missing Health. If that target was a champion or large monster, Naafiri restores <healing>{{ spell.naafiriq:totalhealsecondcast }} Health</healing>.<br /><br /><keywordMajor>Packmates</keywordMajor> will leap at the first champion or monster hit and attack them for {{ spell.naafirip:packmatetauntduration }} seconds. <br /><br />{{ spellmodifierdescriptionappend }}","['physical_damage', 'damage_over_time', 'bleed', 'self_heal', 'ally_targeted', 'medium_range', 'ad_scaling', 'level_scaling', 'ultimate_cooldown', 'combo_finisher', 'self_setup']","Naafiri's ability deals physical damage and applies a bleed effect, with potential to self-heal and assist allies by having packmates attack the target."
Naafiri,W,The Call of the Pack,"Naafiri becomes Untargetable for {{ untargetableduration }} second and prepares to hunt, spawning <keywordMajor>{{ packmatestoadd }} additional Packmates</keywordMajor> and gaining <physicalDamage>{{ bonusad }} Attack Damage</physicalDamage> and <speed>{{ movespeedamount*100 }}% Move Speed</speed> for {{ duration }} seconds.<br /><br /><keywordMajor>Packmates</keywordMajor> become Untargetable and are recalled to Naafiri.<br /><br />{{ spellmodifierdescriptionappend }}","['passive_ability', 'pet_or_summon', 'untargetable', 'self_cast', 'aoe', 'offensive_stat_buff', 'movespeed_buff', 'ultimate_cooldown', 'combo_starter', 'combo_finisher', 'self_setup']","Naafiri's ultimate ability summons Packmates that enhance her attack damage and movement speed, providing a powerful offensive and mobility boost. The Packmates can be recalled to assist in finishing off targets."
Naafiri,E,Eviscerate,"Naafiri surges forward, dealing <physicalDamage>{{ totaldamagefirstslash }} physical damage</physicalDamage>, then explodes in a flurry of blades, dealing <physicalDamage>{{ totaldamagesecondslash }} physical damage.</physicalDamage><br /><br /><keywordMajor>Packmates</keywordMajor> become Untargetable and are recalled to Naafiri <healing>restoring 100% Health</healing>. <br />{{ spellmodifierdescriptionappend }}","['physical_damage', 'aoe', 'self_heal', 'ultimate_cooldown', 'engage_tool', 'combo_finisher']","Naafiri charges forward and explodes, dealing physical damage to enemies and healing her packmates."
Naafiri,R,Hounds' Pursuit,"Naafiri dashes at an enemy champion, dealing <physicalDamage>{{ totaldamage }} physical damage</physicalDamage> and briefly <status>Slowing</status> them. <keywordMajor>Packmates</keywordMajor> become Untargetable and dash alongside Naafiri, dealing <physicalDamage>{{ packmatedamage }} physical damage</physicalDamage> per <keywordMajor>Packmate</keywordMajor>.<br /><br />If Naafiri scores a Takedown within {{ takedownwindow }} seconds she reveals nearby enemies and can recast this Ability once. The second cast grants <shield>{{ shieldtotal }} Shield</shield> for {{ shieldduration }} seconds.<br /><br /><br />{{ spellmodifierdescriptionappend }}","['enemy_targeted', 'ground_targeted', 'dash', 'self_cast', 'combo_finisher', 'shield', 'sustain_over_time', 'low_cooldown', 'ultimate_cooldown', 'engage_tool', 'peel_tool', 'combo_starter']","Naafiri dashes to an enemy, slows and damages them, while her Packmates also dash in for additional damage. If a Takedown is scored, the ability can be recast to grant a shield to Naafiri."
Nami,Passive,Surging Tides,When Nami's Abilities hit allied champions they gain Move Speed for a short duration.,"['ally_targeted', 'move_speed_buff', 'self_cast']",Grants move speed to allied champions when Nami's abilities hit them.
Nami,Q,Aqua Prison,"Nami hurls a bubble, <status>Stunning</status> for {{ e2 }} seconds and dealing <magicDamage>{{ totaldamagett }} magic damage</magicDamage>.{{ spellmodifierdescriptionappend }}","['stun', 'magic_damage', 'skillshot', 'targeted', 'duration']",Nami throws a bubble that stuns the target for 2 seconds and deals magic damage.
Nami,W,Ebb and Flow,"Nami unleashes a stream of water that bounces between allied and enemy champions. Each champion can only be hit once, and it hits up to {{ maxtargets }} targets.<li>Restores <healing>{{ totalheal }} Health</healing> to allies and will bounce to a nearby enemy champion. <li>Deals <magicDamage>{{ totaldamage }} magic damage</magicDamage> to enemies and will bounce to a nearby allied champion.<br />The damage and healing value is modified by {{ bouncescaling }} each bounce. {{ spellmodifierdescriptionappend }}","['aoe', 'enemy_targeted', 'ally_targeted', 'magic_damage', 'damage_over_time', 'sustain_over_time', 'level_scaling', 'low_cooldown', 'ultimate_cooldown', 'combo_finisher', 'followup_only', 'self_setup']","Nami's ultimate ability deals magic damage and heals allies, bouncing between targets with decreasing effectiveness."
Nami,E,Tidecaller's Blessing,"Nami empowers an allied champion's next {{ hitcount }} Attacks and Abilities for {{ buffduration }} seconds, causing them to <status>Slow</status> their targets by {{ totalslow }} for {{ slowduration }}s and deal an additional <magicDamage>{{ totaldamage }} magic damage</magicDamage>. {{ spellmodifierdescriptionappend }}","['ally_targeted', 'magic_damage', 'slow', 'damage_over_time', 'duration', 'medium_range', 'ap_scaling', 'combo_finisher']",Empowers an ally's next attacks and abilities to slow and deal magic damage over time.
Nami,R,Tidal Wave,"Nami summons a tidal wave, <status>Knocking Up</status> for 0.5 seconds, <status>Slowing</status> by {{ e4 }}%, and dealing <magicDamage>{{ totaldamage }} magic damage</magicDamage>. The duration of the <status>Slow</status> increases based on distance the wave traveled, up to {{ e5 }} seconds.<br /><br />Allies hit by the wave gain double the effect of <spellName>Surging Tides</spellName>.{{ spellmodifierdescriptionappend }}","['aoe', 'skillshot', 'knockup_or_knockback', 'slow', 'magic_damage', 'ally_targeted', 'level_scaling']","Nami's tidal wave knocks up and slows enemies, with increased slow duration based on distance traveled. Allies hit gain doubled effects of Surging Tides."
Nasus,Passive,Soul Eater,"Nasus drains his foe's spiritual energy, giving him bonus Life Steal.","['ally_heal', 'self_heal', 'sustain_over_time', 'life_steal']","Nasus drains an enemy's health to gain life steal, providing sustained healing over time."
Nasus,Q,Siphoning Strike,"Nasus' next Attack deals <physicalDamage>{{ totaldamage }} physical damage</physicalDamage>. Killing an enemy with this Attack permanently increases its damage by {{ basicstacks }}, increased to {{ bigstacks }} against champions, large minions and large jungle monsters.{{ spellmodifierdescriptionappend }}","['physical_damage', 'single_target', 'ad_scaling', 'damage_reduction_buff', 'combo_starter', 'combo_finisher']","Nasus' basic attack deals physical damage and can increase its damage over time when killing enemies, making it a strong starting and finishing move in combos."
Nasus,W,Wither,"Nasus ages a champion, <status>Slowing</status> them by {{ slowbase }}%, increasing to {{ maxslowtooltiponly }}% over {{ duration }} seconds. Their <attackSpeed>Attack Speed</attackSpeed> is also reduced by {{ attackspeedslowmult*100 }}% of the <status>Slow</status>.{{ spellmodifierdescriptionappend }}","['soft_cc', 'slow', 'attack_speed_debuff', 'skillshot', 'targeted']",Reduces target's attack speed and movement speed in a skillshot.
Nasus,E,Spirit Fire,"Nasus ignites a spirit flame, dealing <magicDamage>{{ initialdamage }} magic damage</magicDamage>. Enemies in the area lose <scaleArmor>{{ e2 }}% Armor</scaleArmor> and take <magicDamage>{{ totaldotdamage }} magic damage</magicDamage> over {{ e3 }} seconds.{{ spellmodifierdescriptionappend }}","['magic_damage', 'aoe', 'damage_over_time', 'armor_shred', 'level_scaling']",Nasus' ability deals initial magic damage and reduces enemy armor while causing ongoing magic damage.
Nasus,R,Fury of the Sands,"Nasus becomes empowered in the sandstorm for 15 seconds, increasing his <healing>maximum Health by {{ bonushealth }}</healing> and <scaleArmor>Armor</scaleArmor> and <scaleMR>Magic Resistance</scaleMR> by {{ initialresistgain }}.<br /><br />While the storm rages, nearby enemies take <magicDamage>{{ damagecalc }} of their maximum Health as magic damage</magicDamage> each second and <spellName>Siphoning Strike</spellName> has a {{ qcdr*100 }}% reduced Cooldown.{{ spellmodifierdescriptionappend }}","['passive_ability', 'sustain_over_time', 'armor_mr_shred', 'resistances_buff', 'ultimate_cooldown', 'combo_finisher', 'team_utility']","Nasus's ultimate ability empowers him with increased health, armor, and magic resistance while also dealing magic damage over time to nearby enemies and reducing the cooldown of Siphoning Strike."
Nautilus,Passive,Staggering Blow,Nautilus' first Attack against a target deals increased physical damage and roots them briefly.,"['physical_damage', 'root', 'single_target']",Nautilus' first attack against a target applies a root effect and deals increased physical damage.
Nautilus,Q,Dredge Line,"Nautilus hurls his anchor forward. If it hits an enemy, Nautilus drags himself and the target together, dealing <magicDamage>{{ qdamagecalc }} magic damage</magicDamage> and <status>Stunning</status> them briefly. If the anchor hits terrain, Nautilus will drag himself towards it.{{ spellmodifierdescriptionappend }}","['magic_damage', 'stun', 'skillshot', 'targeted', 'self_cast']","Nautilus throws an anchor that can hit enemies or terrain, pulling both himself and the target together and stunning the target."
Nautilus,W,Titan's Wrath,"Nautilus gains a <shield>{{ shieldcalc }} Shield</shield> for {{ shieldduration }} seconds. While the <shield>Shield</shield> persists, Nautilus' Attacks deal an additional <magicDamage>{{ dotdamagecalc }} magic damage</magicDamage> over 2 seconds to his target and all surrounding enemies.{{ spellmodifierdescriptionappend }}","['shield', 'magic_damage', 'damage_over_time', 'aoe', 'self_cast', 'medium_cooldown', 'ultimate_cooldown', 'team_utility', 'frontline_durability']",Nautilus gains a shield that provides additional magic damage and AoE damage over time to targets and surrounding enemies.
Nautilus,E,Riptide,"Nautilus creates three exploding waves around himself, each dealing <magicDamage>{{ damagecalc }} magic damage</magicDamage> to enemies in the area and <status>Slows</status> them by {{ slowpercent*100 }}% decaying over {{ slowduration }} seconds.{{ spellmodifierdescriptionappend }}","['aoe', 'magic_damage', 'slow', 'damage_over_time']",Nautilus creates three explosive waves that deal magic damage and apply a slowing effect to nearby enemies.
Nautilus,R,Depth Charge,"Nautilus fires a shockwave that chases an enemy champion, dealing <magicDamage>{{ primarytargetdamage }} magic damage</magicDamage>, <status>Knocking</status> them <status>Up</status> and <status>Stunning</status> them for {{ stunduration }} seconds. Other enemies hit by the shockwave are also <status>Knocked Up</status> and <status>Stunned</status> and take <magicDamage>{{ secondarytargetdamage }} magic damage</magicDamage>.{{ spellmodifierdescriptionappend }}","['magic_damage', 'stun', 'knockup_or_knockback', 'aoe', 'targeted', 'skillshot', 'ultimate_cooldown', 'engage_tool', 'combo_finisher']",Nautilus's ultimate ability chases and stuns an enemy champion while also stunning nearby enemies.
Neeko,Passive,Inherent Glamour,"Neeko can look like an ally champion or as other units on the map. Receiving immobilizing crowd control, casting damaging spells, damaging enemy towers as a non-champion, or your disguise taking damage equal to its healthbar breaks the disguise.","['ally_targeted', 'enemy_targeted', 'ground_targeted', 'trap', 'reveals_stealth', 'cannot_hit_structures', 'combo_starter', 'combo_finisher', 'self_setup', 'followup_only', 'low_cooldown', 'ultimate_cooldown']","Neeko's ability allows her to disguise as an ally or unit, apply crowd control, deal damage, and break the disguise with specific actions."
Neeko,Q,Blooming Burst,"Neeko throws a seed that blooms to deal <magicDamage>{{ explosiondamage }} magic damage</magicDamage>. If it kills a unit or hits a champion or large monster, it will bloom again, dealing <magicDamage>{{ seconddamage }} magic damage</magicDamage>. Max 2 extra blooms.{{ spellmodifierdescriptionappend }}","['aoe', 'magic_damage', 'skillshot', 'targeted', 'sustain_over_time']",Neeko throws a seed that deals magic damage and can bloom multiple times to deal additional damage over time.
Neeko,W,Shapesplitter,"<passive>Passive:</passive> Every 3rd Attack deals an additional <magicDamage>{{ passivebonusdamagecalc }} bonus magic damage</magicDamage> and increases Neeko's <speed>Move Speed by {{ passivehaste }}%</speed> for {{ passivehasteduration }} second.<br /><br /><active>Active:</active> Neeko becomes <keywordStealth>invisible</keywordStealth> for {{ stealthduration }} seconds and projects a clone that lasts {{ cloneduration }} seconds. Neeko and the clone gain <speed>{{ haste }}% Move Speed</speed> for {{ hasteduration }} seconds. <br /><br /><rules>The clone can be controlled using the Move Pet Click hotkey or by <recast>Recasting</recast> this Ability.<br />The clone mirrors her spellcasts, emotes, and recall.</rules>{{ spellmodifierdescriptionappend }}","['passive_ability', 'magic_damage', 'move_speed_buff', 'stealth', 'clone', 'targeted', 'no_cost', 'instant_cast', 'combo_starter', 'backline_access']","Neeko's passive passively increases her attack damage and move speed, while her active ability allows her to become invisible and project a controllable clone that mirrors her actions."
Neeko,E,Tangle-Barbs,"Neeko slings a tangle that deals <magicDamage>{{ basedamage }} magic damage</magicDamage> and <status>Roots</status> for {{ minrootduration }} seconds.<br /><br />The tangle becomes empowered after hitting an enemy, growing larger, moving faster, and <status>Rooting</status> for {{ maxrootduration }} seconds.{{ spellmodifierdescriptionappend }}","['magic_damage', 'root', 'aoe', 'channeled', 'chargeable', 'persistent_area_or_trap']","Neeko's ability slings a tangle that roots enemies for a duration, with increased effectiveness upon hitting multiple targets."
Neeko,R,Pop Blossom,"After a delay Neeko leaps into the air, <status>Knocking Up</status> all nearby enemies for {{ delayuntilexplosion }} seconds. She then crashes down, dealing <magicDamage>{{ totaldamage }} magic damage</magicDamage> to all nearby enemies and <status>Stunning</status> them for {{ stunduration }} seconds.<br /><br /><rules>This Ability can be prepared in secret if Neeko is disguised. {{ delaybeforepassiveremoval }} seconds after casting this ability Neeko breaks her disguise.</rules>{{ spellmodifierdescriptionappend }}","['aoe', 'skillshot', 'knockup_or_knockback', 'stun', 'ultimate_cooldown', 'engage_tool', 'combo_finisher']","Neeko's ultimate ability knocks up and stuns nearby enemies, serving as an engage and combo finisher."
Nidalee,Passive,Prowl,"Moving through brush increases Nidalee's Move Speed by 10% for 2 seconds, increased to 30% toward visible enemy champions within 1400 range.<br><br>Hitting champions or monsters with Javelin Toss or Bushwhack triggers a <font color='#FFF673'>Hunt</font>, granting <font color='#ee91d7'>True Sight</font> of them for 4 seconds. During this time, Nidalee gains 10% Move Speed (increased to 30% toward the <font color='#FFF673'>Hunted</font> target) and her Takedown and Pounce are enhanced against them.","['self_cast', 'mobility_reposition', 'stealth_bypass', 'true_sight', 'damage_reduction_buff', 'move_speed_buff', 'hunt_effect', 'enhanced_attacks']","Nidalee's movement through brush provides speed boosts and grants True Sight when she hits enemies or monsters, enhancing her attacks against them."
Nidalee,Q,Javelin Toss / Takedown,"<keywordMajor>Human Form:</keywordMajor> Nidalee throws her javelin, dealing <magicDamage>{{ humanminimumdamage }} magic damage</magicDamage>, increased up to <magicDamage>{{ humanmaximumdamage }} magic damage</magicDamage> based on distance flown.{{ spellmodifierdescriptionappend }}","['magic_damage', 'aoe', 'skillshot', 'enemy_targeted', 'ad_scaling', 'high_cooldown', 'engage_tool', 'poke_tool']","Nidalee throws her javelin at an enemy, dealing magic damage that scales with distance. The ability can be used as both an engage and poke tool."
Nidalee,W,Bushwhack / Pounce,"<keywordMajor>Human Form:</keywordMajor> Nidalee places an invisible trap for 2 minutes. When an enemy walks over it, they are dealt <magicDamage>{{ damagepersecond }} magic damage</magicDamage> per second for {{ e3 }} seconds.<br /><br />{{ maxtraps }} traps may be active at once.{{ spellmodifierdescriptionappend }}","['trap', 'magic_damage', 'damage_over_time', 'aoe', 'low_cooldown', 'ultimate_cooldown', 'objective_control_tool', 'zone']","Nidalee sets up an invisible trap that deals magic damage over time to enemies that trigger it, with multiple traps allowed and a duration limit."
Nidalee,E,Primal Surge / Swipe,<keywordMajor>Human Form:</keywordMajor> Nidalee restores <healing>{{ totalhealing }} Health</healing> increased up to <healing>{{ maxhealing }}</healing> based on missing Health and grants them <attackSpeed>{{ bonusas*100 }}% Attack Speed</attackSpeed> for {{ asduration }} seconds.{{ spellmodifierdescriptionappend }},"['self_heal', 'attack_speed_debuff', 'sustain_over_time', 'level_scaling', 'missing_or_max_health_scaling']",Nidalee's Human Form restores health based on missing health and provides attack speed buff that scales with level and missing/max health.
Nidalee,R,Aspect Of The Cougar,"<spellPassive>Passive:</spellPassive> While in <keywordMajor>Human Form</keywordMajor>, applying <keywordMajor>Hunted</keywordMajor> refreshes this Ability's Cooldown.<br /><br /><keywordMajor>Human Form:</keywordMajor> Nidalee transforms into <keywordMajor>Cougar Form</keywordMajor>, gaining melee Attacks and replacing her Active Abilities.<br /><br /><keywordMajor>Cougar Form:</keywordMajor> Nidalee transforms into <keywordMajor>Human Form</keywordMajor>, gaining ranged Attacks and replacing her Active Abilities.{{ spellmodifierdescriptionappend }}","['passive_ability', 'toggle_ability', 'human_form', 'cougar_form', 'cooldown_reduction']","Nidalee can toggle between Human and Cougar forms, with each form having different abilities and refreshing the cooldown of the other form."
Nilah,Passive,Joy Unending,Nilah gains increased experience from last-hitting minions along with the ability to enhance and share nearby healing and shielding from her allies.,"['ally_heal', 'self_heal', 'sustain_over_time', 'passive_ability', 'level_scaling']","Nilah passively enhances and shares healing and shielding from nearby allies, providing sustained support and durability as she levels up."
Nilah,Q,Formless Blade,"<spellPassive>Passive:</spellPassive> Nilah gains {{ critarmorpen }} Armor Penetration, and her Attacks against champions restore <healing>{{ critlifesteal }} damage dealt as Health</healing>. Overhealing from this is converted into a <shield>Shield</shield> for {{ shieldduration }} seconds.<br /><br /><spellActive>Active:</spellActive> Nilah cracks her whip-blade, dealing <physicalDamage>{{ damagecalc }} physical damage</physicalDamage>. If an enemy unit or structure is hit, Nilah gains 125 Attack Range and <attackSpeed>{{ bonusattackspeedcalc }}% Attack Speed</attackSpeed>, and her Attacks hit in a cone for {{ buffduration }} seconds.<br />{{ spellmodifierdescriptionappend }}","['passive_ability', 'self_heal', 'shield', 'ad_scaling', 'health_or_resists_scaling', 'sustain_over_time', 'melee_range', 'instant_cast']","Nilah's passive provides armor penetration and health regeneration on critical hits, while her active increases attack range and speed against hit targets."
Nilah,W,Jubilant Veil,"Nilah envelops herself in mist for {{ baseduration }} seconds, becoming Ghosted, gaining <speed>{{ movespeedpercent*100 }}% Move Speed</speed>, dodging Attacks, and reducing <magicDamage>magic damage</magicDamage> taken by {{ magicdamagereduction*100 }}%.<br /><br />While active, touching allied champions envelops them in mist, granting the same benefits for {{ sharebaseduration }} seconds.<br />{{ spellmodifierdescriptionappend }}","['self_cast', 'self_heal', 'ally_heal', 'mobility_reposition', 'sustain_over_time', 'speed_buff', 'magic_damage_reduction', 'no_damage_taken', 'duration', 'share_effect']","Nilah's ability allows her to become Ghosted, gaining movement speed, dodge attacks, and reduce magic damage taken. It also provides similar benefits to nearby allies for a duration."
Nilah,E,Slipstream,"Nilah dashes through a unit, dealing <physicalDamage>{{ dashdamage }} physical damage</physicalDamage> to any enemies she passes through.{{ spellmodifierdescriptionappend }}","['melee_range', 'physical_damage', 'aoe', 'skillshot', 'enemy_targeted', 'instant_cast', 'engage_tool', 'combo_starter']","Nilah dashes through an enemy unit, dealing physical damage to any enemies in her path."
Nilah,R,Apotheosis,"Nilah whirls her whip-blade, dealing <physicalDamage>{{ damagepertickcalctooltip }} physical damage</physicalDamage> over 1 second, then finishes with a burst of <physicalDamage>{{ damagecalc }} physical damage</physicalDamage> that also <status>Pulls</status> nearby enemies toward her.<br /><br />Apotheosis heals Nilah and her nearby allies for <healing>{{ champhealingpercent }} (+{{ spell.nilahq:critlifesteal }} Formless Blade) of the damage dealt</healing> to enemy champions, converting any overhealing into a <shield>Shield</shield> for {{ duration }} seconds.{{ spellmodifierdescriptionappend }}","['physical_damage', 'damage_over_time', 'burst_damage', 'pull', 'self_heal', 'ally_heal', 'shield', 'ultimate_cooldown', 'combo_finisher']","Nilah's Q ability deals physical damage over time and ends with a burst, pulling nearby enemies. It also provides healing and a shield to herself and allies."
Nocturne,Passive,Umbra Blades,"Every few seconds, Nocturne's next attack strikes surrounding enemies for bonus physical damage and heals himself. <br><br>Nocturne's basic attacks reduce this cooldown.","['aoe', 'physical_damage', 'self_heal', 'sustain_over_time', 'level_scaling', 'low_cooldown', 'instant_cast']","Nocturne's basic attacks heal himself and deal additional damage to nearby enemies, with cooldown reduced by basic attacks."
Nocturne,Q,Duskbringer,"Nocturne throws a shadow blade, dealing <physicalDamage>{{ totaldamage }} physical damage</physicalDamage> and leaving a dusk trail for {{ e3 }} seconds. Enemy champions hit also leave a trail. <br /><br />While on the trail, Nocturne is Ghosted and gains <speed>{{ movespeed }}% Move Speed</speed> and <physicalDamage>{{ bonustrailad }} Attack Damage</physicalDamage>.{{ spellmodifierdescriptionappend }}","['physical_damage', 'aoe', 'self_cast', 'mobility_reposition', 'offensive_stat_buff', 'medium_range', 'ad_scaling', 'no_cost', 'instant_cast']","Nocturne throws a shadow blade that deals physical damage and leaves a trail, granting him movement speed and attack damage while on the trail."
Nocturne,W,Shroud of Darkness,"<spellPassive>Passive:</spellPassive> Nocturne gains <attackSpeed>{{ e1 }}% Attack Speed</attackSpeed>.<br /><br /><spellActive>Active:</spellActive> Nocturne creates a shadow barrier for 1.5 seconds that blocks the next enemy Ability. If an Ability is blocked, this Ability's passive effect is increased to <attackSpeed>{{ e1 }}% Attack Speed</attackSpeed> for {{ e4 }} seconds.{{ spellmodifierdescriptionappend }}","['passive_ability', 'attack_speed_debuff', 'level_scaling', 'instant_cast']","Nocturne's passive increases his attack speed, while the active creates a shadow barrier that blocks enemy abilities and boosts his passive attack speed for a short duration upon successful block."
Nocturne,E,Unspeakable Horror,"<spellPassive>Passive:</spellPassive> Nocturne gains <speed>{{ tooltipfearms*100 }}% Move Speed</speed> toward <status>Feared</status> enemies.<br /><br /><spellActive>Active:</spellActive> Nocturne plants a nightmare tether into his target, dealing <magicDamage>{{ totaldamage }} magic damage</magicDamage> over {{ e3 }} seconds. If the tether remains unbroken, the target is <status>Feared</status> for {{ e2 }} second(s).{{ spellmodifierdescriptionappend }}","['aoe', 'fear_or_taunt_or_charm', 'active', 'magic_damage', 'duration', 'ground_targeted']",Nocturne plants a nightmare tether that deals magic damage over time and fears the target if the tether remains unbroken.
Nocturne,R,Paranoia,"Nocturne darkens the map, reducing the sight radius of all enemy champions and removing their vision of allies for {{ paranoiaduration }} seconds. Nocturne can <recast>Recast</recast> this Ability during the duration to launch himself at an enemy champion dealing <physicalDamage>{{ damage }} physical damage</physicalDamage>.{{ spellmodifierdescriptionappend }}","['global_range', 'stealth_reveal', 'self_cast', 'enemy_targeted', 'instant_cast', 'ultimate_cooldown', 'engage_tool', 'backline_access']","Nocturne reduces enemy vision and can instantly re-cast to teleport behind an enemy, dealing physical damage."
Nunu,Passive,Call of the Freljord,"Nunu increases the attack speed and Move Speed of Willump and a nearby ally, and causes Willump's basic attacks to damage enemies around the target.","['ally_targeted', 'offensive_stat_buff', 'movespeed_buff', 'ad_scaling', 'aoe', 'instant_cast']","Nunu's ability boosts the attack speed, move speed, and basic attack damage of Willump and an adjacent ally within range."
Nunu,Q,Consume,"Nunu asks Willump to take a bite of an enemy, dealing <trueDamage>{{ monsterminiondamage }} true damage</trueDamage> and restoring <healing>{{ monsterhealing }} Health</healing> when used against a minion or jungle monster. Against a champion, it instead deals <magicDamage>{{ totalchampiondamage }} magic damage</magicDamage> and restores <healing>{{ championhealing }} Health</healing>.<br /><br />The <healing>healing</healing> is increased by {{ lowhealthhealingscalar*100 }}% when Nunu and Willump are below {{ lowhealththreshhold*100 }}% Health.{{ spellmodifierdescriptionappend }}","['true_damage', 'magic_damage', 'healing', 'self_heal', 'ally_heal', 'health_or_resists_scaling', 'level_scaling', 'ultimate_cooldown', 'engage_tool', 'combo_finisher']","Nunu's ability engages on an enemy, dealing true or magic damage and healing both Nunu and Willump based on their health percentage, with increased healing at lower health. The ability has ultimate cooldown and can be used as a combo finisher."
Nunu,W,Biggest Snowball Ever!,"Nunu and Willump create a snowball that grows in size and speed as they roll it. They turn slower while rolling it, but can increase turning speed by holding the turn.<br /><br />The snowball does between <magicDamage>{{ noimpactsnowballdamage }}</magicDamage> and <magicDamage>{{ maximumsnowballdamage }} magic damage</magicDamage>, and <status>Knocks Up</status> for between {{ baseknockupduration }} and {{ maximumstunduration }} seconds when it collides with a champion, large monster or wall. These values scale up with distance rolled.<br /><br />Nunu and Willump can <recast>Recast</recast> to let the snowball go early.{{ spellmodifierdescriptionappend }}","['aoe', 'magic_damage', 'knockup_or_knockback', 'channeled', 'recast', 'skillshot']",Nunu and Willump create a growing snowball that deals magic damage and knocks up targets on collision. The ability is channeled and can be recast to end the channel early.
Nunu,E,Snowball Barrage,"Nunu throws three snowballs, dealing <magicDamage>{{ totalsnowballdamage }} magic damage</magicDamage> per snowball and <status>Slowing</status> enemies hit by all three by {{ slowamount*-100 }}% for {{ slowduration }} second. Nunu can <recast>Recast</recast> this up to twice more.<br /><br />After {{ totalspellduration }} seconds, Nunu <status>Roots</status> all nearby enemies that had been <status>Slowed</status> by the snowballs for {{ rootduration }} seconds and deals an additional <magicDamage>{{ totalrootdamage }} magic damage</magicDamage>.{{ spellmodifierdescriptionappend }}","['magic_damage', 'slow', 'aoe', 'recast', 'ultimate_cooldown', 'combo_finisher', 'self_setup']","Nunu's ultimate ability throws snowballs that slow and root enemies, providing a powerful area control and damage tool."
Nunu,R,Absolute Zero,"Nunu and Willump channel a powerful blizzard for up to {{ channelduration }} seconds. Enemies inside are <status>Slowed</status> by {{ slowstartamount*-100 }}%, increasing to {{ maxslowamount*-100 }}% over the duration. Nunu and Willump also gain <shield>{{ totalshieldamount }} Shield</shield> for the duration before decaying over {{ shielddecayduration }} seconds afterwards.<br /><br />When the blizzard ends, it detonates, dealing up to <magicDamage>{{ maximumdamage }} magic damage</magicDamage> based on channel time. Nunu and Willump can <recast>Recast</recast> to end the blizzard early.{{ spellmodifierdescriptionappend }}","['aoe', 'slow', 'shield', 'ultimate_cooldown', 'recast', 'damage_over_time', 'instant_cast']","Nunu and Willump channel a blizzard that slows enemies and provides a shield, with increased slow and damage over time. The blizzard can be ended early for an additional effect."
Olaf,Passive,Berserker Rage,Olaf gains Attack Speed and Life Steal based on his missing Health.,"['passive_ability', 'offensive_stat_buff', 'self_setup', 'missing_or_max_health_scaling']",Olaf's passive ability provides Attack Speed and Life Steal that scales with his missing Health.
Olaf,Q,Undertow,"Olaf throws an axe, dealing <physicalDamage>{{ totaldamage }} physical damage</physicalDamage> and <status>Slowing</status> by {{ slowamount*100 }}% for up to {{ e3 }} seconds (based on distance travelled). Champions hit lose <scaleArmor>{{ shredamount*100 }}% Armor</scaleArmor> for {{ debuffduration }} seconds.<br /><br />If Olaf picks up the axe, this Ability's Cooldown is reduced to {{ tooltipcdrefund }} seconds, or fully refunded if {{ tooltipcdrefund }} seconds has elapsed.{{ spellmodifierdescriptionappend }}","['physical_damage', 'slow', 'armor_shred', 'aoe', 'self_cast', 'enemy_targeted', 'low_cooldown', 'combo_finisher']","Olaf throws an axe that deals physical damage and applies a slow effect to enemies, reducing their armor temporarily. If he recovers the axe, the ability's cooldown is reduced."
Olaf,W,Tough It Out,"Olaf gains <attackSpeed>{{ attackspeed*100 }}% Attack Speed</attackSpeed> for {{ duration }} seconds, and <shield>{{ baseshield }} plus {{ shieldpercmissinghp*100 }}% missing Health Shield (up to a maximum of {{ maxshieldcalc }} Shield below {{ thresholdformax*100 }}% Health)</shield> for {{ shieldduration }} seconds.{{ spellmodifierdescriptionappend }}","['passive_ability', 'attack_speed_debuff', 'shield', 'damage_reduction_buff', 'level_scaling', 'missing_or_max_health_scaling']","Olaf's passive ability provides increased attack speed and a shield that scales with missing health, offering both offensive and defensive benefits as he levels up."
Olaf,E,Reckless Swing,"Olaf ferociously swings his axes, dealing <trueDamage>{{ totaldamage }} true damage</trueDamage>. If the enemy dies, the cost is refunded.<br /><br />Attacks lower the Cooldown of this Ability by 1 second, increased to 2 seconds when attacking monsters.{{ spellmodifierdescriptionappend }}","['true_damage', 'no_cost_when_enemy_killed', 'attack_speed_debuff', 'cooldown_reduction', 'monster_only', 'cannot_hit_structures']","Olaf's primary attack deals true damage and reduces the cooldown of the ability when attacking enemies or monsters, with increased reduction against monsters."
Olaf,R,Ragnarok,"<spellPassive>Passive:</spellPassive> Olaf gains <scaleArmor>{{ resists }} Armor</scaleArmor> and <scaleMR>{{ resists }} Magic Resist</scaleMR>.<br /><br /><spellActive>Active: </spellActive>Olaf cleanses all <status>Immobilizing</status> and <status>Disabling</status> effects on himself and becomes immune to them for {{ duration }} seconds. While active, Olaf gains <scaleAD>{{ ad }} Attack Damage</scaleAD>. Hitting a champion with an Attack or <spellName>Reckless Swing</spellName> extends the duration by {{ durationextension }} seconds.<br /><br />Additionally, Olaf gains <speed>{{ haste*100 }}% Move Speed</speed> towards enemy champions for {{ hasteduration }} second.{{ spellmodifierdescriptionappend }}","['passive_ability', 'armor_mr_shred', 'cc_immunity_or_tenacity', 'attack_speed_debuff', 'mobility_reposition', 'self_setup', 'ultimate_cooldown']","Olaf's passive provides armor and magic resist, while his active removes immobilizing and disabling effects, increases AD and move speed towards enemy champions, and grants immunity to these effects for a duration."
Orianna,Passive,Clockwork Windup,Orianna's Attacks deal additional magic damage. This damage increases the more Orianna Attacks the same target.,"['magic_damage', 'ad_scaling', 'auto_attack', 'no_cost', 'instant_cast', 'combo_starter']",Orianna's basic attacks deal additional magic damage that scales with the number of consecutive hits on the same target.
Orianna,Q,Command: Attack,"Orianna commands her <keywordMajor>Ball</keywordMajor> to move to an area, dealing <magicDamage>{{ totaldamagetooltip }} magic damage</magicDamage> to surrounding enemies and to enemies it passes through. Deals {{ e2 }}% less damage to all enemies after the first.{{ spellmodifierdescriptionappend }}","['aoe', 'magic_damage', 'skillshot', 'enemy_targeted', 'low_cooldown', 'poke_tool', 'waveclear_tool']","Orianna's Ball ability deals magic damage to enemies in its path and surrounding areas, with reduced damage on subsequent targets."
Orianna,W,Command: Dissonance,"Orianna commands her <keywordMajor>Ball</keywordMajor> to release an electric pulse, dealing <magicDamage>{{ totaldamage }} magic damage</magicDamage> to surrounding enemies.<br /><br />The pulse leaves behind an energy field for {{ fieldduration }} seconds, <status>Slowing</status> enemies by {{ slowamount*100 }}% and granting allies <speed>{{ hasteamount*100 }}% Move Speed</speed>, decaying over {{ slowandhasteduration }} seconds.{{ spellmodifierdescriptionappend }}","['aoe', 'magic_damage', 'slow', 'self_cast', 'ally_heal', 'sustain_over_time']",Orianna's ability deals magic damage to surrounding enemies and creates an energy field that slows enemies while providing movement speed buff to allies.
Orianna,E,Command: Protect,"<spellPassive>Passive: </spellPassive>The <keywordMajor>Ball</keywordMajor> adds <scaleArmor>{{ e2 }} Armor</scaleArmor> and <scaleMR>{{ e2 }} Magic Resist</scaleMR> to the allied champion it is attached to.<br /><br /><spellActive>Active: </spellActive>Orianna commands her <keywordMajor>Ball</keywordMajor> to attach to an allied champion, granting them <shield>{{ totalshieldtooltip }} Shield</shield> for {{ e5 }} seconds. Enemies the <keywordMajor>Ball</keywordMajor> passes through take <magicDamage>{{ totaldamagetooltip }} magic damage</magicDamage>.{{ spellmodifierdescriptionappend }}","['passive_ability', 'shield', 'armor_mr_shred', 'ally_heal', 'sustain_over_time', 'magic_damage', 'aoe', 'ground_targeted']","Orianna's passive provides armor and magic resist to an allied champion, while her active attaches a shield to an ally and deals magic damage to enemies in the way."
Orianna,R,Command: Shockwave,"Orianna commands her <keywordMajor>Ball</keywordMajor> to unleash a shockwave, dealing <magicDamage>{{ totaldamage }} magic damage</magicDamage> to nearby enemies and <status>Knocking</status> them in the direction of the <keywordMajor>Ball</keywordMajor>.{{ spellmodifierdescriptionappend }}","['aoe', 'magic_damage', 'knockup_or_knockback', 'targeted', 'skillshot']",Orianna's command causes her Ball to release a shockwave that deals magic damage and knocks nearby enemies in the direction of the Ball.
Ornn,Passive,Living Forge,"Ornn gains an additional bonus Armor and Magic Resist from all sources.<br><br>Ornn can spend gold to forge non-consumable items anywhere.<br><br>Additionally, he can create masterwork items for himself and for his allies.","['resistances_buff', 'item_creation', 'self_setup', 'team_utility']",Ornn's ability provides resistances and allows him to create items for himself and allies.
Ornn,Q,Volcanic Rupture,"Ornn slams the ground, creating a fissure dealing <physicalDamage>{{ totaldamage }} physical damage</physicalDamage> and <status>Slowing</status> by {{ e5 }}% for {{ e6 }} seconds. A pillar of rock forms at the fissure's end for {{ e3 }} seconds. {{ spellmodifierdescriptionappend }}","['physical_damage', 'slow', 'aoe', 'ground_targeted', 'ultimate_cooldown', 'engage_tool', 'combo_starter']","Ornn creates a fissure that deals physical damage and slows enemies, followed by a pillar of rock."
Ornn,W,Bellows Breath,"Ornn stomps forward Unstoppably while breathing fire, dealing <magicDamage>{{ maxpercenthpperticktooltip }}% max Health magic damage</magicDamage> over {{ breathduration }} seconds. Enemies hit by the final bout of flame become <keywordMajor>Brittle</keywordMajor> for {{ brittleduration }} seconds.<br /><br /><status>Immobilizing</status> effects on <keywordMajor>Brittle</keywordMajor> targets have their duration increased by 30% and deal an additional <magicDamage>{{ brittlepercentmaxhpcalc }} max Health magic damage</magicDamage>. Ornn's Attacks against <keywordMajor>Brittle</keywordMajor> targets <status>Knock</status> them <status>Back</status>, dealing the additional damage.{{ spellmodifierdescriptionappend }}","['magic_damage', 'damage_over_time', 'self_cast', 'enemy_targeted', 'slow', 'knockup_or_knockback', 'ultimate_cooldown', 'engage_tool', 'combo_finisher']","Ornn's ultimate ability deals magic damage over time to enemies, immobilizing them and causing them to be knocked back when hit."
Ornn,E,Searing Charge,"Ornn charges, dealing <physicalDamage>{{ totaldamage }} physical damage</physicalDamage>. If Ornn rams into terrain, he creates a shockwave that <status>Knocks Up</status> enemies for {{ knockupduration }} seconds and applies the same damage to those not hit by the charge.<br /><br />Ornn's charge destroys magma pillars and terrain created by enemies.{{ spellmodifierdescriptionappend }}","['skillshot', 'physical_damage', 'knockup_or_knockback', 'aoe', 'damage_reduction_buff', 'ultimate_cooldown', 'engage_tool', 'combo_starter']","Ornn charges forward, dealing physical damage and creating a knockup effect on impact with terrain or enemies, damaging and displacing them. The ability also reduces enemy damage resistance and can be used as an engage tool or combo starter."
Ornn,R,Call of the Forge God,"Ornn summons a massive lava elemental, which stampedes towards him, dealing <magicDamage>{{ rdamagecalc }} magic damage</magicDamage>, applying <keywordMajor>Brittle</keywordMajor> to, and <status>Slowing</status> enemies hit by {{ rslowpercentbasepremath }}% for {{ brittledurationtooltiponly }} seconds.<br /><br />Ornn can <recast>Recast</recast> to dash with a headbutt. If he dashes into the elemental, he redirects and empowers it, causing it to <status>Knock Up</status> the first champion for {{ rstunduration }} second and subsequent champions for {{ minstun }} seconds. The elemental also deals <magicDamage>{{ rdamagecalc }} magic damage</magicDamage> and reapplies <keywordMajor>Brittle</keywordMajor>.{{ spellmodifierdescriptionappend }}","['magic_damage', 'aoe', 'skillshot', 'targeted', 'slow', 'stun', 'ultimate_cooldown', 'engage_tool', 'combo_finisher']","Ornn summons a lava elemental that deals magic damage and applies slow to enemies. On recast, he dashes and empowers the elemental to stun and deal additional damage."
Pantheon,Passive,Mortal Will,"Every few spells or attacks, Pantheon's next spell is empowered.","['passive_ability', 'level_scaling', 'ultimate_cooldown', 'combo_starter', 'combo_finisher']",Empowers Pantheon's next spell every few levels or attacks.
Pantheon,Q,Comet Spear,"<span class=""colorFF8C00"">Tap:</span> Pantheon thrusts his spear, dealing <physicalDamage>{{ tapdamagecalc }} physical damage</physicalDamage> to enemies hit. Refunds {{ tapcooldownrefund*100 }}% of this Ability's Cooldown.<br /><br /><span class=""colorFF8C00"">Hold:</span> Pantheon hurls his spear, dealing <physicalDamage>{{ holddamagecalc }} physical damage</physicalDamage> to the first enemy hit and {{ damagefalloff*100 }}% less to further targets. <br /><br />This Ability is enhanced against enemies below {{ crithealththreshold*100 }}% Health to deal <physicalDamage>{{ executedamagecalcmodified }} physical damage</physicalDamage> instead.<br /><br /><span class=""colorEDDA74"">Mortal Will Bonus:</span> Deals an additional <physicalDamage>{{ empowereddamagecalc }} physical damage</physicalDamage>.{{ spellmodifierdescriptionappend }}","['physical_damage', 'aoe', 'skillshot', 'enemy_targeted', 'ultimate_cooldown', 'engage_tool', 'burst_tool']","Pantheon's Mortal Strike ability deals physical damage to enemies in a skillshot, with increased damage on lower health targets and can be used as an engage or burst tool."
Pantheon,W,Shield Vault,"Pantheon leaps on his target, <status>Stunning</status> for {{ stunduration }} second and dealing <physicalDamage>{{ maxhealthdamagecalc }} max Health physical damage</physicalDamage>.<br /><br /><keywordMajor>Mortal Will Bonus:</keywordMajor> Pantheon's next Attack strikes {{ empowerednumhits }} times, dealing a total of <physicalDamage>{{ empowereddamagemultcalcmodified }} physical damage</physicalDamage>.{{ spellmodifierdescriptionappend }}","['enemy_targeted', 'stun', 'physical_damage', 'percent_health_damage', 'combo_finisher', 'ultimate_cooldown']","Pantheon's ultimate ability targets an enemy, stunning them and dealing damage based on their maximum health. The next attack after using this ability will deal multiple hits of physical damage."
Pantheon,E,Aegis Assault,"Pantheon braces his shield and engages enemies in a chosen direction for {{ shieldduration }} seconds, becoming immune to non-tower damage from that direction and dealing <physicalDamage>{{ damagecalc }} physical damage</physicalDamage> over the duration. After channeling Pantheon slams with his shield, dealing <physicalDamage>{{ shielddamagecalc }} physical damage</physicalDamage>.<br /><br /><span class=""colorEDDA74"">Mortal Will Bonus:</span> When Pantheon slams his shield he gains <scaleArmor>{{ resistscalc }} Armor</scaleArmor> and <scaleMR>{{ resistscalc }} Magic Resist</scaleMR> for {{ resistsduration }} seconds, and <speed>{{ speedamount*100 }}% Move Speed</speed> for {{ speedduration }} seconds. <br />{{ spellmodifierdescriptionappend }}","['ultimate_cooldown', 'ground_targeted', 'skillshot', 'shield', 'damage_reduction_buff', 'resistances_buff', 'invulnerability_or_stasis', 'self_cast', 'ultimate', 'engage_tool', 'combo_finisher']","Pantheon's ultimate ability shields him and deals physical damage over time and on slam, providing armor and magic resist while becoming immune to non-tower damage from the chosen direction."
Pantheon,R,Grand Starfall,"<spellPassive>Passive:</spellPassive> Pantheon gains {{ armorpenetration*100 }}% Armor Penetration.<br /><br /><spellActive>Active:</spellActive> Pantheon gathers his strength to leap high into the air. He throws his spear from above which in a small area deals <physicalDamage>{{ spell.pantheonq:holddamagecalc }} physical damage</physicalDamage> and <status>Slows</status> by {{ spearslow*100 }}% for {{ spearslowduration }} seconds. <br /><br />Pantheon then crashes down as a meteor at the target area. Deals up to <magicDamage>{{ damagecalc }} magic damage</magicDamage> to enemies in a line (decreased by up to {{ edgedamagereduction*100 }}% at the edges of the area).<br /><br />This Ability instantly readies <span class=""colorEDDA74"">Mortal Will</span>.{{ spellmodifierdescriptionappend }}","['physical_damage', 'magic_damage', 'aoe', 'skillshot', 'targeted', 'slow', 'ultimate_cooldown', 'engage_tool', 'combo_starter', 'combo_finisher']","Pantheon's Q ability allows him to leap into the air, throw a spear that slows enemies, and then crash down as a meteor, dealing magic damage in a line."
Poppy,Passive,Iron Ambassador,Poppy throws her buckler that bounces off the target. Poppy can pick it up to gain a temporary shield.,"['aoe', 'targeted', 'shield', 'self_cast', 'ground_targeted', 'low_cooldown', 'ultimate_cooldown', 'engage_tool', 'team_utility']","Poppy throws her buckler at an enemy, which bounces and can be picked up by her to gain a temporary shield."
Poppy,Q,Hammer Shock,"Poppy smashes the ground, dealing <physicalDamage>{{ basedamage }}</physicalDamage> plus <physicalDamage>{{ healthdamagepercent }}% max Health physical damage</physicalDamage> and making the ground unstable. <br /><br />The unstable area <status>Slows</status> enemies by {{ e3 }}% and erupts after {{ e4 }} second, dealing <physicalDamage>{{ basedamage }}</physicalDamage> plus <physicalDamage>{{ healthdamagepercent }}% max Health physical damage</physicalDamage> again.{{ spellmodifierdescriptionappend }}","['physical_damage', 'true_damage', 'slow', 'damage_over_time', 'self_cast', 'aoe', 'level_scaling', 'ultimate_cooldown', 'engage_tool', 'combo_starter', 'combo_finisher']","Poppy's ultimate ability creates an unstable area that slows and deals damage over time, with a delayed eruption causing additional damage."
Poppy,W,Steadfast Presence,<spellPassive>Passive:</spellPassive> Poppy gains <scaleArmor>{{ bonusarmor }} Armor</scaleArmor> and <scaleMR>{{ bonusmr }} Magic Resist</scaleMR>. This bonus is doubled if Poppy is below {{ passiveempoweredhealthpercent*100 }}% Health.<br /><br /><spellActive>Active:</spellActive> Poppy gains <speed>{{ e2 }}% Move Speed</speed> and projects a field around her for {{ e1 }} seconds that stops enemy dashes. Enemies who are stopped by the field are <status>Grounded</status> and <status>Slowed</status> by {{ slowamount*-100 }}% for {{ groundingduration }} seconds and take <magicDamage>{{ interruptdamage }} magic damage</magicDamage>.{{ spellmodifierdescriptionappend }},"['passive_ability', 'armor', 'magic_resist', 'self_cast', 'move_speed_buff', 'cc', 'slow', 'magic_damage', 'aoe', 'ground_targeted']","Poppy's passive provides armor and magic resist, while her active grants movement speed and slows enemies in an area."
Poppy,E,Heroic Charge,"Poppy tackles an enemy, dealing <physicalDamage>{{ tackledamage }} physical damage</physicalDamage> and carrying them forward. If Poppy tackles them into terrain, the enemy is <status>Stunned</status> for {{ e3 }} seconds and take an additional <physicalDamage>{{ tackledamage }} physical damage</physicalDamage>.{{ spellmodifierdescriptionappend }}","['physical_damage', 'stun', 'skillshot', 'enemy_targeted', 'combo_finisher', 'ultimate_cooldown']","Poppy's ultimate ability tackles an enemy, dealing physical damage and stunning them if they hit terrain."
Poppy,R,Keeper's Verdict,"<charge>Begin Casting:</charge> Poppy begins charging her hammer for up to {{ channelmaxduration }} seconds, <status>Slowing</status> herself by {{ selfslow }}%.<br /><br /><release>Release:</release> Poppy smashes the ground, creating a shockwave that deals <physicalDamage>{{ damage }} physical damage</physicalDamage> to the first champion hit and surrounding enemies, <status>Knocks</status> them <status>Back</status> towards their Nexus, and makes them Untargetable while they fly. The range and <status>Knock Back</status> distance increase with charge duration.<br /><br />An uncharged swing deals <physicalDamage>{{ halfdamage }} physical damage</physicalDamage> and <status>Knocks Up</status> for {{ knockupdurationsnap }} seconds.{{ spellmodifierdescriptionappend }}","['aoe', 'skillshot', 'targeted', 'knockup_or_knockback', 'untargetable', 'ultimate_cooldown', 'engage_tool', 'combo_finisher']","Poppy's ultimate ability allows her to charge and release a powerful shockwave that damages and knocks back enemies, making them untargetable during the knockback."
Pyke,Passive,Gift of the Drowned Ones,"When Pyke is hidden from enemies, he regenerates damage that he has recently taken from champions. Pyke also cannot gain extra Maximum Health from any source, and instead gains Bonus AD.","['passive_ability', 'no_damage', 'health_or_resists_scaling', 'ad_scaling', 'self_setup']","Pyke's passive ability provides health regeneration based on recent damage taken and increases his AD, setting up potential opportunities for engagement."
Pyke,Q,Bone Skewer,"<tap>Tap:</tap> Pyke stabs, dealing <physicalDamage>{{ totaldamage }} physical damage</physicalDamage> to the first enemy hit, preferring champions. They are then <status>Slowed</status> by {{ slowamount*100 }}% for {{ slowduration }} second.<br /><br /><hold>Hold: </hold>Pyke throws his harpoon, dealing <physicalDamage>{{ totaldamage }} physical damage</physicalDamage> to the first enemy hit and <status>Pulling</status> them towards him. They are then <status>Slowed</status> by {{ slowamount*100 }}% for {{ slowduration }} second.<br /><br />If Pyke successfully hits an enemy champion or the channel does not complete successfully, {{ manarefund*100 }}% of the Mana cost is refunded.{{ spellmodifierdescriptionappend }}","['physical_damage', 'slow', 'targeted', 'aoe', 'mana_cost', 'refund_on_fail', 'ultimate_cooldown', 'engage_tool', 'poke_tool']","Pyke's ability stabs or throws a harpoon at enemies, dealing physical damage and applying a slow effect. The ultimate has a mana cost with a refund on failure and can be used as an engage or poke tool."
Pyke,W,Ghostwater Dive,Pyke gains <keywordStealth>Camouflage</keywordStealth> and <speed>{{ movespeed }}% Move Speed</speed> decaying over {{ e0 }} seconds.{{ spellmodifierdescriptionappend }},"['stealth', 'mobility_reposition', 'self_cast', 'no_damage', 'no_cost', 'low_cooldown', 'passive_ability', 'ground_targeted']",Pyke gains stealth and movement speed that decays over time.
Pyke,E,Phantom Undertow,"Pyke dashes, leaving a drowned phantom behind him that returns to him shortly. The phantom <status>Stuns</status> for {{ stunduration }} seconds and deals <physicalDamage>{{ totaldamage }} physical damage</physicalDamage> to champions.{{ spellmodifierdescriptionappend }}","['dive', 'chase', 'engage_tool', 'self_cast', 'aoe', 'skillshot', 'stun', 'physical_damage', 'persistent_area_or_trap', 'combo_finisher']","Pyke dashes forward, leaving a phantom that stuns and damages nearby champions upon returning to him."
Pyke,R,Death From Below,"Pyke strikes all enemy champions in an X, teleporting to and <danger>executing</danger> targets below <scaleAD>{{ rdamage }}</scaleAD> Health. Champions above the threshold and non-champions instead take physical damage equal to {{ reduceddamage*100 }}% of that amount (<physicalDamage>{{ reduceddamagefinal }}</physicalDamage>). <br /><br />When an enemy champion dies inside the X, Pyke can <recast>Recast</recast> this Ability for free within {{ rrecastduration }} seconds. If he executed that champion, the last assisting ally will also get kill gold. If he did not, he will still get kill gold as if he did.<br />{{ spellmodifierdescriptionappend }}","['aoe', 'execute_damage', 'instant_cast', 'enemy_targeted', 'low_cooldown', 'ultimate_cooldown', 'team_utility', 'backline_access', 'anti_squishy']","Pyke's ultimate ability deals damage to multiple enemy champions and executes those below a certain health threshold, with the option to recast for free after a kill."
Qiyana,Passive,Royal Privilege,Qiyana's first basic attack or ability against each enemy deals bonus damage.,"['enemy_targeted', 'single_target', 'ad_scaling', 'damage_over_time', 'combo_starter']","Qiyana's Q ability provides bonus damage on her first hit against an enemy, serving as a combo starter."
Qiyana,Q,Elemental Wrath / Edge of Ixtal,"If Qiyana does not have an <keywordMajor>Enchantment</keywordMajor>, she slashes, dealing <physicalDamage>{{ vanilladamage }} physical damage</physicalDamage> to enemies in a small area. If she does, this Ability gains extra range and an additional effect based on the type of <keywordMajor>Enchantment</keywordMajor>:<li><keywordMajor>Ice Enchantment</keywordMajor>: Briefly <status>Roots</status>, then <status>Slows</status> by {{ slowpotency*-100 }}% for {{ slowduration }} second.<li><keywordMajor>Rock Enchantment</keywordMajor>: Deals an additional <physicalDamage>{{ tremordamage }} physical damage</physicalDamage> to units below {{ critthreshold*100 }}% Health.<li><keywordMajor>Wild Enchantment</keywordMajor>: Leaves a trail that turns Qiyana <keywordStealth>Invisible</keywordStealth> and grants <speed>{{ haste*100 }}% Move Speed</speed>.<br />{{ spellmodifierdescriptionappend }}","['physical_damage', 'aoe', 'skillshot', 'targeted', 'root', 'slow', 'stealth_invisibility', 'speed_buff', 'level_scaling']","Qiyana's basic attack with her Enchantment changes its effect, providing either root, slow, stealth invisibility, or speed buff based on the Enchantment type."
Qiyana,W,Terrashape,"<spellPassive>Passive:</spellPassive> While Qiyana's weapon is <keywordMajor>Enchanted</keywordMajor>, she gains <attackSpeed>{{ attackspeed*100 }}% Attack Speed</attackSpeed> and her Attacks deal an additional <magicDamage>{{ onhitdamage }} magic damage</magicDamage>. She also gains <speed>{{ passivems*100 }}% Move Speed</speed> while out of combat near the corresponding terrain type.<br /><br /><spellActive>Active:</spellActive> Qiyana dashes towards a nearby brush, terrain, or river and <keywordMajor>Enchants</keywordMajor> her weapon with that particular terrain type. This refreshes <spellName>Elemental Wrath / Edge of Ixtal</spellName>'s Cooldown.{{ spellmodifierdescriptionappend }}","['passive_ability', 'attack_speed_debuff', 'magic_damage', 'movespeed_buff', 'no_cost', 'instant_cast']","Qiyana's passive increases her attack speed and magic damage when her weapon is enchanted, while her active allows her to dash and enchant her weapon with terrain types, refreshing the cooldown of her Q and W abilities."
Qiyana,E,Audacity,Qiyana dashes through an enemy and deals <physicalDamage>{{ damage }} physical damage</physicalDamage> to them.{{ spellmodifierdescriptionappend }},"['melee_range', 'self_cast', 'enemy_targeted', 'physical_damage', 'instant_cast', 'burst_tool']","Qiyana dashes forward and strikes an enemy, dealing physical damage instantly."
Qiyana,R,Supreme Display of Talent,"Qiyana launches a shockwave that <status>Knocks Back</status> enemies and detonates when it hits terrain. The explosion follows the entire edge of the terrain, <status>Stunning</status> for between 0.5 and {{ stunduration }} seconds and dealing <physicalDamage>{{ damage }}</physicalDamage> plus <physicalDamage>{{ missinghealthdamagerock }} max Health physical damage</physicalDamage>. <status>Stun</status> duration scales down with distance the shockwave has travelled.<br /><br />Any river or brush the shockwave passes through also explode after a delay for the same damage and <status>Stun</status>.{{ spellmodifierdescriptionappend }}","['aoe', 'skillshot', 'knockup_or_knockback', 'stun', 'true_damage', 'missing_or_max_health_scaling', 'level_scaling', 'cast_time']","Qiyana's Q ability launches a shockwave that knocks back and stuns enemies upon hitting terrain, with stun duration scaling based on travel distance."
Quinn,Passive,Harrier,"Valor, Quinn's Demacian eagle, periodically marks enemies as <font color='#FFF673'>Vulnerable</font>. Quinn's first basic attack against <font color='#FFF673'>Vulnerable</font> targets will deal bonus physical damage.","['passive_ability', 'periodic_effect', 'vulnerability_mark', 'physical_damage', 'bonus_damage', 'self_setup', 'no_cost']","Quinn's Demacian eagle passively marks enemies, granting bonus physical damage on the first basic attack against marked targets."
Quinn,Q,Blinding Assault,"Quinn orders Valor to dive, making the first enemy hit <keywordMajor>Vulnerable</keywordMajor>, reducing their vision radius for {{ e3 }} seconds and dealing <physicalDamage>{{ totaldamage }} physical damage</physicalDamage> to all surrounding enemies.<br /><br />If the first enemy struck is not a champion, it is <status>Disarmed</status> for {{ e3 }} seconds.{{ spellmodifierdescriptionappend }}","['aoe', 'physical_damage', 'vulnerability_debuff', 'vision_radius_reduction', 'disarm', 'enemy_targeted', 'instant_cast', 'combo_finisher']","Quinn's ability makes the first enemy hit vulnerable, reducing their vision radius and dealing physical damage to surrounding enemies; disarms non-champion targets."
Quinn,W,Heightened Senses,<spellPassive>Passive:</spellPassive> Attacking a <keywordMajor>Vulnerable</keywordMajor> target grants Quinn <attackSpeed>{{ attackspeedbonus*100 }}% Attack Speed</attackSpeed> and <speed>{{ e3 }}% Move Speed</speed> for {{ e1 }} seconds.<br /><br /><spellActive>Active:</spellActive> Valor reveals a large area nearby for {{ e5 }} seconds.{{ spellmodifierdescriptionappend }},"['passive_ability', 'self_setup', 'attack_speed_debuff', 'mobility_reposition', 'reveal', 'global_range']","Quinn's passive increases her attack speed and movement speed against vulnerable targets, while the active ability reveals a large area globally."
Quinn,E,Vault,"Quinn dashes to an enemy, dealing <physicalDamage>{{ totaldamage }} physical damage</physicalDamage> and marking them <keywordMajor>Vulnerable</keywordMajor>. Quinn then leaps backwards from the target, slightly <status>Knocking</status> them <status>Back</status> and <status>Slowing</status> them by {{ e1 }}%, decaying over {{ e3 }} seconds.{{ spellmodifierdescriptionappend }}","['melee_range', 'self_cast', 'enemy_targeted', 'skillshot', 'knockup_or_knockback', 'slow', 'damage_reduction_buff', 'medium_cooldown', 'combo_finisher']","Quinn dashes to an enemy, deals physical damage and marks them vulnerable. Then, she leaps back, knocking the target back and slowing them."
Quinn,R,Behind Enemy Lines,"Quinn calls to Valor, pairing up after channeling for 2 seconds gaining <speed>{{ movementspeedmod*100 }}% Move Speed</speed> and allowing her to <recast>Recast</recast> this Ability. Attacking or using <spellName>Blinding Assault</spellName> or <spellName>Vault</spellName> automatically <recast>Recasts</recast> this Ability.<br /><br /><recast>Recast</recast>: Quinn and Valor perform an aerial maneuver, dealing <physicalDamage>{{ damage }} physical damage</physicalDamage>, marking champions as <keywordMajor>Vulnerable</keywordMajor>, and ending this Ability.{{ spellmodifierdescriptionappend }}","['self_cast', 'mobility_reposition', 'ultimate_cooldown', 'engage_tool', 'combo_finisher']","Quinn and Valor perform an aerial maneuver, dealing physical damage and marking enemies as Vulnerable, ending the ultimate."
Rakan,Passive,Fey Feathers,Rakan periodically gains a shield.,"['shield', 'passive_ability', 'sustain_over_time']",Rakan gains periodic shields to sustain himself over time.
Rakan,Q,Gleaming Quill,"Rakan flings a magical feather that deals <magicDamage>{{ totaldamage }} magic damage</magicDamage> to the first enemy hit.<br /><br />If the feather hits a champion or epic jungle monster, Rakan restores <healing>{{ totalheal }} Health</healing> to himself and nearby allies after {{ healdelay }} seconds or when he touches an allied champion.{{ spellmodifierdescriptionappend }}","['magic_damage', 'self_heal', 'ally_heal', 'delayed_effect', 'aoe', 'targeted', 'no_cost', 'ultimate_cooldown', 'poke_tool', 'sustain_over_time']",Rakan's ultimate ability throws a magical feather that deals magic damage and provides healing to himself and nearby allies after a delay.
Rakan,W,Grand Entrance,"Rakan dashes, then spirals into the air, <status>Knocking Up</status> for {{ knockupduration }} second and dealing <magicDamage>{{ totaldamage }} magic damage</magicDamage>.{{ spellmodifierdescriptionappend }}","['stun', 'knockup_or_knockback', 'magic_damage', 'aoe', 'skillshot', 'enemy_targeted', 'engage_tool', 'combo_finisher']","Rakan dashes and spirals into the air, stunning and knocking up enemies, dealing area-of-effect magic damage."
Rakan,E,Battle Dance,"Rakan dashes to an allied champion, granting them <shield>{{ totalshield }} Shield</shield> for {{ e3 }} seconds.<br /><br />Rakan can <recast>Recast</recast> this Ability once within {{ e2 }} seconds.{{ spellmodifierdescriptionappend }}","['ally_targeted', 'shield', 'self_cast', 'instant_cast', 'low_cooldown', 'team_utility']","Rakan's ability dashes to an ally, providing a shield and the option to recast it quickly."
Rakan,R,The Quickness,Rakan gains <speed>{{ e5 }}% Move Speed</speed> for {{ e2 }} seconds. Rakan deals <magicDamage>{{ totaldamagetooltip }} magic damage</magicDamage> and <status>Charms</status> enemies for {{ e3 }} second(s) the first time he touches them. The first champion touched grants Rakan <speed>{{ e6 }}% decaying Move Speed</speed>.{{ spellmodifierdescriptionappend }},"['movespeed_buff', 'charm', 'self_cast', 'debuff', 'medium_cooldown', 'combo_finisher']","Rakan's ability provides movement speed buff to himself and charms enemies, reducing their movement speed over time."
Rammus,Passive,Spiked Shell,Rammus gains bonus Attack Damage scaling with his Armor and Magic Resistance.,"['ad_scaling', 'armor_mr_shred', 'offensive_stat_buff']","Rammus gains Attack Damage that scales with his Armor and Magic Resistance, enhancing his offensive capabilities based on defensive stats."
Rammus,Q,Powerball,"Rammus curls into a ball, gaining <speed>{{ minimummovespeed }} Move Speed</speed>, accelerating up to <speed>{{ maximummovespeed }} Move Speed</speed> over {{ rollduration }} seconds. Rammus stops after colliding with an enemy, dealing <magicDamage>{{ powerballdamage }} magic damage</magicDamage>, <status>Knocking Back</status>, and <status>Slowing</status> nearby enemies by {{ slowpercent }}% for {{ slowduration }} second.<br /><br /><recast>Recast</recast>: Rammus ends this Ability early.{{ spellmodifierdescriptionappend }}","['skillshot', 'targeted', 'mobility_reposition', 'slow', 'ultimate_cooldown', 'engage_tool', 'peel_tool']","Rammus rolls into a ball, increasing his movement speed and knocking back and slowing nearby enemies upon collision."
Rammus,W,Defensive Ball Curl,"Rammus enters a defensive formation for {{ buffduration }} seconds, gaining <scaleArmor>{{ bonusarmortooltip }} Armor</scaleArmor> and <scaleMR>{{ bonusmrtooltip }} Magic Resist</scaleMR> and dealing <magicDamage>{{ returndamagecalc }} magic damage</magicDamage> to enemies that Attack him.<br /><br /><recast>Recast</recast>: Rammus ends this Ability early.{{ spellmodifierdescriptionappend }}","['passive_ability', 'armor_mr_shred', 'magic_damage', 'self_setup', 'sustain_over_time', 'level_scaling']","Rammus gains armor and magic resist while dealing magic damage to attackers, with increasing benefits as he levels up."
Rammus,E,Frenzying Taunt,Rammus <status>Taunts</status> an enemy champion or monster for {{ duration }} seconds. Monsters are dealt <magicDamage>{{ monsterdamagecalc }} magic damage</magicDamage>.{{ spellmodifierdescriptionappend }},"['soft_cc', 'taunt', 'enemy_targeted', 'duration', 'magic_damage']","Taunts an enemy champion or monster, dealing magic damage to monsters and reducing their ability to engage in combat for a set duration."
Rammus,R,Soaring Slam,"Rammus hops into the air and slams down in an area, dealing <magicDamage>{{ initialdamagecalc }} magic damage</magicDamage> and <status>Slowing</status> by {{ slowamount*100 }}% for {{ slowduration }} seconds. If used during <spellName>Powerball</spellName>, enemies in the center take an additional <magicDamage>{{ spell.powerball:powerballdamage }} magic damage</magicDamage> and are <status>Knocked Up</status> for {{ knockupduration }} seconds.<br /><br />Rammus then creates {{ numberofpulses }} aftershocks in the area over {{ buffduration }} seconds, repeating the <status>Slow</status>.<br /><br />The range of this Ability is increased by Rammus's <speed>Move Speed</speed>.{{ spellmodifierdescriptionappend }}","['aoe', 'magic_damage', 'slow', 'skillshot', 'stacked_effect', 'ultimate_cooldown', 'engage_tool', 'combo_finisher']","Rammus hovers and slams the ground, slowing and potentially knocking up enemies, with aftershocks that further slow them."
RekSai,Passive,Fury of the Xer'Sai,Rek'Sai generates Fury by Attacking and hitting with basic Abilities. She consumes this Fury while Burrowed to restore health.,"['passive_ability', 'health_regeneration', 'fury_system', 'no_damage']",Rek'Sai regenerates health while Burrowed by consuming Fury generated from basic attacks and abilities.
RekSai,Q,Queen's Wrath / Prey Seeker,<keywordMajor>Unburrowed:</keywordMajor> Rek'Sai's next 3 Attacks within {{ buffduration }} seconds gain <attackSpeed>{{ attackspeed*100 }}% Attack Speed</attackSpeed> and deal an additional <physicalDamage>{{ totaldamagetooltip }} physical damage</physicalDamage> to nearby enemies. Attacks refresh the duration of this Ability.{{ spellmodifierdescriptionappend }},"['passive_ability', 'attack_speed_debuff', 'physical_damage', 'aoe', 'instant_cast']","Rek'Sai's passive ability increases her next 3 attacks' speed and deals additional physical damage to nearby enemies, with the attacks refreshing the duration."
RekSai,W,Burrow / Un-burrow,"<keywordMajor>Unburrowed:</keywordMajor> Rek'Sai burrows into the ground, gaining access to new Abilities but cannot Attack. She gains <speed>{{ burrowedmovespeed }} Move Speed</speed>, {{ visionradiusmod*-100 }}% reduced vision range, and nearby enemies that move and are otherwise unseen will have their positions revealed to Rek'sai and her allies.{{ spellmodifierdescriptionappend }}","['self_cast', 'mobility_reposition', 'reveals_stealth', 'vision_reveal', 'ground_targeted', 'no_damage', 'global_range', 'instant_cast']","Rek'Sai burrows underground, gaining movement speed and revealing the positions of nearby unseen enemies."
RekSai,E,Furious Bite / Tunnel,"<keywordMajor>Unburrowed:</keywordMajor> Rek'Sai bites a target, dealing <physicalDamage>{{ spell.reksaie:basedamage }} physical damage</physicalDamage>. At max <keywordMajor>Fury</keywordMajor>, the bite deals <trueDamage>{{ spell.reksaie:empowereddamage }} true damage</trueDamage> instead.{{ spellmodifierdescriptionappend }}","['physical_damage', 'true_damage', 'single_target', 'skillshot', 'ad_scaling', 'ultimate_cooldown', 'combo_starter', 'combo_finisher']","Rek'Sai's Unburrowed ability bites a target, dealing physical damage that becomes true damage at max Fury. It can be used as both a combo starter and finisher."
RekSai,R,Void Rush,"Rek'Sai targets an enemy damaged by her in the last {{ preymarkduration }} seconds and then dives underground, becoming Untargetable. Moments later, she leaps unstoppably at her target, dealing <physicalDamage>{{ rbasedamagecalc }} plus {{ percenthealthdamage }}% max Health physical damage</physicalDamage> and resets the cooldown of <keywordMajor>Burrow / Un-burrow</keywordMajor>.{{ spellmodifierdescriptionappend }}","['enemy_targeted', 'untargetable', 'dive', 'reposition', 'physical_damage', 'percent_health_damage', 'reset_cooldown', 'self_cast', 'unstoppable_movement', 'ultimate_cooldown']",Rek'Sai targets an enemy and becomes untargetable before diving underground and then repositioning to deal physical damage and reset her Burrow/Un-burrow cooldown.
Rell,Passive,Break the Mold,Rell's Attacks and Abilities deal additional magic damage and steal Armor and Magic Resist on hit.,"['magic_damage', 'armor_mr_shred', 'self_heal', 'ad_scaling', 'ap_scaling', 'level_scaling']","Rell's attacks and abilities deal magic damage and provide armor and magic resist reduction on hit, scaling with her attack damage, ability power, and level."
Rell,Q,Shattering Strike,"Rell thrusts her lance, <status>Stunning</status> targets for {{ stunduration }} seconds, destroying all <shield>Shields</shield>, and dealing <magicDamage>{{ damage }} magic damage.</magicDamage>{{ spellmodifierdescriptionappend }}","['stun', 'magic_damage', 'shield', 'single_target']","Rell stuns a target, destroys their shields, and deals magic damage."
Rell,W,Ferromancy: Crash Down,"<spellPassive>Passive - Mounted Alacrity:</spellPassive> Rell gains <speed>{{ spell.rellw_dismount:mountedmovespeed }} Move Speed</speed> while mounted.<br /><br /><spellActive>Active - Ferromancy: Crash Down:</spellActive> Rell leaps off her mount, <status>Knocking Up</status> enemies and dealing <magicDamage>{{ spell.rellw_dismount:dismountdamage }} magic damage</magicDamage>. Rell gains <shield>{{ spell.rellw_dismount:shield }} Shield</shield>, which lasts until she remounts.<br /><br />Rell then enters her armored form, gaining <scaleArmor>{{ spell.rellw_dismount:resistanceincrease*100 }}% increased Armor</scaleArmor> and <scaleMR>Magic Resist</scaleMR>, <attackSpeed>{{ spell.rellw_dismount:dismountedasboost*100 }}% Attack Speed</attackSpeed> and {{ spell.rellw_dismount:dismountedrangeboost }} Attack Range. In this armored form, she can use <spellName>Ferromancy: Mount Up</spellName>.{{ spellmodifierdescriptionappend }}","['passive_ability', 'move_speed_buff', 'knockup_or_knockback', 'magic_damage', 'shield', 'armor_mr_shred', 'attack_speed_buff', 'attack_range_buff', 'ultimate_cooldown', 'self_cast', 'combo_starter', 'combo_finisher']","Rell's passive increases her movement speed while mounted. Her active ability allows her to leap, knocking up enemies and providing a shield and various buffs in armored form."
Rell,E,Full Tilt,"Rell and an ally charge, gaining <speed>{{ minms*100 }}% Move Speed</speed>, increased to <speed>{{ maxms*100 }}%</speed> when facing enemy champions or each other for {{ duration }} seconds. Rell's next Attack or <spellName>Shattering Strike</spellName> explodes in an area for <magicDamage>{{ maxhealthdamagecalc }} max Health magic damage</magicDamage>.{{ spellmodifierdescriptionappend }}","['melee_range', 'speed_buff', 'self_cast', 'aoe', 'magic_damage', 'sustain_over_time', 'combo_finisher']","Rell and an ally gain increased movement speed while facing each other or enemies, with the ability to deal area-of-effect magic damage on their next attack or Shattering Strike."
Rell,R,Magnet Storm,"Rell explodes in a magnetic fury, violently <status>Pulling</status> nearby enemies towards herself. Then Rell constantly <status>Drags</status> nearby enemies towards herself and deals <magicDamage>{{ totaldamage }} magic damage</magicDamage> over the next {{ duration }} seconds.{{ spellmodifierdescriptionappend }}","['aoe', 'pull_or_push', 'magic_damage', 'sustained_damage', 'self_cast', 'enemy_targeted', 'medium_range', 'channeled', 'low_cooldown']","Rell pulls and then channels to drag enemies towards her, dealing magic damage over time."
Renata,Passive,Leverage,Renata's Attacks deal bonus damage and mark enemies. Renata's allies can damage marked enemies to deal bonus damage.,"['enemy_targeted', 'bonus_damage', 'mark', 'self_setup', 'combo_finisher']","Renata's attacks mark enemies, allowing her allies to deal additional damage when they attack the marked targets."
Renata,Q,Handshake,"Renata sends out a missile from her arm, <status>Rooting</status> the first enemy hit for {{ rootduration }} second and dealing <magicDamage>{{ totaldamage }}</magicDamage> <magicDamage>magic damage</magicDamage>.<br /><br /><recast>Recast:</recast> Renata <status>Pulls</status> the enemy in a direction, dealing <magicDamage>{{ totaldamage }} magic damage</magicDamage> to enemies they are thrown into and <status>Stunning</status> for {{ stunduration }} seconds if the thrown enemy is a champion.{{ spellmodifierdescriptionappend }}","['stun', 'root', 'magic_damage', 'targeted', 'engage_tool', 'peel_tool', 'combo_finisher']","Renata's ability roots and stuns the first enemy hit, then pulls and stuns champions, serving as an engage and peel tool."
Renata,W,Bailout,"Renata infuses an ally champion, granting <attackSpeed>{{ ascalc }} Attack Speed</attackSpeed> and <speed>{{ mscalc }} Move Speed</speed> towards enemies, increasing to <attackSpeed>{{ finalascalc }} Attack Speed</attackSpeed> and <speed>{{ finalmscalc }} Move Speed</speed> over {{ duration }} seconds. Takedowns refresh the duration of the buff.<br /><br />If the ally would die, they instead return to full Health, which then decays over 3 seconds.<br /><br />If they get a Takedown while decaying, they will be set to <healing>{{ triumphpercent }}% max Health</healing> and stop decaying.<br /><br /><rules>The Champion's death can be delayed by healing or similar effects while in the decaying state, but cannot be prevented unless the Champion gets a Takedown. Champions can only delay their death once.</rules>{{ spellmodifierdescriptionappend }}","['ally_heal', 'self_heal', 'sustain_over_time', 'move_speed_buff', 'attack_speed_buff', 'ultimate_cooldown', 'combo_finisher', 'followup_only', 'cannot_hit_structures']","Renata's ultimate ability provides sustained healing and buffs to an ally, with the potential to reset the duration on takedown. The ability can also revive allies to full health before decaying over time, with a chance to set them to a percentage of max health upon another takedown."
Renata,E,Loyalty Program,"Renata sends out a pair of chemtech missiles, dealing <magicDamage>{{ totaldamage }} magic damage</magicDamage> and <status>Slowing</status> surrounding enemies and enemies hit by 30% for {{ slowduration }} seconds. Allies hit gain <shield>{{ shieldcalc }} Shield</shield> for {{ shieldduration }} seconds.{{ spellmodifierdescriptionappend }}","['magic_damage', 'slow', 'aoe', 'ally_heal', 'shield', 'sustain_over_time']","Renata launches missiles that deal magic damage and slow surrounding enemies, while also providing shields to her allies that last over time."
Renata,R,Hostile Takeover,"Renata sends out a wave of chemicals, <status>Berserking</status> enemies for {{ berserkduration }} seconds, causing them to Attack the nearest unit, prioritizing their allies.<br /><br />While <status>Berserk</status>, enemies gain <attackSpeed>{{ bonusattackspeed*100 }}% Attack Speed</attackSpeed>.{{ spellmodifierdescriptionappend }}","['enemy_targeted', 'aoe', 'attack_speed_debuff', 'self_cast', 'combo_finisher', 'no_damage', 'medium_cooldown', 'ultimate_cooldown', 'engage_tool', 'peel_tool', 'waveclear_tool', 'objective_control_tool', 'team_utility']","Renata's ultimate ability causes enemies to attack nearby units, prioritizing allies, providing a debuff and engaging/peeling tool."
Renekton,Passive,Reign of Anger,"Renekton's attacks generate Fury, increased when he is low on life. This Fury can empower his abilities with bonus effects.","['passive_ability', 'level_scaling', 'health_or_resists_scaling', 'offense_stat_buff']","Passive ability that generates Fury based on Renekton's health, scaling with level and health/health reduction."
Renekton,Q,Cull the Meek,"Renekton swings his blade, dealing <physicalDamage>{{ basicdamage }} physical damage</physicalDamage> and restoring <healing>{{ nonchamphealing }} Health</healing> per non-champion and <healing>{{ champhealing }}</healing> per champion hit. He also generates <keywordMajor>{{ minionfurygain }} Fury</keywordMajor> per non-champion and <keywordMajor>{{ championfurygain }} Fury</keywordMajor> per champion.<br /><br /><keywordMajor>Fury Bonus</keywordMajor>: Damage is increased to <physicalDamage>{{ empdamage }} physical damage</physicalDamage> and healing is increased to <healing>{{ empnonchamphealing }} Health</healing> against non-champions and <healing>{{ empchamphealing }} Health</healing> against champions. Does not generate any <keywordMajor>Fury</keywordMajor>.{{ spellmodifierdescriptionappend }}","['physical_damage', 'healing', 'aoe', 'self_cast', 'ally_heal', 'sustain_over_time', 'ad_scaling', 'health_or_resists_scaling', 'low_cooldown', 'ultimate_cooldown', 'engage_tool', 'peel_tool', 'poke_tool', 'waveclear_tool', 'objective_control_tool', 'team_utility']","Renekton's Blade deals physical damage and heals allies while generating Fury, enhancing damage and healing with more Fury. It can be used for engaging, peeling, poking, and waveclearing."
Renekton,W,Ruthless Predator,"Renekton's next Attack strikes twice, <status>Stunning</status> for {{ stunduration }} seconds and dealing a total of <physicalDamage>{{ basictotaldamage }} physical damage</physicalDamage>. Hitting a champion generates an additional <keywordMajor>{{ bonusfuryvschamps }} Fury</keywordMajor>.<br /><br /><keywordMajor>Fury Bonus</keywordMajor>: Renekton Attacks 3 times instead, destroying <shield>Shields</shield> before dealing <physicalDamage>{{ emptotaldamage }} physical damage</physicalDamage> and <status>Stunning</status> for {{ enragedstunduration }} seconds. Does not generate any <keywordMajor>Fury</keywordMajor>.{{ spellmodifierdescriptionappend }}","['stun', 'physical_damage', 'skillshot', 'targeted', 'combo_finisher', 'ultimate_cooldown']","Renekton's ultimate ability deals physical damage and stuns the target for a duration, with increased damage and stun duration when hitting a champion three times."
Renekton,E,Slice and Dice,"Renekton dashes, dealing <physicalDamage>{{ basicdamage }} physical damage</physicalDamage>. He generates <keywordMajor>{{ minionragegeneration }} Fury</keywordMajor> per non-champion and <keywordMajor>{{ championragegeneration }} Fury</keywordMajor> per champion hit. Hitting at least one enemy allows Renekton to <recast>Recast</recast> this Ability once for {{ dicetimer }} seconds. <br /><br /><keywordMajor>Fury Bonus</keywordMajor>: The <recast>Recast</recast> dash deals <physicalDamage>{{ empdamage }} physical damage</physicalDamage> instead and removes <scaleArmor>{{ enragedarmorshred }}% Armor</scaleArmor> for {{ shredtimer }} seconds. Does not generate <keywordMajor>Fury</keywordMajor>.{{ spellmodifierdescriptionappend }}","['melee_range', 'physical_damage', 'instant_cast', 'self_cast', 'aoe', 'fury_system', 'armor_shred']","Renekton's dash ability deals physical damage and generates Fury on hits, allowing for a recast with increased damage and armor shred."
Renekton,R,Dominus,"Renekton surrounds himself with dark energies for {{ buffduration }} seconds, gaining <healing>{{ healthgain }} max Health</healing> and <keywordMajor>{{ furyoncast }} Fury</keywordMajor>. While active, he deals <magicDamage>{{ totaldamagepersecond }} magic damage</magicDamage> and gains <keywordMajor>{{ furypersecond }} Fury</keywordMajor> per second.{{ spellmodifierdescriptionappend }}","['passive_ability', 'self_heal', 'heal_reduction', 'health_or_resists_scaling', 'level_scaling', 'ultimate_cooldown', 'team_utility', 'backline_access', 'frontline_durability', 'combo_starter', 'combo_finisher', 'self_setup', 'followup_only', 'instant_cast']","Renekton's passive ability provides healing and Fury generation, enhancing his durability and utility in team fights."
Rengar,Passive,Unseen Predator,"While in Brush, Rengar leaps at his target with his basic attack.<br><br>Rengar generates Ferocity whenever he casts an ability. At Max Ferocity, his next ability is empowered.<br><br>Killing enemy champions awards trophies on Rengar's <font color='#BBFFFF'>Bonetooth Necklace</font>, granting bonus attack damage.","['melee_range', 'self_cast', 'enemy_targeted', 'instant_cast', 'ad_scaling', 'combo_starter']","Rengar's basic attack leaps at a target, dealing physical damage and generating Ferocity for an empowered subsequent ability. Killing enemies awards attack damage."
Rengar,Q,Savagery,Rengar's next 2 Attacks gain <attackSpeed>{{ asbonus }}% Attack Speed</attackSpeed>. The first Attack deals <physicalDamage>{{ qtotaldamage }} physical damage</physicalDamage>.<br /><br /><keywordMajor>Max Ferocity:</keywordMajor> The first Attack deals <physicalDamage>{{ empoweredqtotaldamage }} physical damage</physicalDamage> and grants Rengar <attackSpeed>{{ empoweredqas }} Attack Speed</attackSpeed> for {{ asduration }} seconds.{{ spellmodifierdescriptionappend }},"['melee_range', 'ad_scaling', 'attack_speed_debuff', 'self_cast', 'instant_cast', 'combo_starter']","Rengar's Q ability grants increased attack speed on his next two attacks, with the first dealing physical damage and the second providing additional attack speed for a short duration."
Rengar,W,Battle Roar,"Rengar roars, dealing <magicDamage>{{ totaldamage }} magic damage</magicDamage> to nearby enemies and restoring <healing>{{ damagepercentagehealed }}%</healing> of the damage taken in the last {{ healingwindow }} seconds as Health.<br /><br /><keywordMajor>Max Ferocity:</keywordMajor> Deals <magicDamage>{{ totaldamageempowered }} magic damage</magicDamage> and additionally cleanses Rengar of crowd control.{{ spellmodifierdescriptionappend }}","['magic_damage', 'aoe', 'heal_reduction', 'no_cost', 'medium_cooldown', 'combo_finisher', 'self_setup']","Rengar's roar deals magic damage to nearby enemies and heals based on damage taken, with increased damage and crowd control immunity at max ferocity."
Rengar,E,Bola Strike,"Rengar throws a bola, dealing <physicalDamage>{{ totaldamage }} physical damage</physicalDamage> to the first enemy hit, revealing and <status>Slowing</status> them by {{ slowamount }}% for {{ ccduration }} seconds.<br /><br /><keywordMajor>Max Ferocity:</keywordMajor> Deals <physicalDamage>{{ totalempowereddamage }} physical damage</physicalDamage> and <status>Roots</status> for {{ ccduration }} seconds.{{ spellmodifierdescriptionappend }}","['physical_damage', 'slow', 'reveal', 'enemy_targeted', 'instant_cast', 'level_scaling', 'ultimate_cooldown', 'combo_finisher']","Rengar's ultimate ability throws a bola at an enemy, dealing physical damage and applying a slow effect. At max Ferocity, it roots the target. The ability scales with level and has a high cooldown."
Rengar,R,Thrill of the Hunt,"<spellPassive>Passive:</spellPassive> Rengar will also leap Attack when <keywordStealth>Camouflaged</keywordStealth>.<br /><br /><spellActive>Active:</spellActive> Rengar gains <speed>{{ stealthms }}% Move Speed</speed> and <keywordStealth>True Sight</keywordStealth> in a small area around the nearest enemy champion for {{ stealthduration }} seconds.<br /><br />After {{ fadetime }} seconds, Rengar becomes <keywordStealth>Camouflaged</keywordStealth> and can leap without being in Brush. Leaping to the nearest champion deals an additional <physicalDamage>{{ bonusdamage }} physical damage</physicalDamage>, shreds <scaleArmor>{{ armorshred }} Armor</scaleArmor> for {{ armorshredduration }} seconds, and ends this Ability.{{ spellmodifierdescriptionappend }}","['ally_targeted', 'stealth', 'move_speed_buff', 'camouflaged', 'true_sight', 'aoe', 'physical_damage', 'armor_shred', 'duration', 'self_cast']","Rengar's passive grants him a leap attack when camouflaged, while his active provides movement speed, true sight, and camouflages him, dealing physical damage and reducing enemy armor."
Riven,Passive,Runic Blade,"Riven's abilities charge her blade, and her basic attacks expend charges to deal an additional damage.","['melee_range', 'ad_scaling', 'chargeable', 'persistent_area_or_trap', 'combo_starter', 'combo_finisher']","Riven's basic attacks consume charges to deal additional damage, making them effective in both initiating and finishing combos."
Riven,Q,Broken Wings,"Riven dashes forward, dealing <physicalDamage>{{ firstslashdamage }} physical damage</physicalDamage>. She can <recast>Recast</recast> this Ability twice. The first <recast>Recast</recast> is the same as the original, but the second has a different effect:<br /><br /><recast>Recast</recast>: Riven leaps forward and slams, dealing <physicalDamage>{{ firstslashdamage }} physical damage</physicalDamage> and <status>Knocks Up</status> nearby enemies for 0.75 seconds.{{ spellmodifierdescriptionappend }}","['melee_range', 'physical_damage', 'skillshot', 'targeted', 'knockup_or_knockback', 'instant_cast', 'combo_starter', 'combo_finisher']",Riven's dash ability deals physical damage and can be recast to knock up nearby enemies.
Riven,W,Ki Burst,"Riven's sword emits a burst of runic energy, dealing <physicalDamage>{{ totaldamage }} physical damage</physicalDamage> and <status>Stunning</status> for {{ e5 }} seconds.{{ spellmodifierdescriptionappend }}","['physical_damage', 'stun', 'duration', 'enemy_targeted', 'instant_cast']",Riven's ability deals physical damage and stuns the target for 5 seconds.
Riven,E,Valor,Riven quickly dashes and gains <shield>{{ totalshield }} Shield</shield> for 1.5 seconds.{{ spellmodifierdescriptionappend }},"['shield', 'self_cast', 'instant_cast', 'medium_range', 'health_or_resists_scaling', 'offensive_stat_buff']","Riven dashing to gain a shield, useful for tanking and positioning."
Riven,R,Blade of the Exile,"Riven's weapon surges with spiritual energy, granting her <physicalDamage>{{ bonusad }} Attack Damage</physicalDamage> and increased range on damaging Abilities and Attacks for {{ duration }} seconds. While active, she can <recast>Recast.</recast><br /><br /><recast>Recast:</recast> Riven fires a wind slash that deals between <physicalDamage>{{ mindamage }}</physicalDamage> and <physicalDamage>{{ maxdamage }} physical damage</physicalDamage>, based on their missing Health.{{ spellmodifierdescriptionappend }}","['ad_scaling', 'physical_damage', 'self_cast', 'instant_cast', 'combo_starter', 'combo_finisher', 'damage_reduction_buff', 'missing_or_max_health_scaling']","Riven's ability increases her attack damage and range while active, and allows her to recast it to deal damage based on missing health."
Rumble,Passive,Junkyard Titan,"Every spell Rumble casts gives him Heat. When he reaches 50% Heat he reaches Danger Zone, granting all his basic abilities bonus effects. When he reaches 100% Heat, he starts Overheating, gaining bonus Attack Speed and granting his basic attacks bonus damage, but making him unable to cast spells for a few seconds.","['passive_ability', 'level_scaling', 'heat_system', 'danger_zone', 'overheating', 'attack_speed_buff', 'damage_amp', 'spell_cannot_be_cast']","Rumble's passive ability accumulates Heat with each spell cast, unlocking different states (Danger Zone and Overheating) that provide various bonuses and drawbacks."
Rumble,Q,Flamespitter,"Rumble ignites his flamethrower, dealing <magicDamage>{{ flatdamage }} plus {{ healthdamage*100 }}% max Health magic damage</magicDamage> over {{ flamespitterduration }} seconds, reduced to <attention>{{ minionmod*100 }}%</attention> against minions.<br /><br /><keywordMajor>Danger Zone:</keywordMajor> Damage is increased to <magicDamage>{{ empowereddamage }} plus {{ empoweredhealth }} max Health</magicDamage>.<br /><br /><rules>Percent damage is limited to {{ monstercap }} damage on Monsters. </rules>{{ spellmodifierdescriptionappend }}","['magic_damage', 'true_damage', 'damage_over_time', 'percent_health_damage', 'enemy_targeted', 'medium_range', 'level_scaling', 'ultimate_cooldown', 'combo_finisher', 'anti_squishy']","Rumble's ultimate ability deals magic and true damage over time, with the damage increasing based on target's max health. The damage is reduced against minions but increased when activated with Danger Zone. The ability scales with player level and has a high cooldown."
Rumble,W,Scrap Shield,"Rumble tosses up a barrier, gaining <shield>{{ totalshield }} Shield</shield> for {{ shieldduration.1 }} seconds and <speed>{{ movespeed*100 }}% Move Speed</speed> for {{ movespeedduration }} second.<br /><br /><keywordMajor>Danger Zone:</keywordMajor> The barrier grants <shield>{{ empoweredshield }} Shield</shield> and <speed>{{ empoweredms }} Move Speed</speed> instead.{{ spellmodifierdescriptionappend }}","['shield', 'movespeed_buff', 'self_cast', 'level_scaling', 'ultimate_cooldown', 'team_utility', 'engage_tool', 'self_setup']","Rumble creates a barrier that provides shield and movement speed boost to himself, with increased effectiveness at higher levels and as an ultimate."
Rumble,E,Electro Harpoon,"Rumble launches an electrified harpoon, dealing <magicDamage>{{ totaldamage }} magic damage</magicDamage>, <status>Slowing</status> by {{ baseslowamount }}% for {{ slowduration }} seconds, and reducing the enemy's <scaleMR>Magic Resist</scaleMR> by {{ percmagicpen*100 }}% for {{ shredduration }} seconds.<br /><br />Hitting an enemy who's already <status>Slowed</status> by this Ability increases the <status>Slow</status> to {{ empoweredslowamount }}% and reduces the enemy's <scaleMR>Magic Resist</scaleMR> by {{ enhancedmagicpen*100 }}%<br /><br /><keywordMajor>Danger Zone:</keywordMajor> The harpoon deals <magicDamage>{{ empdamage }} magic damage</magicDamage> instead and the <status>Slow</status> and reduced <scaleMR>Magic Resist</scaleMR> are increased by 50%.{{ spellmodifierdescriptionappend }}","['magic_damage', 'slow', 'magic_resist_shred', 'aoe', 'enemy_targeted', 'instant_cast', 'level_scaling']","Rumble's ability launches an electrified harpoon that deals magic damage, slows the target, and reduces their magic resistance. The effect is amplified if the target is already slowed."
Rumble,R,The Equalizer,"Rumble launches a line of rockets, creating a burning trail that lasts {{ trailduration }} seconds, <status>Slowing</status> by {{ slowamount }}% and dealing <magicDamage>{{ damagepersecond }} magic damage</magicDamage> per second.<br /><br />Rumble can control the direction of the trail by clicking and dragging while casting this Ability.{{ spellmodifierdescriptionappend }}","['aoe', 'magic_damage', 'slow', 'skillshot', 'targeted', 'channeled', 'cast_time', 'combo_starter']",Rumble channels to launch a line of rockets that slow and deal magic damage over time to targets in the area.
Ryze,Passive,Arcane Mastery,"<mainText>Ryze's spells deal extra damage based on his Bonus Mana, and he gains a percentage increase to his maximum Mana based on his Ability Power.</mainText>","['ap_scaling', 'mana_cost', 'no_damage', 'passive_ability', 'level_scaling']","Ryze's passive ability increases his maximum Mana and deals bonus damage based on his Ability Power and Bonus Mana, scaling with his level."
Ryze,Q,Overload,"<spellPassive>Passive:</spellPassive> <spellName>Rune Prison</spellName> and <spellName>Spell Flux</spellName> refresh this Ability's Cooldown and charge a rune for {{ runeduration }} seconds (max {{ maximumrunes }} runes).<br /><br /><spellActive>Active:</spellActive> Ryze unleashes a blast, dealing <magicDamage>{{ qdamagecalc }} magic damage</magicDamage> to the first enemy hit. If the target has <keywordMajor>Flux</keywordMajor> on it, it is consumed, causing this Ability to deal {{ spell.ryzer:overloaddamagebonus }}% increased damage and bounces to nearby enemies with <keywordMajor>Flux</keywordMajor>.<br /><br />Ryze also discharges all runes, granting Ryze <speed>{{ movementspeedamount }}% Move Speed</speed> for {{ movementspeedduration }} seconds if {{ maximumrunes }} runes were charged.<br />{{ spellmodifierdescriptionappend }}","['magic_damage', 'aoe', 'skillshot', 'active', 'ultimate_cooldown', 'combo_finisher', 'self_setup', 'mobility_reposition']","Ryze's Q ability deals magic damage to the first enemy hit and can bounce to nearby enemies with Flux, providing movement speed if all runes are charged."
Ryze,W,Rune Prison,"Ryze deals <magicDamage>{{ wdamagecalc }} magic damage</magicDamage> and <status>Slows</status> by {{ slowamount*100 }}% for {{ ccduration }} seconds. If the target has <keywordMajor>Flux</keywordMajor>, it is consumed and this Ability <status>Roots</status> instead of <status>Slowing</status>.{{ spellmodifierdescriptionappend }}","['magic_damage', 'slow', 'soft_cc', 'conditional_effect', 'ultimate_cooldown', 'enemy_targeted']","Ryze's ability deals magic damage and applies a slow effect, which can be upgraded to a root if the target has Flux."
Ryze,E,Spell Flux,"Ryze fires an orb, dealing <magicDamage>{{ edamagecalc }} magic damage</magicDamage> and applies <keywordMajor>Flux</keywordMajor> for {{ debuffduration }} seconds to the target and nearby enemies. Enemies already afflicted with <keywordMajor>Flux</keywordMajor> will cause it to spread further.{{ spellmodifierdescriptionappend }}","['magic_damage', 'aoe', 'debuff', 'spread_effect']",Ryze's ability deals magic damage to the target and applies a debuff that can spread to nearby enemies.
Ryze,R,Realm Warp,"<spellPassive>Passive:</spellPassive> <spellName>Overload</spellName> damage bonus against targets with <keywordMajor>Flux</keywordMajor> increased to {{ overloaddamagebonus }}%.<br /><br /><spellActive>Active:</spellActive> Ryze opens a portal to another location. After {{ chargetimetooltip }} seconds, all allies near the portal are teleported to that location.{{ spellmodifierdescriptionappend }}","['teleport', 'ally_targeted', 'self_cast', 'channeling', 'medium_cooldown', 'ultimate_cooldown', 'engage_tool', 'team_utility']",Ryze's ultimate ability allows him to teleport himself and nearby allies to a new location after a short channeling period.
Samira,Passive,Daredevil Impulse,"Samira builds a combo by hitting attacks or abilities unique from the previous hit. Samira's attacks in melee range deal additional magic damage. Samira's attacks against enemies affected by <status>Immobilizing</status> effects will dash her to her attack range. If the enemy is <status>Knocked Up</status>, she also keeps them <status>Knocked Up</status> briefly.","['enemy_targeted', 'magic_damage', 'dash', 'mobility_reposition', 'knockup_or_knockback', 'combo_starter', 'combo_finisher']",Samira's attacks deal additional magic damage and can dash her to attack range if the target is immobilized or knocked up.
Samira,Q,Flair,"Samira fires a shot, dealing <physicalDamage>{{ damagecalc }} physical damage</physicalDamage> to the first enemy hit.<br /><br />If this Ability is cast towards an enemy in melee range, Samira will instead slash with her sword, dealing <physicalDamage>{{ damagecalc }} physical damage</physicalDamage>. {{ spellmodifierdescriptionappend }}","['physical_damage', 'targeted', 'skillshot', 'enemy_targeted', 'melee_range', 'ad_scaling', 'instant_cast']","Samira's basic attack deals physical damage to the first enemy hit, switching to a sword slash if the target is in melee range."
Samira,W,Blade Whirl,"Samira slashes around her for {{ slashduration }} seconds, damaging enemies twice for <physicalDamage>{{ damagecalc }} physical damage</physicalDamage> each and destroying any enemy missiles that enter the area.<br /><br />{{ spellmodifierdescriptionappend }}","['aoe', 'physical_damage', 'damage_over_time', 'execute_damage', 'trap', 'anti_tank']",Samira's ability creates an area that damages enemies over time and destroys enemy missiles.
Samira,E,Wild Rush,"Samira dashes through an enemy (including structures), slashing enemies she passes through dealing <magicDamage>{{ dashdamage }} magic damage</magicDamage> and gaining <attackSpeed>{{ bonusattackspeed*100 }}% Attack Speed</attackSpeed> for {{ attackspeedduration }} seconds. <br /><br />If an enemy champion is killed within 3 seconds of Samira damaging them, This Ability's Cooldown is reset.{{ spellmodifierdescriptionappend }}","['skillshot', 'dash', 'aoe', 'magic_damage', 'no_damage_to_structures', 'engage_tool', 'combo_finisher', 'low_cooldown']","Samira dashes through enemies, dealing magic damage and increasing her attack speed. If she kills an enemy within 3 seconds, the ability's cooldown resets."
Samira,R,Inferno Trigger,"Samira can only use this Ability if her current <keywordMajor>Style</keywordMajor> rating is S. Using this Ability consumes all <keywordMajor>Style</keywordMajor> rating.<br /><br />Samira unleashes a torrent of shots from her weapons, wildly shooting all enemies surrounding her 10 times over 2 seconds, each shot dealing <physicalDamage>{{ damagecalc }} physical damage</physicalDamage> and applying Life Steal at {{ lifestealmod*100 }}% effectiveness. Each shot can also critically strike.{{ spellmodifierdescriptionappend }}","['aoe', 'physical_damage', 'damage_over_time', 'instant_cast', 'self_targeted', 'combo_finisher', 'offensive_stat_buff', 'lifesteal']","Samira's ability deals physical damage to all enemies around her in a series of 10 shots over 2 seconds, with potential critical strikes and life steal."
Sejuani,Passive,Fury of the North,"After being out of combat, Sejuani gains Frost Armor which grants Armor and Magic Resist and immunity to slows. Frost Armor persists for a short time after Sejuani takes damage.  Sejuani can damage a stunned enemy to shatter it, dealing massive magic damage.","['passive_ability', 'armor_mr_shred', 'resistances_buff', 'cc_immunity_or_tenacity', 'slow', 'magic_damage', 'ultimate_cooldown', 'sustain_over_time', 'combo_finisher']","Sejuani's passive ability provides her with armor, magic resist, and slow immunity while out of combat, transitioning into a powerful magic damage burst on stunned enemies."
Sejuani,Q,Arctic Assault,"Sejuani charges, dealing <magicDamage>{{ totaldamagetooltip }} magic damage</magicDamage> to enemies and <status>Knocking</status> them <status>Up</status> for {{ e4 }} seconds. The charge ends after hitting an enemy champion.{{ spellmodifierdescriptionappend }}","['magic_damage', 'knockup_or_knockback', 'skillshot', 'enemy_targeted', 'ultimate_cooldown', 'engage_tool']","Sejuani charges and deals magic damage to enemies, knocking them up for 4 seconds. The charge ends on hitting an enemy champion."
Sejuani,W,Winter's Wrath,"Sejuani swings her flail, dealing <physicalDamage>{{ firsthitdamagetooltip }} physical damage</physicalDamage> and <status>Knocking Back</status> minions and jungle monsters. She then lashes out again, dealing <physicalDamage>{{ secondhitdamagetooltip }} physical damage</physicalDamage> and briefly <status>Slowing</status> targets.<br /><br />Both swings apply stacks of <spellName>Permafrost</spellName>.{{ spellmodifierdescriptionappend }}","['physical_damage', 'aoe', 'skillshot', 'knockup_or_knockback', 'slow', 'multi_target', 'no_cost', 'instant_cast']","Sejuani's flail attack deals physical damage and applies knockback to minions and monsters, followed by a slow effect. Both hits stack Permafrost."
Sejuani,E,Permafrost,<spellPassive>Passive:</spellPassive> Nearby melee allied champions' Attacks apply a stack to champions and jungle monsters.<br /><br /><spellPassive>Active:</spellPassive> Sejuani deals <magicDamage>{{ totaldamage }} magic damage</magicDamage> to target enemy with 4 stacks and <status>Stuns</status> them for {{ e1 }} second. {{ spellmodifierdescriptionappend }},"['ally_targeted', 'enemy_targeted', 'magic_damage', 'stun', 'single_target', 'active_passive']","Sejuani's passive increases nearby melee allies' attacks on enemies and monsters, while her active stuns an enemy with 4 stacks for a duration."
Sejuani,R,Glacial Prison,"Sejuani throws her True Ice bola, <status>Stunning</status> and revealing the first enemy champion hit for {{ e2 }} second and dealing <magicDamage>{{ minordamagetooltip }} magic damage</magicDamage>.<br /><br />If the bola travels at least 25% of its range, it <status>Stuns</status> and reveals for {{ e6 }} seconds instead. It then also creates an ice storm that <status>Slows</status> surrounding enemies by {{ e4 }}% for {{ e3 }} seconds. All affected enemies take <magicDamage>{{ totaldamagetooltip }} magic damage</magicDamage>.{{ spellmodifierdescriptionappend }}","['stun', 'reveal', 'magic_damage', 'slow', 'aoe', 'skillshot', 'enemy_targeted', 'channeled', 'persistent_area_effect']","Sejuani's True Ice bola stuns and reveals the first enemy champion hit, then creates an ice storm that slows surrounding enemies."
Senna,Passive,Absolution,"When units die near Senna, their souls are periodically trapped by the Black Mist. Senna can attack these souls to free them, absorbing the Mist that held them in death. Mist fuels her Relic Cannon's power with increased Attack Damage, Attack Range, and Critical Strike Chance. <br><br>Attacks from Senna's Relic Cannon take longer to fire, deal bonus damage, and briefly grant her a portion of her target's Move Speed.","['passive_ability', 'no_damage', 'aoe', 'self_setup', 'ad_scaling', 'ap_scaling', 'level_scaling', 'mana_cost', 'ultimate_cooldown', 'combo_starter', 'combo_finisher', 'self_heal', 'sustain_over_time', 'offensive_stat_buff', 'movespeed_buff', 'instant_cast', 'channeled', 'chargeable', 'persistent_area_or_trap', 'reveals_stealth', 'grants_vision']","Senna traps souls of nearby dying units, which she can attack to gain buffs and move speed on her Relic Cannon attacks."
Senna,Q,Piercing Darkness,"Senna shoots a bolt of piercing shadow through an ally or enemy, dealing <physicalDamage>{{ totaldamage }} physical damage</physicalDamage> to enemies and <status>Slowing</status> them by {{ totalslow }} for {{ slowduration }} second(s). Restores <healing>{{ totalheal }} Health</healing> to allied champions. <br /><br />Attacks reduce this Ability's Cooldown by {{ cdreductiononhit }} second.{{ spellmodifierdescriptionappend }}","['enemy_targeted', 'skillshot', 'slow', 'self_heal', 'ally_heal', 'mana_cost', 'low_cooldown', 'combo_finisher']",Senna's ability deals physical damage and slows enemies while healing allies. The ability can reduce its own cooldown on hit and is a good finisher in combos.
Senna,W,Last Embrace,"Senna sends forth the Black Mist, dealing <physicalDamage>{{ damage }} physical damage</physicalDamage> to the first enemy hit. After a {{ delaytime }} second delay the target and other nearby enemies are <status>Rooted</status> for {{ rootduration }} second(s).{{ spellmodifierdescriptionappend }}","['physical_damage', 'aoe', 'root', 'skillshot', 'enemy_targeted', 'low_cooldown', 'combo_finisher']",Senna's Black Mist deals physical damage to the first enemy hit and roots them and nearby enemies.
Senna,E,Curse of the Black Mist,"Senna dissolves into a cloud of Black Mist for {{ buffduration }} seconds, becoming a Wraith. Allied champions who enter the Mist are <keywordStealth>Camouflaged</keywordStealth> and become Wraiths when they leave. Wraiths gain <speed>{{ totalms }} Move Speed</speed>, are Unselectable, and hide their identities as long as no enemy champions are nearby.{{ spellmodifierdescriptionappend }}","['stealth', 'self_cast', 'buff', 'camouflaged', 'unselectable', 'vision_control', 'identity_hiding', 'area_effect']","Senna becomes a Wraith, granting stealth and movement speed to herself and allied Wraiths while hiding their identities from enemies."
Senna,R,Dawning Shadow,Senna fires a beam of light that deals <physicalDamage>{{ totaldamage }} physical damage</physicalDamage> to all enemy champions hit. Allied champions hit in a wider area receive <shield>{{ totalshield }} Shield</shield> for {{ shieldduration }} seconds.{{ spellmodifierdescriptionappend }},"['aoe', 'physical_damage', 'shield', 'ally_targeted', 'instant_cast']",Senna's ability deals physical damage to enemy champions and provides shield to nearby allied champions.
Seraphine,Passive,Stage Presence,"Every third basic spell will cast twice from Seraphine. Additionally, casting spells near allies grants her bonus magic damage and range on her next basic attack.","['passive_ability', 'magic_damage', 'aoe', 'bonus_effect', 'self_targeted', 'level_scaling']",Seraphine's passive ability allows her to cast her basic spells twice every third spell and grants bonus magic damage and range on her next basic attack when casting near allies.
Seraphine,Q,High Note,"Seraphine projects a pure note, dealing <magicDamage>{{ explosiondamage }} magic damage</magicDamage>, increased against champions and monsters by the target's missing Health percentage up to <magicDamage>{{ totalempowereddamage }} damage</magicDamage> below {{ executethreshold*100 }}% Health.{{ spellmodifierdescriptionappend }}","['magic_damage', 'true_damage', 'aoe', 'skillshot', 'targeted', 'percent_health_damage', 'execute_damage', 'ultimate_cooldown', 'burst_tool', 'combo_finisher']","Seraphine's ultimate ability projects a pure note that deals increasing magic damage based on the target's missing health percentage, with an additional execute damage threshold. The ability is a targeted skillshot with area-of-effect and can be used as a burst tool and combo finisher."
Seraphine,W,Surround Sound,"Seraphine spurs her nearby allied champions in song, granting them <speed>{{ hastevalueallies }} Move Speed</speed>, herself <speed>{{ wmsbonustotal }} decaying Move Speed</speed> and both <shield>{{ shieldvalueseraphine }} Shield</shield> for {{ shieldduration }} seconds.<br /><br />If Seraphine is already <shield>Shielded</shield>, she calls out to her allies to join her, restoring <healing>{{ wmissinghpheal }}% missing Health</healing> to them after a {{ whealsplitdelay }} second delay.{{ spellmodifierdescriptionappend }}","['ally_heal', 'self_heal', 'move_speed_buff', 'shield', 'sustain_over_time', 'ultimate_cooldown', 'team_utility', 'combo_finisher']","Seraphine's ultimate ability provides movement speed buffs and shields to herself and nearby allies, with an option to restore a percentage of their missing health after a delay."
Seraphine,E,Beat Drop,"Seraphine unleashes a heavy soundwave, dealing <magicDamage>{{ finaldamage }} magic damage</magicDamage> to enemies in a line and <status>Slowing</status> them by {{ slowvalue }}% for {{ slowduration }} seconds.<br /><br />Enemies that are already <status>Slowed</status> are <status>Rooted</status> instead, and <status>Immobilized</status> enemies are <status>Stunned</status>.{{ spellmodifierdescriptionappend }}","['magic_damage', 'aoe', 'skillshot', 'slow', 'root', 'stun', 'soft_cc', 'hard_cc']",Seraphine's ability deals magic damage in a line and applies various forms of crowd control.
Seraphine,R,Encore,"Seraphine takes the stage, projecting a captivating force that <status>Charms</status> for {{ rchannelduration }} seconds and deals <magicDamage>{{ r1totaldamage }} magic damage</magicDamage>.<br /><br />Any champions struck (including allies) become part of the performance, extending the range of this Ability. Allied champions gain maximum <keywordMajor>Notes</keywordMajor>.{{ spellmodifierdescriptionappend }}","['soft_cc', 'magic_damage', 'aoe', 'combo_finisher', 'self_setup', 'engage_tool', 'team_utility']",Seraphine's ultimate charm and damage ability engages enemies and supports allies by extending its range and providing vision.
Sett,Passive,Pit Grit,"Sett's basic attacks alternate between left and right punch. Right punch is slightly stronger and faster. Sett also hates losing, gaining additional health regeneration based off of his missing health.","['melee_range', 'ad_scaling', 'health_or_resists_scaling', 'self_setup', 'self_heal', 'no_damage']","Sett's basic attacks alternate between left and right punches, with right punches being stronger and faster. He gains health regeneration based on missing health when low."
Sett,Q,Knuckle Down,"Sett itches for a fight, gaining <speed>{{ msamount*100 }}% Move Speed</speed> towards enemy champions for {{ msduration }} seconds.<br /><br />Additionally Sett's next two Attacks deal an additional <physicalDamage>{{ basedamage }} plus {{ maxhealthdamagecalc }} max Health physical damage</physicalDamage>.{{ spellmodifierdescriptionappend }}","['movespeed_buff', 'attack_speed_debuff', 'physical_damage', 'percent_health_damage', 'combo_starter']",Sett gains increased movement speed towards enemy champions and deals additional physical damage based on target's max health on his next two attacks.
Sett,W,Haymaker,"<spellPassive>Passive:</spellPassive> Sett stores {{ damagestored*100 }}% of damage taken as <keywordMajor>Grit</keywordMajor>, up to <keywordMajor>{{ maxgrit }}</keywordMajor>. <keywordMajor>Grit</keywordMajor> decays quickly {{ adrenalinestoragewindow }} seconds after the damage was taken.<br /><br /><spellActive>Active:</spellActive> Sett consumes all <keywordMajor>Grit</keywordMajor>, gaining a <shield>{{ shieldconversion*100 }}% Grit consumed Shield</shield> decaying over {{ shieldmaxduration }} seconds. Sett then delivers a massive punch, dealing <trueDamage>{{ damagecalc }} plus {{ damageconversion }} Grit consumed true damage</trueDamage> to enemies in the center (max <trueDamage>{{ f1 }} damage</trueDamage>). Enemies not in the center instead take <physicalDamage>physical damage</physicalDamage>.{{ spellmodifierdescriptionappend }}","['passive_ability', 'active_ability', 'shield', 'true_damage', 'physical_damage', 'aoe', 'self_cast', 'combo_starter', 'combo_finisher', 'level_scaling']","Sett's passive stores damage taken as Grit, which can be converted into a shield and a powerful punch that deals true and physical damage to enemies."
Sett,E,Facebreaker,"Sett smashes enemies on either side of him into each other, dealing <physicalDamage>{{ damagecalc }} physical damage</physicalDamage> and <status>Slowing</status> them by {{ slowamount*100 }}% for {{ slowduration }} seconds. If Sett grabbed at least one enemy on each side, all enemies are <status>Stunned</status> for {{ stunduration }} second.{{ spellmodifierdescriptionappend }}","['aoe', 'skillshot', 'hard_cc', 'slow', 'stun', 'combo_finisher']","Sett smashes enemies on either side of him into each other, dealing physical damage and slowing them. If both sides have an enemy, they will be stunned."
Sett,R,The Show Stopper,"Sett grabs an enemy champion and <status>Suppresses</status> them as he carries them forward, then slams them into the ground, dealing <physicalDamage>{{ damagecalc }} plus {{ maxhealthdamage*100 }}% of the grabbed enemy's bonus Health physical damage</physicalDamage> to surrounding enemies and <status>Slowing</status> them by {{ slowamount*100 }}% for {{ slowduration }} second. Enemies take less damage the further they are from where Sett lands.{{ spellmodifierdescriptionappend }}","['enemy_targeted', 'skillshot', 'hard_cc', 'slow', 'damage_over_time', 'percent_health_damage', 'physical_damage', 'aoe', 'level_scaling', 'ultimate_cooldown', 'engage_tool', 'combo_finisher']","Sett grabs an enemy and drags them forward, suppressing and slowing them while also damaging and slowing nearby enemies over time."
Shaco,Passive,Backstab,Shaco's basic attacks and Two-Shiv Poison deal additional damage when striking from behind.,"['melee_range', 'backline_access', 'ad_scaling', 'damage_over_time', 'enemy_targeted', 'instant_cast']",Shaco's basic attacks and Two-Shiv Poison deal increased damage to enemies hit from behind.
Shaco,Q,Deceive,"Shaco teleports and becomes <keywordStealth>Invisible</keywordStealth> for {{ stealthduration }} seconds. Using <spellName>Jack In The Box</spellName> or <spellName>Hallucinate</spellName> does not break <keywordStealth>Invisibility</keywordStealth>.<br /><br />Shaco's next Attack while <keywordStealth>Invisible</keywordStealth> deals an additional <physicalDamage>{{ totaldamage }} physical damage</physicalDamage>. If striking from behind, this Attack critically strikes for {{ qcritdamagemod }} damage.{{ spellmodifierdescriptionappend }}","['stealth', 'invisibility', 'self_cast', 'no_damage', 'critical_strike', 'backline_access', 'combo_finisher']","Shaco becomes invisible and gains a critical strike on his next attack, enhancing his ability to hit targets from behind."
Shaco,W,Jack In The Box,"Shaco creates a trap that stealths itself after {{ e5 }} seconds and lasts for {{ trapduration }} seconds. It activates when an enemy comes near or when revealed, <status>Fearing</status> nearby enemy Champions for {{ fearduration }} seconds, or {{ minionfearduration }} seconds for minions and jungle monsters.<br /><br />Once activated, the trap fires at all nearby enemies for 5 seconds, dealing <magicDamage>{{ aoedamage }} magic damage</magicDamage>, or <magicDamage>{{ stdamage }} damage</magicDamage> if focused on a single target.<br /><br />Jack in the Box's attacks deal an additional <magicDamage>{{ monsterbonusdamage }}</magicDamage> damage to monsters.{{ spellmodifierdescriptionappend }}","['trap', 'fear_or_taunt_or_charm', 'aoe', 'magic_damage', 'skillshot', 'enemy_targeted', 'low_cooldown', 'ultimate_cooldown', 'engage_tool', 'anti_squishy', 'combo_finisher']","Shaco's ultimate creates a stealth trap that fears nearby enemies upon activation, dealing area-of-effect magic damage."
Shaco,E,Two-Shiv Poison,"<spellPassive>Passive:</spellPassive> While this Ability is off Cooldown, Shaco's Attacks <status>Slow</status> the target by {{ slowamount*-100 }}% for {{ slowdurationpassive }} seconds.<br /><br /><spellActive>Active:</spellActive> Shaco throws a shiv, dealing <magicDamage>{{ totaldamage }} magic damage</magicDamage> and <status>Slowing</status> by {{ slowamount*-100 }}% for {{ slowdurationactive }} seconds. If the target has less than {{ executehealththreshold*100 }}% Health, the shiv deals <magicDamage>{{ totalexecutedamage }} damage</magicDamage> instead.{{ spellmodifierdescriptionappend }}","['magic_damage', 'slow', 'targeted', 'active_passive', 'instant_cast', 'low_cooldown', 'combo_starter', 'combo_finisher']","Shaco's ability slows and damages the target, with increased damage if the target is low on health."
Shaco,R,Hallucinate,"Shaco briefly disappears, then reappears with a clone that lasts {{ clonelifetime }} seconds and detonates when it dies, dealing <magicDamage>{{ explosiontotaldamage }} magic damage</magicDamage> and spawning three mini <spellName>Jack in the Boxes</spellName> that trigger immediately. The clone deals {{ cloneaadamagepercent*100 }}% of Shaco's damage and receives {{ cloneincomingdamagepercent*100 }}% increased damage.<br /><br />Mini <spellName>Jack in the Boxes</spellName> deal <magicDamage>{{ aoedamage }} magic damage</magicDamage>, or <magicDamage>{{ stdamage }} magic damage</magicDamage> if firing at only one enemy, and <status>Fear</status> for {{ boxfearduration }} second.<br />{{ spellmodifierdescriptionappend }}","['aoe', 'clone', 'magic_damage', 'pet_or_summon', 'fear', 'instant_cast', 'ultimate_cooldown', 'combo_starter', 'combo_finisher', 'self_setup']",Shaco's ultimate creates a clone that deals magic damage and summons Jack in the Boxes which fear enemies.
Shen,Passive,Ki Barrier,"After casting a spell, Shen gets a shield. Affecting other champions reduces the cooldown of this effect.","['shield', 'self_cast', 'passive_ability', 'cooldown_reduction', 'targeted']","Shen gains a shield after casting a spell that affects other champions, reducing the cooldown of the shield."
Shen,Q,Twilight Assault,"Shen recalls his <keywordMajor>Spirit Blade</keywordMajor>. Enemies hit by the pull are <status>Slowed</status> by {{ e4 }}% while moving away from Shen for the next {{ e5 }} seconds.<br /><br />Additionally, Shen's next {{ e3 }} Attacks deal an additional <magicDamage>{{ baseflatdamage }}</magicDamage> plus <magicDamage>{{ basepercenthealth }} max Health magic damage</magicDamage>. If Shen hit an enemy champion with the <keywordMajor>Spirit Blade</keywordMajor>, the damage is increased to <magicDamage>{{ baseflatdamage }}</magicDamage> plus <magicDamage>{{ emppercenthealth }} max Health magic damage</magicDamage> and he gains <attackSpeed>{{ e9 }}% Attack Speed</attackSpeed> for those Attacks.{{ spellmodifierdescriptionappend }}","['magic_damage', 'slow', 'attack_speed_debuff', 'no_cost', 'self_cast', 'enemy_targeted', 'level_scaling', 'ad_scaling', 'ultimate_cooldown', 'combo_finisher']","Shen's ultimate ability pulls enemies towards him, slowing them and increasing his next attacks' damage and attack speed if an enemy champion is hit."
Shen,W,Spirit's Refuge,"Shen creates a defensive zone at his <keywordMajor>Spirit Blade</keywordMajor> for {{ e1 }} seconds. Attacks against allied champions in the zone are blocked. <br /><br />If there are no champions to protect in the zone when it starts, it will wait for up to {{ e2 }} seconds.{{ spellmodifierdescriptionappend }}","['zone', 'passive_ability', 'no_damage', 'self_setup', 'cannot_hit_structures']","Creates a defensive zone that blocks attacks on allied champions, with a delay if no allies are present."
Shen,E,Shadow Dash,"<spellPassive>Passive:</spellPassive> Dealing damage with <spellName>Twilight Assault</spellName> or this Ability recovers <keywordMajor>{{ energyrefund }} Energy</keywordMajor>.<br /><br /><spellActive>Active:</spellActive> Shen dashes, <status>Taunting</status> champions and jungle monsters for {{ ccduration }} seconds and dealing <physicalDamage>{{ tauntdamage }} physical damage</physicalDamage>.{{ spellmodifierdescriptionappend }}","['passive_ability', 'active_ability', 'self_cast', 'taunt', 'physical_damage', 'energy_cost', 'no_cooldown']",Shen's Twilight Assault taunts enemies and deals physical damage while recovering energy on hit.
Shen,R,Stand United,"Shen grants an allied champion anywhere on the map between <shield>{{ shield }}</shield> and <shield>{{ maxshield }} Shield</shield> based on their missing Health for {{ shieldduration }} seconds (max Shield at 60% missing Health). After channeling for {{ channelduration }} seconds, Shen teleports to his ally's location with his <keywordMajor>Spirit Blade</keywordMajor>.{{ spellmodifierdescriptionappend }}","['ally_heal', 'shield', 'sustain_over_time', 'ultimate_cooldown', 'teleport', 'self_cast', 'ally_targeted', 'medium_range', 'health_or_resists_scaling', 'channeled', 'combo_finisher']","Shen channels to grant an ally a shield based on their missing health, then teleports to them."
Shyvana,Passive,Scalemail,"Takedowns on enemy champions, large minions, and large monsters grant Shyvana Scalemail stacks, improving her defenses.","['passive_ability', 'shield', 'defensive_stat_buff', 'level_scaling']",Passive ability that improves Shyvana's defenses based on takedowns.
Shyvana,Q,Emberstrike,"<spellPassive>Passive:</spellPassive> Shyvana's Attacks deal <magicDamage>{{ calc_max_health_damage }} max Health magic damage</magicDamage> <OnHit>%i:OnHit% On-Hit</OnHit> and reduce this Ability's cooldown by {{ cooldown_reduction }} seconds.<br /><br /><spellActive>Active:</spellActive> Shyvana's next Attack strikes the target and the surrounding area dealing <physicalDamage>{{ calc_damage }} physical damage</physicalDamage>. This Ability may be <recast>Recast</recast> after an Attack or short delay within the next {{ recastduration }} seconds.<br /><br /><keywordMajor>Dragon Form:</keywordMajor> Shyvana gains an additional <recast>Recast</recast>, causing her to bite the target of her next Attack dealing <trueDamage>{{ calc_dragon_form_damage }} true damage</trueDamage>.{{ spellmodifierdescriptionappend }}","['magic_damage', 'true_damage', 'physical_damage', 'no_damage', 'aoe', 'skillshot', 'targeted', 'active', 'passive', 'ultimate_cooldown', 'combo_starter', 'combo_finisher', 'ad_scaling', 'level_scaling', 'mana_cost', 'low_cooldown', 'instant_cast']","Shyvana's passive deals magic damage based on max health, reducing the cooldown of her active ability. Her active ability deals physical damage in a skillshot and can be recast with an attack or short delay. In Dragon Form, the active ability becomes a true damage bite attack."
Shyvana,W,Inferno Aegis,"Shyvana wraps herself in flames for {{ duration }} seconds, gaining <shield>{{ calc_shield }} Shield</shield>, increased by <shield>{{ calc_shield_per_nearby_champion }}</shield> per nearby enemy champion and <speed>{{ movespeed }} Move Speed</speed>, increased to <speed>{{ movespeedtowardsenemies }}</speed> when moving towards enemy champions.<br /><br />When the effect ends, the <shield>shield</shield> is broken, or upon <recast>Recast</recast> the area around her detonates, dealing <magicDamage>{{ damage }} magic damage</magicDamage>.<br /><br /><keywordMajor>Dragon Form:</keywordMajor> If the detonation hits an enemy champion Shyvana <healing>restores from {{ calc_heal_min }} to {{ calc_heal_max }}</healing> Health based on her missing Health.{{ spellmodifierdescriptionappend }}","['shield', 'damage_reduction_buff', 'self_heal', 'sustain_over_time', 'ultimate_cooldown', 'combo_finisher', 'self_setup', 'instant_cast', 'magic_damage', 'aoe', 'heal_reduction', 'missing_or_max_health_scaling']","Shyvana's ultimate ability provides a shield and movement speed boost, which can be extended with nearby enemies. Upon ending or recasting, it deals AoE magic damage and heals Shyvana based on her missing health."
Shyvana,E,Molten Burst,"Shyvana launches a fireball at the target location dealing <magicDamage>{{ damage }} magic damage</magicDamage> and <status>Slowing by {{ calc_slow }} for {{ slowduration }} seconds</status>. It explodes upon striking an enemy or reaching its terminus.<br /><br /><keywordMajor>Dragon Form:</keywordMajor> Shyvana's fireball is larger and pierces through enemies. Upon striking a champion, large monster, or reaching its terminus it triggers a pulse of fire that deals <magicDamage>{{ calc_dragon_damage }} magic damage</magicDamage> and <status>Slows by {{ calc_slow_dragon }} for {{ slowduration }} seconds</status>. The fireball leaves behind a trail for {{ groundlingerduration }} seconds that deals <magicDamage>{{ damagepersecond }} magic damage per second</magicDamage>. {{ spellmodifierdescriptionappend }}","['magic_damage', 'slow', 'aoe', 'skillshot', 'enemy_targeted', 'medium_range', 'ap_scaling', 'slow_damage', 'persistent_area_or_trap']","Shyvana's fireball deals magic damage and slows enemies, with increased damage and effects in Dragon Form."
Shyvana,R,Dragon's Descent,"<spellPassive>Passive</spellPassive>: Shyvana generates <keywordMajor>{{ fury_generation }} Dragon Fury</keywordMajor> by striking enemies with Attacks and Abilities, increased by {{ tt_fury_mult }} while in <keywordMajor>Dragon Form</keywordMajor>, and reduced {{ tt_fury_aoe_penalty }} by when striking in an area against non-champions.<br /><br /><spellActive>Active</spellActive>: Shyvana transforms into her <keywordMajor>Dragon Form</keywordMajor>, becoming <attention>Unstoppable</attention>, and flying to the target location breathing fire on enemies below dealing <magicDamage>{{ damage }} magic damage</magicDamage> and causing them <status>Flee for {{ fearduration }} second</status>.<br /><br />While transformed, Shyvana's basic Abilities are upgraded, she gains <scaleHealth>{{ calc_bonus_health }} bonus Health</scaleHealth>, size, and Attack Range. Shyvana loses <keywordMajor>Dragon Fury</keywordMajor> over time and her transformation ends when she has no <keywordMajor>Dragon Fury</keywordMajor> remaining.{{ spellmodifierdescriptionappend }}","['active_ability', 'ultimate_cooldown', 'transform', 'self_cast', 'dragon_form', 'area_of_effect', 'magic_damage', 'fear_or_taunt_or_charm', 'self_setup', 'no_cost', 'medium_cooldown', 'engage_tool', 'zoning_tool']","Shyvana transforms into Dragon Form, gaining buffs and breathing fire on enemies, causing them to flee."
Singed,Passive,Noxious Slipstream,"Singed drafts off nearby champions, gaining a burst of Move Speed when passing them.","['melee_range', 'move_speed_buff', 'self_cast', 'instant_cast', 'combo_finisher']","Singed gains a burst of movement speed by drafting off nearby champions, enhancing his mobility in combat."
Singed,Q,Poison Trail,<toggle>Toggle:</toggle> Singed lays a poisonous trail that deals <magicDamage>{{ damagepersecond }} magic damage</magicDamage> per second.{{ spellmodifierdescriptionappend }},"['aoe', 'damage_over_time', 'magic_damage', 'toggle_ability', 'medium_range', 'level_scaling', 'sustain_over_time']",Singed places a poisonous trail that continuously deals magic damage over time to enemies in the area.
Singed,W,Mega Adhesive,"Singed hurls a cask of sticky liquid, <status>Grounding</status> and <status>Slowing</status> enemies in the area by {{ slowpercent }}% for {{ wduration }} seconds.{{ spellmodifierdescriptionappend }}","['aoe', 'slow', 'skillshot', 'enemy_targeted', 'medium_range', 'level_scaling', 'medium_cooldown']",Singed throws a cask that slows and grounds enemies in the area.
Singed,E,Fling,"Singed flings an enemy over his shoulder, dealing <magicDamage>{{ basedamage }} plus {{ e3 }}% max Health magic damage</magicDamage>.<br /><br />If Singed flings a target into his <spellName>Mega Adhesive</spellName>, they are <status>Rooted</status> for {{ e2 }} seconds.{{ spellmodifierdescriptionappend }}","['magic_damage', 'true_damage', 'root', 'enemy_targeted', 'channeled', 'level_scaling']","Flings an enemy over his shoulder, dealing magic damage and rooting them if they hit a Mega Adhesive."
Singed,R,Insanity Potion,"Singed drinks a potent brew of chemicals, granting him {{ statamount }} <scaleAP>Ability Power</scaleAP>, <scaleArmor>Armor</scaleArmor>, <scaleMR>Magic Resist</scaleMR>, <speed>Move Speed</speed>, <healing>Health Regen</healing>, and <scaleMana>Mana Regen</scaleMana> for {{ duration }} seconds. During this effect, Singed's <spellName>Poison Trail</spellName> also applies {{ grievousamount*100 }}% Grievous Wounds for {{ grievousduration }} second.{{ spellmodifierdescriptionappend }}","['passive_ability', 'buff', 'armor', 'mr_shred', 'self_heal', 'mana_regeneration', 'movement_speed_buff', 'poison_trail', 'damage_over_time', 'level_scaling']",A passive ability that provides various buffs to Singed and enhances his Poison Trail ability over time.
Sion,Passive,Glory in Death,"After being killed, Sion will temporarily reanimate with rapidly decaying Health. His attacks become very rapid, heal him, and deal bonus damage based on his target's maximum Health.","['pet_or_summon', 'self_heal', 'damage_over_time', 'percent_health_damage', 'single_target', 'engage_tool', 'combo_finisher']","Sion's reanimated form attacks rapidly, healing and damaging based on target's max health."
Sion,Q,Decimating Smash,"<charge>Begin Charging</charge>: Sion charges a heavy blow for up to 2 seconds.<br /><br /><release>Release</release>: Sion slams his axe down, briefly <status>Slowing</status> and dealing between <physicalDamage>{{ mindamagetotal }} and {{ maxdamagetotal }} physical damage</physicalDamage> based on charge time. If Sion charged for at least 1 second, enemies are <status>Knocked Up</status> and <status>Stunned</status> for between {{ basestuntime }} and 2.25 seconds based on charge time.{{ spellmodifierdescriptionappend }}","['enemy_targeted', 'skillshot', 'burst_tool', 'slow', 'stun', 'high_cooldown', 'ultimate_cooldown', 'engage_tool', 'combo_finisher']","Sion's ultimate ability allows him to charge for up to 2 seconds before releasing a powerful slam that slows and damages enemies, potentially stunning them if charged for at least 1 second. This ability serves as an engage tool and combo finisher with high cooldown."
Sion,W,Soul Furnace,"<spellPassive>Passive</spellPassive>: Sion gains <scaleHealth>{{ hpperkill }} max Health</scaleHealth> when he kills a unit, or {{ hpperchampkill }} for champion takedowns, large minions and large monsters.<br /><br /><spellActive>Active</spellActive>: Sion gains <shield>{{ totalshield }} Shield</shield> for 6 seconds. After {{ e7 }} seconds if the shield still holds, Sion can <recast>Recast</recast> to detonate the shield to deal <magicDamage>{{ totaldamage }} plus {{ e4 }}% max Health magic damage</magicDamage>.{{ spellmodifierdescriptionappend }}","['passive_ability', 'self_heal', 'shield', 'ultimate_cooldown', 'health_or_resists_scaling', 'combo_finisher', 'followup_only']","Sion's passive increases his max health based on kills, while his active provides a shield that can be recast to deal magic damage as a percentage of his max health."
Sion,E,Roar of the Slayer,"Sion fires a shockwave, dealing <magicDamage>{{ totaldamage }} magic damage</magicDamage>, <status>Slowing</status> them by {{ slowamount }}% for {{ slowduration }} seconds and removing <scaleArmor>{{ armorshred }}% Armor</scaleArmor> for {{ armorshredduration }} seconds. Non-champions hit are <status>Knocked Back</status>. Enemies hit by a <status>Knocked Back</status> unit take the same damage and effects.{{ spellmodifierdescriptionappend }}","['magic_damage', 'slow', 'knockup_or_knockback', 'armor_shred', 'aoe', 'enemy_targeted', 'debuff']","Sion's ability deals magic damage, slows and reduces armor of enemies, and knocks them back."
Sion,R,Unstoppable Onslaught,"Sion charges Unstoppably in a direction for 8 seconds, turning towards the mouse cursor. Sion stops on colliding with an enemy champion or wall or on <recast>Recasting</recast> this Ability.  <br /><br />At the end of the charge, Sion deals between <physicalDamage>{{ mindamagetotal }} and {{ maxdamagetotal }} physical damage</physicalDamage> based on distance travelled. Enemies close to Sion are <status>Stunned</status> for between {{ minstunduration }} and {{ maxstunduration }} seconds based on distance travelled. Enemies in a larger area are <status>Slowed</status> by {{ slowamount }}% for 3 seconds.{{ spellmodifierdescriptionappend }}","['skillshot', 'targeted', 'hard_cc', 'stun', 'slow', 'ultimate_cooldown', 'engage_tool', 'combo_finisher']","Sion charges in a direction, dealing physical damage and applying stun and slow to enemies in his path."
Sivir,Passive,Fleet of Foot,Sivir gains a short burst of Move Speed when she attacks an enemy champion.,"['melee_range', 'move_speed_buff', 'self_cast', 'instant_cast', 'ally_targeted']",Sivir's basic attack provides a temporary movement speed boost to herself.
Sivir,Q,Boomerang Blade,"Sivir hurls her crossblade like a boomerang, dealing <physicalDamage>{{ totaldamage }}</physicalDamage> to all enemies it cuts through. Hitting non-champions reduces the damage to subsequent targets, down to a minimum of {{ falloffminimum*100 }}%.{{ spellmodifierdescriptionappend }}","['aoe', 'physical_damage', 'skillshot', 'targeted', 'low_cooldown', 'burst_tool']","Sivir throws her crossblade in an arc, dealing physical damage to all enemies hit, with reduced damage on subsequent targets."
Sivir,W,Ricochet,"For the next {{ buffduration }} seconds, Sivir gains <attackSpeed>{{ ricochetattackspeed*100 }}% Attack Speed</attackSpeed> and her auto attacks are empowered to bounce to additional surrounding enemies dealing <physicalDamage>{{ bouncedamage }} physical damage</physicalDamage> each bounce for up to {{ maxbounces }} bounces.<br /><br />These bounces critically strike if the attack generating them does.{{ spellmodifierdescriptionappend }}","['melee_range', 'attack_speed_debuff', 'aoe', 'skillshot', 'bounce', 'ad_scaling', 'damage_reduction_buff', 'self_cast']","Sivir's ability increases her attack speed and grants her auto attacks that bounce to additional enemies, dealing physical damage and crits if the initial attack does."
Sivir,E,Spell Shield,"Sivir creates a magical barrier for {{ e1 }} seconds that blocks the next incoming enemy Ability. If an ability is blocked, Sivir restores <healing>{{ totalheal }} health</healing> and triggers Fleet of Foot.{{ spellmodifierdescriptionappend }}","['passive_ability', 'shield', 'self_heal', 'instant_cast', 'anti_tank']",Sivir's passive ability creates a magical barrier that blocks enemy abilities and provides healing on trigger.
Sivir,R,On The Hunt,"Sivir rallies her nearby allies, granting them <speed>{{ maxms*100 }}% Move Speed</speed> for {{ ultduration }} seconds.<br /><br />Sivir's attacks against champions while On The Hunt reduce the cooldown of her basic abilities by 0.5 seconds.<br /><br />Takedowns on recently damaged enemies refreshes the duration of the hunt.{{ spellmodifierdescriptionappend }}","['movespeed_buff', 'self_cast', 'ally_targeted', 'level_scaling', 'no_cost', 'instant_cast', 'team_utility']","Sivir's ultimate ability buffs her and nearby allies' movement speed, reducing the cooldown of her basic abilities when attacking champions, with increased effectiveness at higher levels."
Skarner,Passive,Threads of Vibration,"Skarner's Attacks, Shattered Earth, Upheaval, and Impale, apply Quaking. At max stacks of Quaking, enemies take max Health magic damage over its duration.","['magic_damage', 'damage_over_time', 'stacking_effect', 'ultimate_cooldown', 'enemy_targeted', 'ultimate']","Applies Quaking to enemies, dealing increasing magic damage over time until max stacks are reached."
Skarner,Q,Shattered Earth / Upheaval,"Skarner rips a boulder from the ground, empowering his next 3 Attacks with <attackSpeed>{{ attackspeed*100 }}% Attack Speed</attackSpeed> and dealing <physicalDamage>{{ abilitydamage }} physical damage</physicalDamage> to surrounding enemies. His final Attack will deal an additional <physicalDamage>{{ maxhppercent*100 }}% max Health physical damage</physicalDamage> and <status>Slow</status> affected foes by {{ slowpercent*100 }}% for {{ slowduration }}s.<br /><br /><recast>Recast:</recast> Skarner ends this Ability and throws his boulder, dealing <physicalDamage>{{ spell.skarnerq:abilitydamage }} + {{ spell.skarnerq:maxhppercent*100 }}% max Health physical damage</physicalDamage>, and additionally <status>Slowing</status> the first enemy hit — and any other surrounding enemies — by {{ spell.skarnerq:slowpercent*100 }}% for {{ spell.skarnerq:slowduration }}s.{{ spellmodifierdescriptionappend }}","['aoe', 'physical_damage', 'attack_speed_debuff', 'slow', 'ultimate_cooldown', 'combo_finisher', 'enemy_targeted', 'medium_range', 'ad_scaling', 'missing_or_max_health_scaling', 'channeled', 'persistent_area_or_trap']","Skarner's Q ability allows him to empower his next 3 attacks with increased speed and damage, and upon the final attack, deals max health-based damage and applies a slow effect. The ability can be recast to throw a boulder at an enemy, dealing similar damage and slowing all enemies in its path."
Skarner,W,Seismic Bastion,Skarner gains <shield>{{ initialshield }} Shield</shield> for {{ shieldduration }}s and triggers an earthquake that deals <magicDamage>{{ damage }} magic damage</magicDamage> and <status>Slows</status> nearby enemies by {{ sloweffect*-100 }}% for {{ slowduration }}s.{{ spellmodifierdescriptionappend }},"['magic_damage', 'shield', 'slow', 'aoe', 'duration', 'skillshot']",Skarner gains a shield and triggers an earthquake that deals magic damage and slows nearby enemies.
Skarner,E,Ixtal's Impact,"Skarner charges forward, steering toward the chosen direction and ignoring terrain. If he runs into a champion or large monster, Skarner drags them along for the rest of his charge.<br /><br />Colliding into a wall with an enemy in tow deals <physicalDamage>{{ pindamage }} physical damage</physicalDamage> to the enemy and <status>Stuns</status> them for {{ stunduration }}s.<br /><br />Skarner can <recast>Recast</recast> this Ability to end his charge early.{{ spellmodifierdescriptionappend }}","['skillshot', 'targeted', 'hard_cc', 'stun', 'displacement_pull_or_push', 'self_cast', 'engage_tool', 'combo_starter']","Skarner charges forward, dragging enemies and stunning them upon collision."
Skarner,R,Impale,"Skarner's tails lash forward, dealing <magicDamage>{{ damage }} magic damage</magicDamage> and <status>Suppressing</status> the first 3 champions he hits for {{ duration }}s. Those hit are dragged along by Skarner for the duration of this Ability.<br /><br />If Skarner hits at least one champion he gains <speed>{{ speedboostamount*100 }}% Move Speed</speed> for {{ speedboostduration }} seconds.<br /><br />If <spellName>Shattered Earth</spellName> is active, Skarner will cast <spellName>Upheaval</spellName> first.{{ spellmodifierdescriptionappend }}","['magic_damage', 'suppress', 'aoe', 'skillshot', 'targeted', 'mobility_reposition', 'engage_tool', 'combo_starter']","Skarner's tails deal magic damage and suppress the first 3 champions hit, providing movement speed boost to Skarner if at least one champion is hit. If Shattered Earth is active, Upheaval is cast first."
Smolder,Passive,Dragon Practice,Hitting champions with Abilities and killing enemies with Super Scorcher Breath grants a stack of Dragon Practice. Stacks increase the damage of Smolders basic Abilities.,"['passive_ability', 'level_scaling', 'ad_scaling', 'damage_amp', 'combo_starter']",Passive ability that increases Smolders basic Ability damage based on the number of stacks gained from hitting champions with Abilities and killing enemies with Super Scorcher Breath.
Smolder,Q,Super Scorcher Breath,"Smolder belches flame, dealing <physicalDamage>{{ totaldamage }} physical damage</physicalDamage> + <magicDamage>{{ spell.smolderp:passive_qdamageincrease }} magic damage</magicDamage>. If the target dies, Smolder refunds <scaleMana>{{ manarestore }} Mana</scaleMana>, once per cast.<br /><br />Based on stacks of <spellName>Dragon Practice</spellName>, this Ability evolves to gain the following effects:<li><keywordMajor>{{ stacktier1 }} Stacks</keywordMajor>: Damages all enemies surrounding the target.<li><keywordMajor>{{ stacktier2 }} Stacks</keywordMajor>: Sends <spellName>{{ tier2_numberofblowback }}</spellName> explosions beyond the target that deal {{ tier2_blowbackpercentagedamage }}% of this Ability's damage.<li><keywordMajor>{{ stacktier3 }} Stacks</keywordMajor>: Burns the target, dealing <trueDamage>{{ tier3_burn }} max Health true damage</trueDamage> over {{ tier3_dotlength }} seconds. Enemy champions that drop below <trueDamage>{{ tier3_executethreshold }}</trueDamage> total health while burning are killed instantly.{{ spellmodifierdescriptionappend }}","['physical_damage', 'magic_damage', 'true_damage', 'aoe', 'skillshot', 'targeted', 'sustain_over_time', 'execute_damage', 'ultimate_cooldown', 'burst_tool', 'combo_finisher']","Smolder is an ultimate ability that deals physical and magic damage to a target and can evolve to damage multiple enemies, create explosions, and apply a burn effect that can execute low-health targets."
Smolder,W,Achooo!,"Smolder lets out an adorable flaming sneeze, dealing <physicalDamage>{{ initialdamage }} physical damage</physicalDamage> and <status>Slowing</status> by {{ slowamount*100 }}% for {{ slowduration }} seconds.<br /><br />Hitting champions causes an explosion, dealing <physicalDamage>{{ explosiondamage }} physical</physicalDamage> + <magicDamage>{{ spell.smolderp:passive_wdamageincrease }} magic damage</magicDamage>.{{ spellmodifierdescriptionappend }}","['physical_damage', 'magic_damage', 'aoe', 'slow', 'skillshot', 'targeted']",Smolder is a skillshot that deals physical and magic damage to a target and creates an explosion that damages nearby enemies while slowing them.
Smolder,E,"Flap, Flap, Flap","Smolder takes flight, gaining <speed>{{ movespeed*100 }}% Move Speed</speed> and ignoring terrain for {{ duration }} seconds.<br /><br />While flying, Smolder bombards the lowest Health enemy <spellName>{{ totalnumberofattacks }}</spellName> (rounded down) times for <physicalDamage>{{ damageperhit }} physical damage</physicalDamage> + <magicDamage>{{ spell.smolderp:ebonusdamage }} magic damage</magicDamage> per hit.{{ spellmodifierdescriptionappend }}","['melee_range', 'physical_damage', 'magic_damage', 'aoe', 'skillshot', 'targeted', 'no_damage', 'no_cost', 'instant_cast', 'engage_tool', 'poke_tool', 'waveclear_tool']",Smolder gains movement speed and attacks the lowest health enemies with physical and magic damage in an area.
Smolder,R,MMOOOMMMM!,"Smolder's mom breathes fire from above, dealing <physicalDamage>{{ totaldamage }} physical damage</physicalDamage>. Enemies in the center take <physicalDamage>{{ tooltiponly_totalsweetspotdamage }} physical damage</physicalDamage> instead and are <status>Slowed</status> by {{ slowamount*100 }}% for {{ slowduration }} seconds.<br /><br />Smolder's mom heals her son for <healing>{{ momhealcalc }} Health</healing> if she hits him.{{ spellmodifierdescriptionappend }}","['physical_damage', 'aoe', 'slow', 'self_heal', 'enemy_targeted', 'medium_range', 'ad_scaling', 'heal_reduction', 'no_cost', 'medium_cooldown', 'combo_finisher']","Smolder's mom deals physical damage to enemies and slows them, while healing Smolder himself."
Sona,Passive,Power Chord,"<passive>Accelerando</passive>: Sona gains non-Ultimate ability haste permanently for her basic abilities as she uses her abilities well, up to a cap. Beyond that cap, further successful uses reduce her ultimate's remaining cooldown instead.<br><br><passive>Power Chord</passive>: Every few spell casts, Sona's next attack will deal bonus magic damage in addition to an additional effect based on what basic Ability Sona last activated.","['passive_ability', 'no_damage', 'no_cost', 'level_scaling', 'ad_scaling', 'ap_scaling', 'combo_starter', 'combo_finisher', 'self_setup', 'followup_only']","Sona's passive abilities provide permanent haste and reduce ultimate cooldown, while her spells can trigger a bonus magic damage attack with additional effects."
Sona,Q,Hymn of Valor,"Sona deals <magicDamage>{{ totaldamage }} magic damage</magicDamage> to the nearest two enemies, prioritizing champions. She then begins a new <keywordMajor>Melody</keywordMajor>. Gain a stack of <keywordMajor>Accelerando</keywordMajor> for every champion you damage with this.<br /><br /><keywordMajor>Melody:</keywordMajor> Sona gains an aura for {{ auraduration }} seconds, granting allied champions an additional <magicDamage>{{ totalonhitdamage }} magic damage</magicDamage> %i:OnHit% on their next Attack within {{ onhitduration }} seconds.<br /><br /><keywordMajor>Power Chord - Staccato:</keywordMajor> Power Chord bonus damage (<magicDamage>{{ totalstaccatodamage }} total magic damage</magicDamage>).{{ spellmodifierdescriptionappend }}","['magic_damage', 'aoe', 'enemy_targeted', 'level_scaling', 'ultimate_cooldown', 'combo_starter', 'combo_finisher']","Sona's ultimate ability deals magic damage to the nearest two enemies and activates Melody, which provides an aura to nearby allies. The ability scales with level and has a high cooldown."
Sona,W,Aria of Perseverance,"<spellPassive>Active:</spellPassive> Sona restores <healing>{{ totalheal }} Health</healing> to herself and a nearby allied champion, prioritizing the most wounded. She then begins a new <keywordMajor>Melody</keywordMajor>.<br /><br /><keywordMajor>Melody:</keywordMajor> Sona gains an aura for {{ auraduration }} seconds, granting allied champions <shield>{{ totalshield }} Shield</shield> for {{ shieldduration }} seconds.<br /><br />Gain a stack of <keywordMajor>Accelerando</keywordMajor> whenever you heal another injured ally and every time you protect another ally from at least {{ accelerandoshieldbreakpoint }} damage with this shield.<br /><br /><keywordMajor>Power Chord - Diminuendo:</keywordMajor> Power Chord also reduces physical and magic damage dealt by the target by {{ totaldiminuendoweakenpercent }} for {{ diminuendoduration }} seconds.{{ spellmodifierdescriptionappend }}","['passive_ability', 'self_heal', 'ally_heal', 'shield', 'level_scaling', 'mana_cost', 'ultimate_cooldown', 'team_utility', 'backline_access']","Sona's passive ability heals herself and a nearby ally, providing a shield to allies and increasing her own healing over time. Her ultimate, Melody, provides an aura that grants shields to allies and reduces incoming damage."
Sona,E,Song of Celerity,"<spellPassive>Active:</spellPassive> She begins a new <keywordMajor>Melody</keywordMajor> and grants herself <speed>{{ totalselfmovementspeed }} Move Speed</speed> for {{ selfmovementspeeddurationmin }} seconds, extended to up to {{ selfmovementspeeddurationmax }} seconds if she doesn't take damage. <br /><br /><keywordMajor>Melody:</keywordMajor> Sona gains an aura for {{ auraduration }} seconds that grants allied champions <speed>{{ totalallymovementspeed }} Move Speed</speed> for {{ allymovementspeedduration }} seconds.<br /><br /><keywordMajor>Power Chord - Tempo:</keywordMajor> Power Chord also <status>Slows</status> the target by {{ totaltempomovespeedslow }} for {{ tempoduration }} seconds.{{ spellmodifierdescriptionappend }}","['passive_ability', 'self_cast', 'self_heal', 'mobility_reposition', 'speed_buff', 'ally_heal', 'sustain_over_time']","Sona's passive ability grants her and nearby allies movement speed over time, with the potential for increased duration and a slow on her ultimate."
Sona,R,Crescendo,"Sona strikes an irresistible chord, <status>Stunning</status> enemy for {{ stunduration }} seconds and dealing <magicDamage>{{ totaldamage }} magic damage</magicDamage>.{{ spellmodifierdescriptionappend }}","['stun', 'magic_damage', 'single_target', 'ultimate_cooldown', 'engage_tool', 'combo_finisher']","Sona's ultimate ability stuns a target, dealing magic damage and is best used as an engage tool and combo finisher."
Soraka,Passive,Salvation,Soraka runs faster towards nearby low health allies.,"['self_cast', 'mobility_reposition', 'ally_targeted', 'low_cooldown', 'instant_cast']","Soraka's ability allows her to run towards nearby low health allies, providing them with a mobility boost."
Soraka,Q,Starcall,"Soraka calls down a star, dealing <magicDamage>{{ totaldamage }} magic damage</magicDamage> and <status>Slowing</status> by {{ movespeedslow*100 }}% for {{ slowduration }} seconds. <br /><br />Hitting an enemy champion grants Soraka <keywordMajor>Rejuvenation</keywordMajor>, which restores <healing>{{ totalhot }} Health</healing> over {{ hotduration }} seconds and grants <speed>{{ movespeedhaste*100 }}% Move Speed</speed> decaying over the same duration.{{ spellmodifierdescriptionappend }}","['magic_damage', 'slow', 'heal', 'move_speed_buff', 'duration_effect', 'ally_targeted', 'no_cost', 'ultimate_cooldown', 'combo_finisher']","Soraka's ultimate ability deals magic damage and slows enemies, while also granting healing and movement speed to hit champions."
Soraka,W,Astral Infusion,"Soraka restores <healing>{{ totalheal }} Health</healing> to another allied champion.<br /><br />If Soraka is affected by <keywordMajor>Rejuvenation</keywordMajor>, the Health cost will be reduced by {{ percenthealthcostrefund*100 }}%, and the target will gain <keywordMajor>Rejuvenation</keywordMajor> for {{ spell.sorakaq:hotduration }} seconds.{{ spellmodifierdescriptionappend }}","['ally_heal', 'sustain_over_time', 'passive_ability', 'level_scaling', 'mana_cost', 'no_cooldown']","Soraka's ability passively heals an ally over time, with increased healing and a cooldown reduction effect when she is also healed."
Soraka,E,Equinox,"Soraka creates a starfield that deals <magicDamage>{{ totaldamage }} magic damage</magicDamage> to champions. The field lingers for {{ rootdelay }} seconds, <status>Silencing</status> enemies inside. When the zone disappears, champions inside the zone are <status>Rooted</status> for {{ rootduration }} second(s) and take <magicDamage>{{ totaldamage }} magic damage</magicDamage>.{{ spellmodifierdescriptionappend }}","['aoe', 'magic_damage', 'silence', 'root', 'ultimate_cooldown', 'engage_tool', 'combo_finisher']","Soraka's ultimate ability creates a starfield that deals magic damage and silences enemies, then roots them after the field disappears."
Soraka,R,Wish,"Soraka calls upon divine powers, restoring <healing>{{ healingcalc }} Health</healing> to all allied champions, regardless of distance. Healing is increased to <healing>{{ ampedhealing }}</healing> on targets below 40% Health.{{ spellmodifierdescriptionappend }}","['ally_heal', 'sustain_over_time', 'heal_reduction', 'missing_or_max_health_scaling', 'ultimate_cooldown', 'team_utility', 'backline_access']","Soraka's ultimate ability provides healing to all allied champions, with increased healing for those below 40% health."
Swain,Passive,Ravenous Flock,Swain's ravens collect <i>Soul Fragments</i> that heal him and permanently increase his maximum health.,"['passive_ability', 'self_heal', 'sustain_over_time', 'health_or_resists_scaling', 'level_scaling']","Swain's ravens periodically collect Soul Fragments which heal him and increase his maximum health over time, scaling with level."
Swain,Q,Death's Hand,"Swain unleashes 5 eldritch bolts, dealing <magicDamage>{{ initialdamage }} magic damage</magicDamage> plus <magicDamage>{{ extraboltdamage }} magic damage</magicDamage> per bolt past the first (max <magicDamage>{{ maxdamage }} magic damage</magicDamage>).{{ spellmodifierdescriptionappend }}","['magic_damage', 'aoe', 'burst_damage', 'level_scaling']","Swain's ability deals increasing magic damage to multiple targets in an area, with the damage scaling based on the number of bolts and the caster's level."
Swain,W,Vision of Empire,"Swain opens a demon eye, revealing a location for 1.5 seconds, then deals <magicDamage>{{ totaldamage }} magic damage</magicDamage> and <status>Slows</status> by {{ slow*-100 }}% for {{ slowduration }} seconds.<br /><br />Champions hit grant Swain a <span class=""size18 colorFF3F3F"">Soul Fragment</span> and are revealed for {{ revealduration }} seconds.{{ spellmodifierdescriptionappend }}","['magic_damage', 'slow', 'reveal', 'enemy_targeted', 'ground_targeted', 'channeled', 'ultimate_cooldown']",Swain's ultimate ability reveals an area and deals magic damage with a slow effect on hit.
Swain,E,Nevermove,"Swain launches a wave of demonic power that returns, detonating on the first enemy hit to deal <magicDamage>{{ secondarydamage }} magic damage</magicDamage> and <status>Root</status> enemies in the area for {{ rootduration }} seconds.<br /><br /><status>Rooting</status> a champion allows Swain to reactivate this ability to pull all champions <status>Rooted</status> by <spellName>Nevermove</spellName> toward him, gaining a <span class=""size18 colorFF3F3F"">Soul Fragment</span> for each.{{ spellmodifierdescriptionappend }}","['magic_damage', 'aoe', 'skillshot', 'hard_cc', 'root', 'reactivatable', 'pull', 'vision_granting']","Swain's Nevermove ability deals magic damage and roots enemies in an area, allowing for a reactivation to pull rooted champions towards him and granting vision."
Swain,R,Demonic Ascension,"Swain frees the demon, which deals <magicDamage>{{ damagecalc }} magic damage</magicDamage> and drains <healing>{{ healingcalc }} Health</healing> per second from nearby enemies. His Demonic Energy depletes over time but can be recharged indefinitely by draining enemy Champions and is fully restored on Champion takedowns.<br /><br />After {{ demonflarecastdelay }} seconds and every {{ demonflarecooldowntooltip }} seconds thereafter, Swain can cast <spellName>Demonflare</spellName> while transformed, which deals <magicDamage>{{ demonflaredamagetotal }} magic damage</magicDamage> and <status>Slows</status> enemies by {{ demonflareslowamount*100 }}%, decaying over {{ demonflareslowduration }}s.{{ spellmodifierdescriptionappend }}","['magic_damage', 'damage_over_time', 'sustain_over_time', 'slow', 'ultimate_cooldown', 'combo_finisher', 'enemy_targeted', 'channeled', 'persistent_area_or_trap']","Swain's Demon Flare ability deals magic damage and slows enemies, with ongoing damage and slow effects that persist over time. The ability can be cast periodically after a delay and has an ultimate cooldown."
Sylas,Passive,Petricite Burst,"After casting a spell, Sylas stores a charge of Petricite Burst. Sylas's basic attacks will expend a charge and whirl his energized chains around him dealing bonus magic damage to enemies hit. While Sylas has a charge of Petricite Burst, he gains attack speed. ","['magic_damage', 'attack_speed_debuff', 'ad_scaling', 'mana_cost', 'instant_cast', 'pet_or_summon', 'offensive_stat_buff', 'ally_targeted']",Sylas's basic attacks deal bonus magic damage and increase his attack speed when he has a charge of Petricite Burst.
Sylas,Q,Chain Lash,"Sylas lashes his chains out, dealing <magicDamage>{{ damage }} magic damage</magicDamage> and <status>Slowing</status> by {{ slowamountcalc }} for {{ slowduration }} seconds. The place where the chains intersect explodes, dealing a further <magicDamage>{{ explosiondamage }} magic damage</magicDamage>.{{ spellmodifierdescriptionappend }}","['magic_damage', 'slow', 'aoe', 'skillshot', 'combo_finisher', 'ultimate_cooldown']","Sylas lashes his chains to deal magic damage and slow the target area, with an additional explosion causing more damage."
Sylas,W,Kingslayer,"Sylas lunges at an enemy with magical force dealing <magicDamage>{{ mindamage }} magic damage</magicDamage>. Against champions, Sylas restores between <healing>{{ minhealing }}</healing> and <healing>{{ maxhealing }} Health</healing> based on his missing Health (max healing at or below {{ maxexecutethreshold*100 }}% Health).{{ spellmodifierdescriptionappend }}","['enemy_targeted', 'magic_damage', 'self_heal', 'missing_or_max_health_scaling', 'engage_tool', 'combo_finisher']","Sylas lunges at an enemy, dealing magic damage and restoring health based on missing health, serving as an engage and combo finisher."
Sylas,E,Abscond / Abduct,"Sylas quickly dashes, and prepares a <recast>Recast</recast> for 3.5 seconds.<br /><br /><recast>Recast:</recast> Sylas throws his chains, pulling himself to the first enemy hit, dealing <magicDamage>{{ damage }} magic damage</magicDamage>, and <status>Knocking Up</status> for {{ knockupduration }} seconds.{{ spellmodifierdescriptionappend }}","['self_cast', 'dash', 'mobility_reposition', 'ultimate_cooldown', 'engage_tool', 'combo_finisher']","Sylas dashes to an enemy, pulling himself to them and knocking them up."
Sylas,R,Hijack,"Sylas hijacks an enemy champion, allowing him to cast a copy of their ultimate Ability, based on his Ultimate level and using his stats.<br /><br />Hijacking an enemy places a Cooldown on them for {{ pertargetcooldown }}% (modified by Sylas' Ability Haste) of the enemy's ultimate's Cooldown, with a minimum of {{ minimumenemycooldown }} seconds, during which time Sylas cannot hijack them again.{{ spellmodifierdescriptionappend }}","['ultimate_cooldown', 'enemy_targeted', 'ability_haste', 'cooldown_reduction', 'copy_of_enemy_ultimate', 'level_scaling']","Sylas hijacks an enemy champion, casting a copy of their ultimate with his stats, while reducing their ultimate cooldown."
Syndra,Passive,Transcendent,Syndra collects Splinters of Wrath from gaining levels and damaging enemies which upgrade her abilities.<br><br><font color='#FF9900'>Dark Sphere</font>: Syndra can hold an additional charge<br><font color='#FF9900'>Force of Will</font>: Bonus true damage.<br><font color='#FF9900'>Scatter the Weak</font>: Increased width and slows all targets<br><font color='#FF9900'>Unleashed Power</font>: Executes low health targets,"['passive_ability', 'level_scaling', 'true_damage', 'aoe', 'slow', 'execute_damage']","Syndra's abilities gain power with levels and damage, including an additional Dark Sphere charge, true damage boost, area slow, and execute on low health targets."
Syndra,Q,Dark Sphere,"Syndra conjures a <keywordMajor>Dark Sphere</keywordMajor>, dealing <magicDamage>{{ totaldamage }} magic damage</magicDamage>. The <keywordMajor>Dark Sphere</keywordMajor> remains for {{ sphereduration }} seconds and can be manipulated by Syndra's other Abilities.<br /><br /><evolve>{{ spell.syndrapassive:q1upgradethreshold }} Splinters of Wrath</evolve>: Syndra can store {{ upgrade1maxammo }} charges of <keywordMajor>Dark Sphere</keywordMajor>.{{ spellmodifierdescriptionappend }}","['magic_damage', 'aoe', 'skillshot', 'enemy_targeted', 'ammo_or_charges', 'medium_cooldown', 'ultimate_cooldown', 'combo_starter', 'combo_finisher', 'self_setup']","Syndra's Q ability creates a Dark Sphere that deals area-of-effect magic damage and can be manipulated with other abilities, storing up to 5 charges and having a medium cooldown. It serves as both a combo starter and finisher."
Syndra,W,Force of Will,"Syndra grabs a <keywordMajor>Dark Sphere</keywordMajor>, enemy minion, or non-epic monster. She drags it with her and can <recast>Recast</recast> for up to 5 seconds.<br /><br /><recast>Recast</recast>: Syndra hurls the object, dealing <magicDamage>{{ throwdamage }} magic damage</magicDamage> and <status>Slowing</status> by {{ totalslowamount }}% for {{ f2 }} seconds.<br /><br /><evolve>{{ spell.syndrapassive:wupgradethreshold }} Splinters of Wrath</evolve>: This Ability deals an additional <trueDamage>{{ tooltiponlypassivebonuspercent }} true damage</trueDamage>.<br />{{ spellmodifierdescriptionappend }}","['enemy_targeted', 'aoe', 'skillshot', 'magic_damage', 'true_damage', 'slow', 'channeled', 'recast', 'ultimate_cooldown', 'combo_finisher', 'team_utility']",Syndra's ultimate ability grabs a target and can be recast to deal magic and true damage with a slowing effect.
Syndra,E,Scatter the Weak,"Syndra projects a wave of force, <status>Knocking Back</status> enemies and <keywordMajor>Dark Spheres</keywordMajor> and dealing <magicDamage>{{ totaldamage }} magic damage</magicDamage>.<br /><br /><keywordMajor>Dark Spheres</keywordMajor> that are pushed <status>Stun</status> enemies for {{ stunduration }} seconds and deal <magicDamage>{{ totaldamage }} magic damage</magicDamage>.<br /><br /><evolve>{{ spell.syndrapassive:eupgradethreshold }} Splinters of Wrath</evolve>: This Ability's width is increased and <status>Slows</status> enemies by <status>{{ upgradedslowamount*100 }}%</status> for {{ upgradedslowduration }} seconds.{{ spellmodifierdescriptionappend }}","['aoe', 'knockup_or_knockback', 'magic_damage', 'stun', 'slow', 'ultimate_cooldown', 'engage_tool', 'combo_finisher']","Syndra's ultimate ability pushes enemies back and stuns them while also slowing them, serving as an engage and combo finisher."
Syndra,R,Unleashed Power,"<spellPassive>Passive</spellPassive>: <spellName>Dark Sphere</spellName> gains an additional {{ qhasteperrank }} Ability Haste for each rank of <spellName>Unleashed Power</spellName>.<br /><br />Syndra draws on her full cataclysmic power, launching the 3 <keywordMajor>Dark Spheres</keywordMajor> orbiting her plus up to 4 more nearby at an enemy champion. Each <keywordMajor>Dark Sphere</keywordMajor> deals <magicDamage>{{ damagecalc }} magic damage</magicDamage> (max <magicDamage>{{ maxdamagecalc }} magic damage</magicDamage>).<br /><br /><evolve>{{ spell.syndrapassive:rupgradethreshold }} Splinters of Wrath</evolve>: This Ability <danger>executes</danger> enemies below {{ upgradeexecutethreshold*100 }}% Health.{{ spellmodifierdescriptionappend }}","['magic_damage', 'aoe', 'execute_damage', 'ultimate_cooldown', 'combo_finisher', 'enemy_targeted']",Syndra's ultimate ability launches multiple Dark Spheres that deal magic damage and can execute low-health enemies.
TahmKench,Passive,An Acquired Taste,"Tahm Kench puts the heft of his immense body behind his attacks, gaining extra damage based on his total health. Damaging enemy champions builds stacks of <spellName>An Acquired Taste</spellName>. At three stacks, he can use <spellName>Devour</spellName> on an enemy champion.","['melee_range', 'ad_scaling', 'health_or_resists_scaling', 'self_setup', 'combo_starter', 'combo_finisher', 'ultimate_cooldown']","Tahm Kench's basic attacks deal bonus damage based on his health and build up a stackable effect that allows him to Devour an enemy champion when at three stacks. Devour is an ultimate-like ability with a long cooldown. The ability serves as both a setup tool and a finisher. To generate the tags and summary for the given ability description, let's break down the key components:"
TahmKench,Q,Tongue Lash,"Deals <magicDamage>{{ totaldamage }} magic damage</magicDamage> to the first enemy hit and <status>Slows</status> them by {{ slowamount*100 }}% for {{ slowduration }} seconds. <br /><br />On champion hit, heals Tahm for <healing>{{ baseheal }} +{{ percenthealthhealing*100 }}% of his missing Health</healing> and applies a stack of <spellName>An Acquired Taste</spellName> dealing <magicDamage>{{ spell.tahmkenchpassive:totaldamage }} extra magic damage</magicDamage>. If that champion already had 3 stacks of <spellName>An Acquired Taste</spellName>, they will also be <status>Stunned</status> for {{ stunduration }} seconds, consuming the stacks.<br /><br />Activate <span class=""color0bf7de"">Devour</span> while your tongue is in midair to devour enemy champions who already have 3 stacks of <spellName>An Acquired Taste</spellName> from a distance when you hit them.{{ spellmodifierdescriptionappend }}","['magic_damage', 'slow', 'heal', 'ultimate_cooldown', 'combo_finisher', 'enemy_targeted', 'stun']","AOE slow and heal on hit with an ultimate cooldown, dealing magic damage and applying a stacking debuff that can stun on 3rd stack."
TahmKench,W,Abyssal Dive,"Dive down and then re-appear at target location, dealing <magicDamage>{{ totaldamage }} magic damage</magicDamage> and <status>Knock Up</status> all enemies in an area for {{ knockupduration }} second. Hitting at least one enemy champion refunds {{ champrefund*100 }}% of the Cooldown and <scaleMana>Mana</scaleMana> cost. <br /><br /><span class=""color0bf7de"">Devoured</span> allies can be taken along for the ride (but can always hop out early).{{ spellmodifierdescriptionappend }}","['aoe', 'magic_damage', 'knockup_or_knockback', 'targeted', 'refund_on_hit', 'enemy_targeted', 'medium_range', 'ultimate_cooldown', 'engage_tool', 'combo_finisher']","AOE knock up and damage to enemies in a medium range, with ultimate cooldown reduction on hit."
TahmKench,E,Thick Skin,"<passive>Passive:</passive> {{ greyhealthratio*100 }}% of damage Tahm Kench takes is stored by his <spellName>Thick Skin</spellName>, increased to {{ greyhealthratioenhanced*100 }}% if there are at least {{ enhancedthreshold }} nearby enemy champions. If Kench has not taken damage within {{ ooctimer }} seconds, <spellName>Thick Skin</spellName> will rapidly be consumed to heal Tahm for {{ greyhealthhealingratio }} of its value.<br /><br /><active>Active:</active> Convert all your stored <spellName>Thick Skin</spellName> into a <shield>Shield</shield>, lasting {{ shieldduration }} seconds.{{ spellmodifierdescriptionappend }}","['passive_ability', 'shield', 'heal_reduction', 'health_or_resists_scaling', 'level_scaling', 'ultimate_cooldown']","This passive ability stores damage taken as healing over time, while the active ability converts stored damage into a shield. The healing and shield values scale with Tahm Kench's health ratio and nearby enemy champions, with ultimate cooldown."
TahmKench,R,Devour,"Tahm Kench devours a champion for a few seconds. He can <recast>Recast</recast> to spit them out.<br /><br /><specialRules>Enemy Champions:</specialRules> Require 3 stacks of <spellName>An Acquired Taste</spellName>. Are devoured for up to {{ enemyduration }} seconds and take <magicDamage>{{ basedamage }} (+{{ percenthpdamage }} of their Max Health) magic damage</magicDamage>. Tahm Kench is <status>Slowed</status> by {{ slowamount*100 }}% and <keywordName>Grounded</keywordName> during this effect.<br /><br /><specialRules>Ally Champions:</specialRules> Are devoured for up to {{ allyduration }} seconds and are granted <shield>{{ totalshield }} Shield</shield> which decays gradually after being spit out. Allies can also choose to exit early. Tahm Kench is <status>Grounded</status> during this effect, but can cast <keywordName>Abyssal Dive</keywordName> and gains <speed>{{ allyspeedamount*100 }}% Move Speed</speed> for {{ allyduration }} seconds.{{ spellmodifierdescriptionappend }}","['enemy_targeted', 'magic_damage', 'true_damage', 'slow', 'ground_targeted', 'toggle_ability', 'ultimate_cooldown', 'combo_finisher', 'self_setup']","Tahm Kench's ultimate ability devours an enemy champion, dealing magic and true damage over time while slowing and grounding them. Allies can be devoured for protection and gain movement speed upon exiting. The ability can be recast to spit out the target early."
Taliyah,Passive,Rock Surfing,Taliyah gains Move Speed near walls.,"['movespeed_buff', 'mobility_reposition', 'wall_movement']","Increases movement speed near walls, providing repositioning and mobility benefits."
Taliyah,Q,Threaded Volley,"Taliyah hurls 5 rocks, each dealing <magicDamage>{{ rockdamage }} magic damage</magicDamage> in an area around the first enemy hit while creating Worked Ground at that area. Subsequent hits against the same enemy deal {{ extramissilereduceddamagepercent }}% less damage.<br /><br />Casts on worked ground cost {{ e7 }} Mana and have {{ workedgroundcdr*100 }}% less Cooldown, consume the Worked Ground, and hurl a boulder that <status>Slows</status> enemies it hits by {{ slowpercent*100 }}% for {{ slowduration }} seconds, dealing <magicDamage>{{ bigrockdamage }} magic damage</magicDamage> to the primary target. Monsters hit by the boulder are <status>Stunned</status> for {{ monsterstunduration }} seconds.{{ spellmodifierdescriptionappend }}","['magic_damage', 'aoe', 'skillshot', 'slow', 'stun', 'mana_cost', 'cooldown_reduction', 'ultimate_cooldown']","Taliyah throws rocks in an area, dealing magic damage and slowing/enemy stunning on subsequent hits. Ultimate cast on worked ground slows and stuns enemies."
Taliyah,W,Seismic Shove,"Taliyah quakes the earth, <status>Knocking</status> enemies in an area in the chosen direction.{{ spellmodifierdescriptionappend }}","['aoe', 'knockup_or_knockback', 'skillshot', 'targeted']",Taliyah creates an area effect skillshot that knocks up enemies in a chosen direction.
Taliyah,E,Unraveled Earth,"Taliyah scatters loose stones in an area, <status>Slowing</status> enemies hit by {{ slowpercent*100 }}% and dealing <magicDamage>{{ scatterdamage }} magic damage</magicDamage>. The stones detonate when enemies dash or are <status>Knocked</status> through them, <status>Stunning</status> for the remaining movement duration + {{ stunduration }} seconds and dealing <magicDamage>{{ detonationdamage }} magic damage</magicDamage>.{{ spellmodifierdescriptionappend }}","['aoe', 'magic_damage', 'slow', 'stun', 'damage_over_time', 'engage_tool', 'poke_tool', 'waveclear_tool']","Taliyah's Scatter the Stones ability slows and deals magic damage to enemies in an area, with additional stunning and damage on impact with knocked or dashed enemies."
Taliyah,R,Weaver's Wall,"Taliyah creates a massive earthen wall for {{ e1 }} seconds. If she immediately <recast>Recasts</recast>, she will ride along the wall as it unravels. Moving or being immobilized will end the ride.<br /><br />This ability cannot be cast if Taliyah has taken damage from Champions or structures within the last {{ damagelockouttime }} seconds.{{ spellmodifierdescriptionappend }}","['trap', 'ground_targeted', 'no_damage', 'no_cost', 'ultimate_cooldown', 'engage_tool', 'self_setup', 'combo_starter']","Taliyah creates a massive earthen wall that can be ridden, engaging the enemy and setting up for a follow-up."
Talon,Passive,Blade's End,"Talon's spells Wound champions and large monsters, stacking up to 3 times. When Talon attacks a champion with 3 stacks of Wound, they bleed for heavy damage over time.","['aoe', 'damage_over_time', 'enemy_targeted', 'level_scaling', 'missing_or_max_health_scaling', 'no_cost', 'persistent_area_or_trap', 'poke_tool', 'sustain_over_time']","Talon's Wound ability deals damage over time to champions with 3 stacks, creating a persistent area effect that can be used as a poke tool."
Talon,Q,Noxian Diplomacy,"Talon leaps to a target and deals <physicalDamage>{{ leapdamage }} physical damage</physicalDamage>. If used in melee range, this Ability instead critically strikes for <physicalDamage>{{ criticaldamage }} physical damage</physicalDamage>.<br /><br />If this Ability kills the target, Talon restores <healing>{{ totalhealing }} Health</healing> and refunds {{ cooldownrefund*100 }}% of its Cooldown.{{ spellmodifierdescriptionappend }}","['melee_range', 'conditional_effect', 'self_cast', 'single_target', 'physical_damage', 'self_heal', 'cooldown_refund']","Talon's ability allows for a ranged or melee leap that deals physical damage and can critically strike. Upon kill, it provides healing and cooldown refund."
Talon,W,Rake,"Talon tosses a volley of blades, dealing <physicalDamage>{{ totalinitialdamage }} physical damage</physicalDamage>. The blades then return to him, dealing <physicalDamage>{{ totalreturndamage }} physical damage</physicalDamage> and <status>Slowing</status> by {{ movespeedslow*100 }}% for {{ slowduration }} second.{{ spellmodifierdescriptionappend }}","['physical_damage', 'aoe', 'skillshot', 'slow', 'followup_only', 'medium_cooldown']",Talon's ability deals physical damage in an area and slows enemies when they return to him.
Talon,E,Assassin's Path,Talon vaults over the nearest terrain or structure. Talon cannot dash over the same terrain more than once every {{ wallcd }} seconds.{{ spellmodifierdescriptionappend }},"['melee_range', 'dash', 'self_cast', 'cannot_hit_structures', 'low_cooldown', 'engage_tool', 'mobility_reposition']","Talon's dash ability allows him to quickly move over terrain and structures, engaging enemies and repositioning himself. The ability has a low cooldown and can be used as an engage tool."
Talon,R,Shadow Assault,"Talon disperses a ring of blades that deal <physicalDamage>{{ damage }} physical damage</physicalDamage>, gains <speed>{{ movespeed*100 }}% Move Speed</speed>, and becomes <keywordStealth>Invisible</keywordStealth> for {{ duration }} seconds. When the <keywordStealth>Invisibility</keywordStealth> ends, the blades return to Talon, dealing <physicalDamage>{{ damage }} physical damage</physicalDamage> again.<br /><br />If Talon cancels the <keywordStealth>Invisibility</keywordStealth> with an Attack or with <spellName>Noxian Diplomacy</spellName>, the blades return to the target instead.{{ spellmodifierdescriptionappend }}","['physical_damage', 'movespeed_buff', 'invisibility', 'self_cast', 'aoe', 'ground_targeted', 'ultimate_cooldown', 'engage_tool', 'combo_starter', 'combo_finisher']","Talon's ultimate ability creates a ring of blades that deal physical damage and grant movement speed while becoming invisible. Upon ending invisibility, the blades return to Talon, dealing damage again. Can be canceled early to target a specific enemy."
Taric,Passive,Bravado,"Spellcasts empower Taric's next 2 basic attacks to deal bonus magic damage, reduce his spell cooldowns, and attack in quick succession.","['passive_ability', 'magic_damage', 'spell_shield', 'level_scaling', 'ad_scaling']",Passive ability that empowers Taric's next 2 basic attacks with magic damage and reduces spell cooldowns.
Taric,Q,Starlight's Touch,<spellPassive>Passive:</spellPassive> Gain a stack (max {{ e6 }}) every {{ stackcooldown }} seconds and when hitting a <spellName>Bravado</spellName> Attack.<br /><br /><spellActive>Active:</spellActive> Consume all stacks to restore <healing>{{ healingperstack }} Health</healing> per stack to nearby ally champions (<healing>{{ maxstackhealing }}</healing> at {{ e6 }} stacks).{{ spellmodifierdescriptionappend }},"['passive_ability', 'ally_heal', 'sustain_over_time', 'level_scaling', 'mana_cost', 'no_cost', 'low_cooldown']","A passive ability that provides healing to nearby allies over time, with an active component that consumes stacks to heal more significantly. The healing scales with the number of stacks and has low cooldown."
Taric,W,Bastion,"<spellPassive>Passive: </spellPassive>Taric gains <scaleArmor>{{ bonusarmor }} Armor</scaleArmor> and forms a tether between him and the ally bound by this Ability. As long as they are near each other, the ally gains <scaleArmor>{{ bonusarmor }} Armor</scaleArmor> and Taric casts all his Abilities from both himself and his linked ally.<br /><br /><spellPassive>Active: </spellPassive>Taric binds to an ally champion, granting a <shield>{{ e2 }}% max Health Shield</shield> for {{ e3 }} seconds.{{ spellmodifierdescriptionappend }}","['passive_ability', 'armor', 'shield', 'ally_targeted', 'sustain_over_time', 'level_scaling']","Taric gains armor and forms a tether with an allied champion, providing them with armor and allowing Taric to cast abilities on both himself and the ally."
Taric,E,Dazzle,"Taric projects a beam of starlight, bursting after {{ e3 }} second to deal <magicDamage>{{ totaldamage }} magic damage</magicDamage> and <status>Stun</status> enemies for {{ e2 }} seconds.{{ spellmodifierdescriptionappend }}","['magic_damage', 'stun', 'skillshot', 'targeted', 'damage_over_time', 'engage_tool', 'combo_finisher']","Taric's ability deals magic damage and stuns enemies in a skillshot over time, serving as an engage and combo finisher."
Taric,R,Cosmic Radiance,"Taric calls down protection from the heavens. After {{ initialdelay }} seconds, nearby ally champions become invulnerable for {{ invulnduration }} seconds.{{ spellmodifierdescriptionappend }}","['invulnerability_or_stasis', 'self_setup', 'ultimate_cooldown', 'team_utility', 'peel_tool']","Taric's ultimate ability provides temporary invulnerability to nearby allied champions, setting up a defensive position and protecting them from incoming damage."
Teemo,Passive,Guerrilla Warfare,"If Teemo stands still and takes no actions for a short duration, he becomes Invisible indefinitely. If he's in brush, Teemo can enter and maintain his Invisibility while moving. After leaving Invisibility, Teemo gains the Element of Surprise, increasing his Attack Speed for a few seconds.","['passive_ability', 'invisibility', 'stealth', 'attack_speed_buff', 'element_of_surprise']","Teemo's passive ability allows him to become invisible when idle, providing stealth and an attack speed buff upon reappearing."
Teemo,Q,Blinding Dart,"Teemo fires a dart, <status>Blinding</status> the target for {{ blindduration }} seconds and dealing <magicDamage>{{ calculateddamage }} magic damage</magicDamage>.{{ spellmodifierdescriptionappend }}","['magic_damage', 'blind', 'soft_cc', 'enemy_targeted', 'instant_cast', 'low_cooldown', 'poke_tool']","Teemo's Blinding Dart instantly targets an enemy, applying a blind effect and dealing magic damage with low cooldown, serving as a poke tool."
Teemo,W,Move Quick,"<spellPassive>Passive:</spellPassive> Teemo gains <speed>{{ passivemovespeedbonus*100 }}% Move Speed</speed> while he hasn't been damaged by a champion or turret in the last {{ passivecooldownondamagetaken }} seconds.<br /><br /><spellActive>Active:</spellActive> Teemo sprints, gaining <speed>{{ activemovespeedbonus*100 }}% Move Speed</speed> that is not lost when struck for {{ activemovespeedbuffduration }} seconds.{{ spellmodifierdescriptionappend }}","['self_cast', 'movespeed_buff', 'mobility_reposition', 'instant_cast', 'self_setup']",Teemo's passive increases his movement speed when not damaged by champions or turrets recently. The active allows him to sprint with a temporary speed boost that persists after taking damage.
Teemo,E,Toxic Shot,"<spellPassive>Passive:</spellPassive> Teemo's Attacks apply poison, dealing an additional <magicDamage>{{ impactcalculateddamage }} magic damage</magicDamage> plus <magicDamage>{{ totaldotdamage }} magic damage</magicDamage> over {{ poisonduration }} seconds.{{ spellmodifierdescriptionappend }}","['passive_ability', 'magic_damage', 'damage_over_time', 'no_cost', 'instant_cast']","Teemo's passive ability poisons his attacks, dealing magic damage over time with no cost."
Teemo,R,Noxious Trap,Teemo tosses a mushroom trap that detonates when stepped on. The traps <status>Slow</status> by {{ slowamount }}% and deal <magicDamage>{{ totaldamage }} magic damage</magicDamage> over {{ debuffduration }} seconds. Enemies are revealed for the same duration.<br /><br />Traps last {{ mushroomduration }} minutes and are stealthed. A mushroom tossed onto another mushroom bounces before landing at its position. This Ability has {{ maxammo }} charges ({{ ammorechargetime }} second refresh).<br />{{ spellmodifierdescriptionappend }},"['aoe', 'slow', 'magic_damage', 'ground_targeted', 'trap', 'reveals_stealth', 'persistent_area_or_trap', 'ammo_or_charges', 'low_cooldown']","Teemo's trap slows enemies and deals magic damage over time in an area, revealing them. The traps can bounce and have multiple charges with low cooldown."
Thresh,Passive,Damnation,"Thresh can harvest the souls of enemies that die near him, permanently granting him Armor and Ability Power.","['passive_ability', 'armor', 'ability_power', 'sustain_over_time']",Passive ability that grants Thresh permanent Armor and Ability Power when enemies die nearby.
Thresh,Q,Death Sentence,"Thresh throws out his scythe, <status>Stunning</status> the first unit hit and <status>Pulling</status> them towards Thresh for {{ tauntlength }} seconds. The scythe does <magicDamage>{{ totaldamage }} magic damage</magicDamage> and also grants <keywordStealth>True Sight</keywordStealth> for the duration.<br /><br />Thresh can <recast>Recast</recast> this Ability to pull himself to the enemy.<br /><br />If this Ability hits, its Cooldown is reduced by {{ hitbonuscooldown }} seconds.{{ spellmodifierdescriptionappend }}","['stun', 'pull', 'magic_damage', 'true_sight', 'recast', 'self_reposition', 'low_cooldown', 'ultimate_cooldown', 'combo_finisher', 'frontline_durability', 'anti_squishy']","Thresh's ultimate ability stuns and pulls the first unit hit, providing true sight and reducing cooldown on recast for self-repositioning."
Thresh,W,Dark Passage,"Thresh throws his lantern, allowing an ally to click on it to dash to Thresh.<br /><br />The lantern also grants <shield>{{ totalshield }} Shield</shield> for {{ shieldduration }} seconds to Thresh and the first ally champion to come in contact with it.{{ spellmodifierdescriptionappend }}","['ally_targeted', 'shield', 'self_cast', 'ground_targeted', 'instant_cast', 'team_utility', 'engage_tool', 'self_setup']",Thresh throws a lantern that provides shield to himself and an ally upon contact.
Thresh,E,Flay,"<spellPassive>Passive:</spellPassive> Thresh's Attacks deal additional damage based on how long since he last Attacked. They deal between <magicDamage>{{ pattackdamagemin }}</magicDamage> and <magicDamage>{{ pattackdamagemax }} magic damage</magicDamage>.<br /><br /><spellActive>Active:</spellActive> Thresh whips his chains, <status>Pulling</status> or <status>Pushing</status> enemies in the direction of the swing. Enemies hit are also <status>Slowed</status> by {{ e2 }}% for {{ e4 }} second and take <magicDamage>{{ totaldamage }} magic damage</magicDamage>.{{ spellmodifierdescriptionappend }}","['passive_ability', 'magic_damage', 'aoe', 'skillshot', 'slow', 'damage_over_time']","Thresh's passive increases his attack damage over time, while his active ability pulls or pushes enemies, slowing them and dealing magic damage over a duration."
Thresh,R,The Box,"Thresh creates a prison of spectral walls, <status>Slowing</status> champions by {{ e3 }}% for {{ e2 }} seconds and dealing <magicDamage>{{ totaldamage }} magic damage</magicDamage>. Walls break after one collision, and after one is broken, the rest deal no damage and <status>Slow</status> for half duration.{{ spellmodifierdescriptionappend }}","['slow', 'magic_damage', 'aoe', 'skillshot', 'targeted', 'channeled', 'low_cooldown', 'engage_tool', 'peel_tool', 'combo_finisher']","Thresh creates a prison of spectral walls that Slow and damage champions in an area over time. The walls break after one collision, reducing their effectiveness."
Tristana,Passive,Draw a Bead,Increases Tristana's Attack Range as she levels.,"['melee_range', 'level_scaling']",Increases Tristana's attack range as she gains levels.
Tristana,Q,Rapid Fire,"Tristana goes full-auto, gaining <attackSpeed>{{ attackspeedmod*100 }}% Attack Speed</attackSpeed> for {{ buffduration }} seconds.{{ spellmodifierdescriptionappend }}","['self_cast', 'attack_speed_debuff', 'ad_scaling', 'instant_cast', 'offensive_stat_buff', 'move_speed_buff']",Tristana's ability increases her attack speed and provides an ad scaling buff.
Tristana,W,Rocket Jump,"Tristana launches herself, dealing <magicDamage>{{ landingdamage }} magic damage</magicDamage> and <status>Slowing</status> by {{ slowmod*-100 }}% for {{ slowduration }} seconds upon landing.<br /><br />Champion takedowns and max stack <spellName>Explosive Charge</spellName> detonations on champions refresh this Ability's Cooldown.{{ spellmodifierdescriptionappend }}","['magic_damage', 'slow', 'ultimate_cooldown', 'combo_finisher', 'self_cast', 'enemy_targeted']","Tristana's ultimate ability launches her at an enemy, dealing magic damage and applying a slow effect upon impact."
Tristana,E,Explosive Charge,"<spellPassive>Passive: </spellPassive>Tristana's Attacks that kill enemies deal <magicDamage>{{ passivedamage }} magic damage</magicDamage> to surrounding enemies.<br /><br /><spellActive>Active:</spellActive> Tristana attaches a bomb to an enemy or turret that deals <physicalDamage>{{ activedamage }} physical damage</physicalDamage> to surrounding enemies after {{ activeduration }} seconds. The damage is increased by {{ activeperstackamp*100 }}% each time Tristana hits an Attack or Ability (max 4 stacks).<br /><br />At {{ activemaxstacks }} stacks, the bomb explodes immediately (max <physicalDamage>{{ activemaxdamage }} physical damage</physicalDamage>).{{ spellmodifierdescriptionappend }}","['magic_damage', 'physical_damage', 'aoe', 'skillshot', 'enemy_targeted', 'damage_over_time', 'damage_amp', 'ultimate_cooldown', 'poke_tool', 'burst_tool']","Tristana's passive deals magic damage to surrounding enemies on kills, while her active attaches a bomb to an enemy or turret that explodes after a duration or when max stacks are reached, dealing increasing physical damage in an area."
Tristana,R,Buster Shot,"Tristana fires a massive cannonball, dealing <magicDamage>{{ damagecalc }} magic damage</magicDamage> to the target, <status>Knocking Back</status> and <status>Stunning</status> them and surrounding enemies for {{ stunduration }} seconds.{{ spellmodifierdescriptionappend }}","['magic_damage', 'stun', 'knockup_or_knockback', 'aoe', 'targeted']",Tristana's ability deals magic damage and stuns the target and nearby enemies while knocking them back.
Trundle,Passive,King's Tribute,"When an enemy unit dies near Trundle, he heals for a percent of its maximum Health.","['passive_ability', 'self_heal', 'percent_health_damage', 'enemy_targeted', 'ultimate_cooldown', 'combo_finisher']","Trundle passively heals himself based on the killed enemy's maximum health, making it a powerful finisher in combos."
Trundle,Q,Chomp,"Trundle's next Attack deals <physicalDamage>{{ totaldamage }} physical damage</physicalDamage> and briefly <status>Slows</status> by {{ slowamount*100 }}%, then Trundle gains <physicalDamage>{{ bonusad }} Attack Damage</physicalDamage> for {{ sapdebuffduration }} seconds and the enemy loses <physicalDamage>{{ sappedad*-1 }} Attack Damage</physicalDamage> for the same duration.{{ spellmodifierdescriptionappend }}","['physical_damage', 'slow', 'attack_speed_debuff', 'self_cast', 'combo_starter', 'combo_finisher', 'ad_scaling', 'level_scaling']",Trundle's ability slows the target and temporarily buffs/debuffs his own and the enemy's attack damage.
Trundle,W,Frozen Domain,"Trundle freezes an area for {{ e4 }} seconds. While inside he gains <speed>{{ e1 }}% Move Speed</speed>, <attackSpeed>{{ e2 }}% Attack Speed</attackSpeed>, and {{ e3 }}% increased healing.{{ spellmodifierdescriptionappend }}","['zone', 'mobility_reposition', 'self_heal', 'sustain_over_time', 'speed_buff', 'attack_speed_buff', 'level_scaling']","Trundle creates a frozen zone that provides movement speed, attack speed, and healing buff to himself while inside."
Trundle,E,Pillar of Ice,"Trundle creates an icy pillar for {{ e1 }} seconds, briefly <status>Knocking Back</status> enemies directly over it and <status>Slowing</status> nearby enemies by {{ e2 }}%.{{ spellmodifierdescriptionappend }}","['skillshot', 'knockup_or_knockback', 'slow', 'aoe', 'enemy_targeted', 'duration']",Trundle creates an icy pillar that Knockbacks enemies directly over it and Slows nearby enemies.
Trundle,R,Subjugate,"Trundle drains the lifeforce of an enemy champion, dealing <magicDamage>{{ totalpercenthpdamage }} max Health magic damage</magicDamage> and stealing <scaleArmor>{{ armormrshred*100 }}% Armor</scaleArmor> and <scaleMR>Magic Resist</scaleMR> over {{ actualdurationofdrainbuff }} seconds.{{ spellmodifierdescriptionappend }}","['magic_damage', 'percent_health_damage', 'armor_mr_shred', 'sustained_damage', 'enemy_targeted', 'level_scaling']","Trundle drains an enemy champion's health, dealing magic damage and stealing armor and magic resist over time."
Tryndamere,Passive,Battle Fury,"Tryndamere gains Fury for each attack, critical strike, and killing blow he makes. Fury passively increases his Critical Strike Chance and can be consumed with his Bloodlust spell.","['passive_ability', 'ad_scaling', 'level_scaling', 'combo_starter', 'self_setup']","Tryndamere's passive ability increases his critical strike chance and fury generation based on attacks, critical strikes, and kills. Fury can be used to enhance his critical strike chance further through the Bloodlust spell."
Tryndamere,Q,Bloodlust,"<spellPassive>Passive:</spellPassive> Tryndamere thirsts for blood, gaining up to <scaleAD>{{ maximumbonusad }} Attack Damage</scaleAD> based on his missing Health.<br /><br /><spellActive>Active:</spellActive> Tryndamere consumes his <keywordMajor>Fury</keywordMajor>, restoring <healing>{{ baseheal }} plus {{ healperfury }} Health per Fury (max: {{ maximumheal }})</healing>. {{ spellmodifierdescriptionappend }}","['passive_ability', 'self_heal', 'ad_scaling', 'health_or_resists_scaling', 'missing_or_max_health_scaling']","Tryndamere's passive increases his attack damage based on missing health, while the active restores health using consumed fury."
Tryndamere,W,Mocking Shout,"Tryndamere hurls insults, reducing champions' Attack Damage by {{ adreduction*-1 }} for {{ reductionduration }} seconds and <status>Slowing</status> by {{ slowpotency*-100 }}% while cowering from him for {{ slowduration }} seconds.{{ spellmodifierdescriptionappend }}","['soft_cc', 'slow', 'ad_scaling', 'enemy_targeted', 'cast_time', 'medium_cooldown', 'combo_finisher']",Tryndamere reduces enemy AD and slows them while they attempt to attack him.
Tryndamere,E,Spinning Slash,"Tryndamere spins through his enemies, dealing <physicalDamage>{{ totaldamage }} physical damage</physicalDamage> and generating <keywordMajor>{{ nonchampfurygain }} Fury</keywordMajor> per enemy hit, increased to <keywordMajor>{{ champfurygain }} Fury</keywordMajor> against enemy champions.<br /><br />This Ability's Cooldown is reduced by {{ nonchampcdrefund }} seconds when Tryndamere critically strikes, and reduced by {{ champcdrefund }} seconds when critically striking a champion.{{ spellmodifierdescriptionappend }}","['physical_damage', 'no_damage', 'skillshot', 'targeted', 'sustain_over_time', 'ad_scaling', 'low_cooldown', 'engage_tool', 'combo_starter', 'combo_finisher']","Tryndamere's Q ability deals physical damage to enemies and generates Fury, with cooldown reduction on critical strikes."
Tryndamere,R,Undying Rage,"Tryndamere becomes completely immune to death for {{ e3 }} seconds, refusing to be reduced below {{ e2 }} Health, and instantly gains <keywordMajor>{{ e1 }} Fury</keywordMajor>.{{ spellmodifierdescriptionappend }}","['invulnerability_or_stasis', 'resistances_buff', 'self_heal', 'ultimate_cooldown', 'self_setup', 'combo_starter']","Tryndamere becomes invulnerable and gains health and fury, setting up potential combos."
TwistedFate,Passive,Loaded Dice,"Upon killing a unit, Twisted Fate rolls his 'lucky' dice receiving 1 to 6 bonus gold.","['passive_ability', 'no_damage', 'self_heal', 'ally_heal', 'sustain_over_time']","Twisted Fate gains gold upon killing units, passively providing economic benefit."
TwistedFate,Q,Wild Cards,Twisted Fate throws three cards that deal <magicDamage>{{ totaldamage }} magic damage</magicDamage> each.{{ spellmodifierdescriptionappend }},"['magic_damage', 'aoe', 'skillshot', 'enemy_targeted', 'low_cooldown', 'ultimate_cooldown', 'combo_starter', 'combo_finisher']",Twisted Fate's ability deals magic damage to multiple enemies with a skillshot.
TwistedFate,W,Pick a Card,"Twisted Fate begins shuffling his deck, allowing him to <recast>Recast</recast> to lock in one of three cards and enhance his next Attack.<br /><li>The Blue Card deals <magicDamage>{{ bluedamage }} magic damage</magicDamage> and restores <scaleMana>{{ e6 }} Mana</scaleMana>.<li>The Red Card deals <magicDamage>{{ reddamage }}</magicDamage> to nearby enemies and <status>Slows</status> by {{ e2 }}% for 2.5 seconds.<li>The Gold Card deals <magicDamage>{{ golddamage }}</magicDamage> and <status>Stuns</status> for {{ e3 }} seconds.{{ spellmodifierdescriptionappend }}","['magic_damage', 'heal', 'slow', 'stun', 'ultimate_cooldown', 'ally_targeted', 'enemy_targeted', 'channeled', 'persistent_area_or_trap']","Twisted Fate's ability allows him to recast and choose between three cards, each dealing magic damage and applying various effects on enemies or healing himself."
TwistedFate,E,Stacked Deck,<spellPassive>Passive:</spellPassive> Twisted Fate gains <attackSpeed>{{ attackspeedbonus }}% Attack Speed</attackSpeed> and every 4th Attack deals an additional <magicDamage>{{ bonusdamage }} magic damage</magicDamage>.{{ spellmodifierdescriptionappend }},"['passive_ability', 'attack_speed_debuff', 'magic_damage', 'sustain_over_time']",Twisted Fate's passive increases his attack speed and deals additional magic damage on every 4th attack.
TwistedFate,R,Destiny,"Twisted Fate focuses on his cards, granting <keywordStealth>True Sight</keywordStealth> of all enemy champions on the map for {{ e1 }} seconds and allowing him to <recast>Recast</recast>.<br /><br /><recast>Recast</recast>: Twisted Fate teleports up to {{ e4 }} units away.{{ spellmodifierdescriptionappend }}","['stealth_reveal', 'teleport', 'recast', 'global_range', 'no_damage', 'self_cast']",Twisted Fate's ability reveals all enemy champions on the map and allows for a global teleport upon recasting.
Twitch,Passive,Deadly Venom,"Twitch's basic attacks infect the target, dealing true damage each second.","['true_damage', 'damage_over_time', 'enemy_targeted', 'sustain_over_time']","Twitch's basic attacks infect the target, dealing true damage over time."
Twitch,Q,Ambush,"Twitch <keywordStealth>Camouflages</keywordStealth> and gains <speed>{{ movespeedmod }}% Move Speed</speed> for {{ stealthduration }} seconds. The Move Speed increases to {{ hiddenspeed }}% while near an enemy champion that can't see him. After exiting <keywordStealth>Camouflage</keywordStealth>, Twitch gains <attackSpeed>{{ attackspeedmod*100 }}% Attack Speed</attackSpeed> for {{ attackspeedduration }} seconds.<br /><br />When an enemy champion dies while afflicted with <keywordMajor>Venom</keywordMajor>, this Ability's Cooldown is refreshed.{{ spellmodifierdescriptionappend }}","['self_cast', 'mobility_reposition', 'stealth', 'attack_speed_debuff', 'low_cooldown', 'engage_tool', 'backline_access']","Twitch's Camouflage ability allows him to move faster and gain attack speed after exiting camouflage, refreshing the cooldown when an enemy champion dies under Venom."
Twitch,W,Venom Cask,Twitch hurls a cask that adds a stack of <spellName>Deadly Venom</spellName> to all enemies struck and leaves behind a toxic cloud that persists for {{ duration }} seconds.<br /><br />Enemies that remain within the cloud are <status>Slowed</status> by {{ totalslowamount }}% and receive an additional stack of <spellName>Deadly Venom</spellName> each second.{{ spellmodifierdescriptionappend }},"['aoe', 'poison', 'slow', 'stacking_damage', 'zone', 'debuff']",Twitch's ability deals damage over time and applies a slow effect to enemies in a persistent area.
Twitch,E,Contaminate,"Deals <physicalDamage>{{ basedamage }} physical damage</physicalDamage> to all nearby enemies affected by <spellName>Deadly Venom</spellName>, plus an additional <physicalDamage>{{ physicaldamageperstack }} physical damage</physicalDamage> and <magicDamage>{{ magicdamageperstack }} magical damage</magicDamage> per stack of <spellName>Deadly Venom</spellName>.<br /><br />Max Damage: <physicalDamage>{{ maxphysicaldamage }} physical damage</physicalDamage> and <magicDamage>{{ maxmagicdamage }} magical damage</magicDamage>.{{ spellmodifierdescriptionappend }}","['aoe', 'physical_damage', 'magic_damage', 'mixed_damage', 'damage_over_time', 'enemy_targeted', 'stacked_effect', 'ultimate_cooldown', 'engage_tool', 'burst_tool']","AOE ability that deals physical and magical damage over time to enemies affected by Deadly Venom, with increased damage on ultimate use."
Twitch,R,Spray and Pray,"Twitch unleashes his crossbow, gaining {{ bonusrange }} Attack Range and <scaleAD>{{ bonusad }} Attack Damage</scaleAD>, and causing his Attacks to become piercing bolts for {{ duration }} seconds. These bolts hit all enemies they pass through, but deal {{ falloffdamage*100 }}% less damage to subsequent targets, down to a minimum of {{ minimumfalloffdamage*100 }}% damage.<br />{{ spellmodifierdescriptionappend }}","['melee_range', 'ad_scaling', 'aoe', 'skillshot', 'pierce', 'damage_falloff']","Twitch's ability increases his attack range and deals piercing damage to multiple targets, with reduced damage to subsequent targets."
Udyr,Passive,Bridge Between,"Udyr has four basic Abilities that swap between Stances and can Recast an Ability to renew it with Ultimate benefits. Additionally, after using an Ability, Udyr's next two Attacks gain Attack Speed.","['passive_ability', 'self_cast', 'attack_speed_debuff', 'level_scaling']",Swaps between Stances and recasts Abilities with Ultimate benefits; next two attacks gain attack speed.
Udyr,Q,Wilding Claw,"<spellActive>Claw Stance:</spellActive> Udyr gains <attackSpeed>{{ attackspeedbase*100 }}% Attack Speed</attackSpeed> and his Attacks deal <physicalDamage>{{ onhitdamage }} physical damage</physicalDamage> %i:OnHit% <OnHit>On-Hit</OnHit> for {{ attackspeeddurationbase }} seconds. Additionally, Udyr's next two Attacks in this stance deal a bonus <physicalDamage>{{ maxhponhit1 }} max Health physical damage</physicalDamage> and gain {{ attackrange }} range.<br /><br /><keywordMajor>Awaken:</keywordMajor> Increase bonus <attackSpeed>Attack Speed</attackSpeed> to <attackSpeed>{{ empoweredtotalas }}</attackSpeed> and max Health damage to <physicalDamage>{{ q2totalonhithpdamage }}</physicalDamage>. Additionally, Udyr's next two Attacks call lightning six times, dealing a total of <magicDamage>{{ empoweredlightningbonusmax }} max Health magic damage</magicDamage> to isolated targets (strikes bounce to other nearby targets when possible).<br />{{ spellmodifierdescriptionappend }}","['passive_ability', 'attack_speed_debuff', 'physical_damage', 'damage_over_time', 'ad_scaling', 'level_scaling', 'combo_starter']","Udyr's Claw Stance passively increases attack speed and deals physical damage on hit, with an empowered version that further boosts attack speed and introduces magic damage over time."
Udyr,W,Iron Mantle,"<spellPassive>Mantle Stance:</spellPassive> Udyr gains <shield>{{ totalshield }} Shield</shield> for {{ shieldduration }} seconds. Additionally, Udyr's next two Attacks gain {{ lifesteal*100 }}% Life Steal and restore <healing>{{ lifeonhit }} Health</healing>.<br /><br /><keywordMajor>Awaken:</keywordMajor> Gain <shield>{{ recastshield }} Shield</shield>, restore <healing>{{ recastheal }} Health</healing> over {{ shieldduration }} seconds, and Udyr's next two Attacks instead have {{ lifesteal*200 }}% Life Steal and restore <healing>{{ lifeonhitawakened }} Health</healing>.<br />{{ spellmodifierdescriptionappend }}","['shield', 'self_heal', 'sustain_over_time', 'level_scaling', 'ad_scaling', 'health_or_resists_scaling']","Udyr gains shield and health over time on activation, with increased effectiveness on subsequent attacks."
Udyr,E,Blazing Stampede,"<spellActive>Stampede Stance:</spellActive> Udyr gains <speed>{{ movespeed*100 }}% Move Speed</speed>, decaying over {{ movespeedduration }} seconds. Additionally, Udyr's Attacks dash him to the target and <status>Stun</status> for {{ stunduration }} seconds ({{ icd }} second Cooldown per target).<br /><br /><keywordMajor>Awaken:</keywordMajor> Grants immunity to <status>Immobilizing</status> and <status>Disabling</status> effects and an additional <speed>{{ movespeedbonus }} Move Speed</speed> for {{ unstoppableduration }} seconds.{{ spellmodifierdescriptionappend }}","['movespeed_buff', 'stun', 'immortality_or_stasis', 'self_cast', 'no_damage', 'no_cost', 'low_cooldown', 'ultimate_cooldown', 'self_setup', 'invulnerability_or_stasis', 'anti_squishy', 'frontline_durability']","Udyr enters Stampede Stance, gaining increased movement speed and the ability to stun enemies with his attacks, while becoming immune to immobilizing and disabling effects. This ultimate can be used as a setup for engaging or as a defensive tool."
Udyr,R,Wingborne Storm,"<spellActive>Storm Stance:</spellActive> Udyr surrounds himself in a glacial storm for {{ buffduration }} seconds, dealing <magicDamage>{{ stormdamage }} magic damage</magicDamage> per second to nearby enemies and <status>Slowing</status> them by {{ slowpotency*100 }}%. Additionally, Udyr's next two Attacks in this stance deal <magicDamage>{{ pulsedamage }} magic damage</magicDamage> to enemies in the storm.<br /><br /><keywordMajor>Awaken:</keywordMajor> Unleash the storm, causing it to follow Udyr's last Attacked enemy, deal an additional <magicDamage>{{ percenthpblast }} max Health magic damage</magicDamage> over the duration, and <status>Slow</status> by an additional {{ empoweredslow }}.{{ spellmodifierdescriptionappend }}","['magic_damage', 'sustained_damage', 'slow', 'aoe', 'enemy_targeted', 'ultimate_cooldown', 'combo_finisher']","Udyr surrounds himself with a glacial storm that deals magic damage over time and slows enemies. The ultimate ability allows Udyr to unleash the storm on his last attacked target, dealing additional max health damage and increasing the slow effect."
Urgot,Passive,Echoing Flames,"Urgot's basic attacks and Purge periodically trigger blasts of flame from his legs, dealing physical damage.","['physical_damage', 'periodic', 'aoe', 'skillshot', 'self_cast', 'ad_scaling', 'medium_cooldown']",Urgot's basic attacks and Purge periodically trigger flame blasts that deal physical damage in an area around him.
Urgot,Q,Corrosive Charge,"Urgot fires an explosive charge, dealing <physicalDamage>{{ totaldamage }} physical damage</physicalDamage> and <status>Slowing</status> by {{ slowamount*100 }}% for {{ slowduration }} seconds.{{ spellmodifierdescriptionappend }}","['physical_damage', 'slow', 'targeted', 'damage_reduction_buff', 'medium_cooldown', 'combo_finisher']","Urgot's ability deals physical damage and applies a slow effect to a targeted enemy, reducing their movement speed."
Urgot,W,Purge,"<spellPassive>Passive:</spellPassive> Urgot's other Abilities mark the last champion hit for 5 seconds.<br /><br /><spellActive>Active:</spellActive> Urgot begins firing his chain gun at the closest enemy, prioritizing marked enemies. He Attacks them {{ e8 }} times a second dealing <physicalDamage>{{ damagepershot }} physical damage</physicalDamage> per shot. Urgot can move while firing and has {{ e2 }}% <status>Slow</status> resistance, but loses <speed>{{ e5 }} Move Speed</speed>.<br /><br />At max rank, this Ability lasts indefinitely and can be <toggle>Toggled</toggle> on and off.{{ spellmodifierdescriptionappend }}","['active', 'enemy_targeted', 'physical_damage', 'slow', 'self_cast', 'toggle_ability', 'medium_range', 'ad_scaling', 'no_cost', 'medium_cooldown', 'combo_starter']","Urgot's active ability marks the last hit champion and allows him to fire a chain gun at the target, dealing physical damage and providing slow resistance. The ability can be toggled on and off, lasting indefinitely at max rank."
Urgot,E,Disdain,"Urgot charges forward, gaining <shield>{{ etotalshieldhealth }} Shield</shield> for {{ eshieldduration }} seconds. The first champion hit is <status>Stunned</status> for {{ stunduration }} seconds and thrown behind Urgot. All enemies Urgot collides with take <physicalDamage>{{ edamage }} physical damage</physicalDamage>.{{ spellmodifierdescriptionappend }}","['shield', 'stun', 'knockup_or_knockback', 'skillshot', 'targeted', 'hard_cc', 'physical_damage', 'aoe']","Urgot charges forward, shielding himself and stunning/knocking up the first champion hit, dealing physical damage to all enemies in his path."
Urgot,R,Fear Beyond Death,"Urgot fires a chem-drill, impaling the first champion hit, dealing <physicalDamage>{{ rcalculateddamage }} physical damage</physicalDamage> and <status>Slowing</status> for {{ rslowduration }} seconds by 1% per 1% missing Health, up to {{ rmovespeedmod }}%.<br /><br />If the impaled victim falls below {{ rhealththreshold }}% Health, Urgot can <recast>Recast</recast> this Ability, <status>Suppressing</status> the victim and dragging them to himself. On reaching Urgot, they are killed and nearby enemies are <status>Feared</status> for {{ rfearduration }} seconds.{{ spellmodifierdescriptionappend }}","['physical_damage', 'slow', 'self_cast', 'enemy_targeted', 'combo_finisher', 'ultimate_cooldown', 'suppress', 'fear', 'kill_target']","Urgot's ultimate ability impales an enemy, slowing them based on missing health and allowing for a recast to suppress, drag, and kill the target while fearing nearby enemies."
Varus,Passive,Living Vengeance,"On kill or assist, Varus temporarily gains Attack Damage and Ability Power. This bonus is larger if the enemy is a champion.","['passive_ability', 'ad_scaling', 'ap_scaling', 'level_scaling']","Passive ability that provides AD and AP bonuses on kill or assist, with bonuses scaling with level."
Varus,Q,Piercing Arrow,"<attention>Begin Charging:</attention> Varus draws back his next shot, <status>Slowing</status> himself by {{ e7 }}%. After {{ e5 }} seconds, if not fired, Varus will cancel the Ability and refund {{ e4 }}% of its Mana cost.<br /><br /><attention>Release:</attention> Varus releases the arrow, dealing <physicalDamage>{{ totaldamagemintooltip }} physical damage</physicalDamage>, reduced by {{ e3 }}% per enemy hit (minimum {{ e9 }}%). Damage and <keywordMajor>Blight</keywordMajor> detonation effects are increased by up to {{ maxchargeamp*100 }}% based on charge time (maximum <physicalDamage>{{ totaldamagemax }}</physicalDamage>) .{{ spellmodifierdescriptionappend }}","['self_cast', 'skillshot', 'physical_damage', 'slow', 'damage_amp', 'level_scaling', 'mana_cost', 'instant_cast']","Varus charges his next shot, slowing himself and increasing the damage of the shot over time. The damage scales with the charge time."
Varus,W,Blighted Quiver,"<spellPassive>Passive: </spellPassive>Varus' Attacks deal an additional <magicDamage>{{ onhitdamage }} magic damage</magicDamage> and apply a <keywordMajor>Blight</keywordMajor> stack for {{ e3 }} seconds (max {{ e4 }} stacks).<br /><br />Varus' other Abilities detonate <keywordMajor>Blight</keywordMajor> stacks dealing <magicDamage>{{ percenthpperstack }} max Health magic damage</magicDamage> per stack (max <magicDamage>{{ maxpercenthpperstack }} max Health damage</magicDamage>). Detonating <keywordMajor>Blight</keywordMajor> on champions and epic monsters also reduces his basic Abilities' Cooldowns by {{ cdrperblightstack*100 }}% of their Maximum per stack.<br /><br /><spellActive>Active:</spellActive> Varus' next <spellName>Piercing Arrow</spellName> deals an additional <magicDamage>{{ qempowerpercenthp }} missing Health magic damage</magicDamage>, increased up to <magicDamage>{{ maxqempowerpercenthp }} missing Health damage</magicDamage> based on charge time.{{ spellmodifierdescriptionappend }}","['passive_ability', 'magic_damage', 'damage_over_time', 'percent_health_damage', 'ultimate_cooldown', 'combo_starter', 'combo_finisher']","Varus's passive ability deals magic damage over time and applies stacks that can be detonated by other abilities for additional magic damage based on max health. The active ability, Piercing Arrow, can deal increased magic damage based on missing health when charged."
Varus,E,Hail of Arrows,"Varus fires a hail of arrows that deals <physicalDamage>{{ totaldamage }} physical damage</physicalDamage> and desecrates the ground for {{ e3 }} seconds, <status>Slowing</status> enemies by {{ slowpercent*-100 }}% and applying {{ grievousamount*100 }}% Grievous Wounds.{{ spellmodifierdescriptionappend }}","['aoe', 'physical_damage', 'slow', 'debuff', 'ground_targeted', 'medium_range', 'combo_finisher', 'poke_tool']","Varus's ability deals physical damage to enemies in an area and applies a slow effect, while also desecrating the ground."
Varus,R,Chain of Corruption,"Varus flings out a tendril of corruption, <status>Rooting</status> the first champion hit for {{ e2 }} seconds and dealing <magicDamage>{{ totaldamage }} magic damage</magicDamage>. <status>Rooted</status> enemies gain {{ e4 }} <keywordMajor>Blight</keywordMajor> stacks over the duration.<br /><br />The corruption spreads from its target to uninfected enemy champions. If it reaches them, they take the same damage and <status>Root</status>.{{ spellmodifierdescriptionappend }}","['root', 'magic_damage', 'aoe', 'spread', 'debuff', 'enemy_targeted']","Varus's ability roots the first champion hit and deals magic damage. The effect spreads to other nearby enemies, rooting them as well."
Vayne,Passive,Night Hunter,"Vayne ruthlessly hunts evil-doers, gaining Move Speed when moving toward nearby enemy champions.","['movespeed_buff', 'self_cast', 'enemy_targeted', 'mobility_reposition', 'engage_tool']","Vayne's ability increases her movement speed when targeting enemy champions, aiding in pursuit and engagement."
Vayne,Q,Tumble,"Vayne rolls a short distance, and deals an additional <physicalDamage>{{ adratiobonus }} physical damage</physicalDamage> on her next Attack.<br /><br /><rules>This Ability triggers spell effects upon dealing damage.</rules>{{ spellmodifierdescriptionappend }}","['melee_range', 'instant_cast', 'self_cast', 'physical_damage', 'ad_scaling', 'combo_starter', 'followup_only']","Vayne's E ability allows her to move and deal additional physical damage on her next attack, serving as a combo starter and follow-up attack."
Vayne,W,Silver Bolts,<spellPassive>Passive</spellPassive>: Every third consecutive Attack or Ability against an enemy deals an additional <trueDamage>{{ totaldamage }} max Health true damage</trueDamage>.{{ spellmodifierdescriptionappend }},"['true_damage', 'percent_health_damage', 'combo_finisher', 'self_setup', 'ultimate_cooldown', 'level_scaling']","This passive ability deals true damage equal to the target's maximum health over time on every third attack or ability, scaling with the champion's level."
Vayne,E,Condemn,"Vayne fires a bolt that <status>Knocks Back</status> and deals <physicalDamage>{{ totaldamage }} physical damage</physicalDamage>. If the target collides with terrain, they take <physicalDamage>{{ empowereddamagett }} bonus physical damage</physicalDamage> and become <status>Stunned</status> for {{ stunduration }} seconds. {{ spellmodifierdescriptionappend }}","['skillshot', 'knockup_or_knockback', 'physical_damage', 'stun', 'aoe']","Vayne's ability knocks back and deals physical damage to the target, potentially stunning them if they collide with terrain."
Vayne,R,Final Hour,"Vayne gains <physicalDamage>{{ bonusattackdamage }} Attack Damage</physicalDamage> for {{ baseduration }} seconds, extended by {{ durationtoadd }} seconds whenever a champion damaged by Vayne dies within {{ damagedmarkerduration }} seconds. Additionally, during the duration:<li><spellName>Night Hunter</spellName> instead grants <speed>{{ movementspeed }} Move Speed</speed>.<li>The Cooldown of <spellName>Tumble</spellName> is reduced by {{ tumblecdreduction }}%, and grants <keywordStealth>Invisibility</keywordStealth> for {{ tumblestealthduration }} second.{{ spellmodifierdescriptionappend }}","['passive_ability', 'ad_scaling', 'level_scaling', 'self_setup', 'instant_cast', 'invisibility', 'stealth', 'mobility_reposition']",Vayne's passive ability provides attack damage over time that scales with her level and attack damage. It also reduces the cooldown of Tumble and grants invisibility when a champion damaged by Vayne dies within a certain duration.
Veigar,Passive,Phenomenal Evil Power,Veigar is the greatest Evil to ever strike at the hearts of Runeterra - and he's only getting bigger! Striking an enemy Champion with a spell or scoring a takedown grants Veigar permanently increased Ability Power.,"['passive_ability', 'ap_scaling', 'combo_finisher', 'self_setup']","Passive ability that increases Veigar's AP permanently when he hits an enemy champion or scores a takedown, serving as a combo finisher and self-setup tool."
Veigar,Q,Baleful Strike,"Veigar unleashes a bolt of dark energy, dealing <magicDamage>{{ totaldamage }} magic damage</magicDamage> to the first two enemies hit.<br /><br />If Veigar kills an enemy with this Ability, he gains {{ spell.veigarpassive:dqkillstacks }} stack of <keywordMajor>Phenomenal Evil</keywordMajor>. Large minions and large monsters grant {{ spell.veigarpassive:dqkillstackslarge }} stacks instead.{{ spellmodifierdescriptionappend }}","['magic_damage', 'aoe', 'enemy_targeted', 'low_cooldown', 'ultimate_cooldown', 'combo_finisher']",Veigar's ability deals magic damage to the first two enemies hit and can gain stacks of Phenomenal Evil on kill.
Veigar,W,Dark Matter,"Veigar summons dark matter from the sky, dealing <magicDamage>{{ totaldamage }} magic damage</magicDamage>.<br /><br />Every {{ spell.veigarpassive:pstacksperdarkmattercdr }} stacks of <keywordMajor>Phenomenal Evil</keywordMajor> reduce this Ability's Cooldown by {{ spell.veigarpassive:darkmattercdrincrement*100 }}%.{{ spellmodifierdescriptionappend }}","['magic_damage', 'ultimate_cooldown', 'cooldown_reduction', 'enemy_targeted']","Veigar summons dark matter to deal magic damage to enemies, with cooldown reduced by stacking passive."
Veigar,E,Event Horizon,"Veigar twists the edges of space, creating a cage that <status>Stuns</status> enemies that pass through for {{ e1 }} seconds. The cage lasts for 3 seconds.{{ spellmodifierdescriptionappend }}","['stun', 'skillshot', 'enemy_targeted', 'low_cooldown', 'ultimate_cooldown', 'combo_finisher']",Veigar's ultimate ability creates a stuning cage that lasts for 3 seconds and stuns enemies passing through for 1 second.
Veigar,R,Primordial Burst,"Veigar blasts an enemy champion with primal magic to deal between <magicDamage>{{ mindamage }} and {{ maxdamage }} magic damage</magicDamage>, increasing with the target's missing Health. Damage is maximized against enemies below 33% Health.{{ spellmodifierdescriptionappend }}","['magic_damage', 'true_damage', 'damage_reduction_buff', 'missing_or_max_health_scaling', 'enemy_targeted', 'no_cost', 'ultimate_cooldown', 'combo_finisher']","Veigar's ultimate ability deals magic damage that scales with the target's missing health, maximizing damage at 33% health or less."
Velkoz,Passive,Organic Deconstruction,"Vel'Koz's abilities apply <keywordName>Organic Deconstruction</keywordName> to enemies on hit. If 3 stacks are accumulated, the enemy will take a burst of true damage.","['true_damage', 'burst_damage', 'stacked_effect', 'aoe', 'enemy_targeted', 'ultimate_cooldown', 'combo_finisher']","Vel'Koz's abilities deal true damage over time, stacking up to three times before triggering a burst of damage."
Velkoz,Q,Plasma Fission,"Vel'Koz shoots a plasma bolt that deals <magicDamage>{{ totaldamage }} magic damage</magicDamage> and <status>Slows</status> by {{ slowamount*100 }}% decaying over {{ slowduration }} second(s). At the end of its range, on hitting a target, or on <recast>Recasting</recast>, the bolt splits and fires two new bolts at a 90 degree angle.<br /><br />Killing a unit with this restores <scaleMana>{{ tooltipmanarefund }} Mana</scaleMana>.{{ spellmodifierdescriptionappend }}","['magic_damage', 'slow', 'aoe', 'skillshot', 'self_cast', 'sustain_over_time', 'mana_cost']","Vel'Koz's ability deals magic damage and applies a slowing effect to a target, which splits into two additional bolts upon recast or hitting a target."
Velkoz,W,Void Rift,"Vel'Koz opens a rift to the void, dealing <magicDamage>{{ initialdamage }} magic damage</magicDamage>. The rift then erupts, dealing <magicDamage>{{ secondarydamage }} magic damage</magicDamage>.<br /><br />This Ability has 2 charges ({{ ammorechargetime }} second refresh).{{ spellmodifierdescriptionappend }}","['magic_damage', 'aoe', 'ultimate_cooldown', 'combo_starter', 'combo_finisher']","Vel'Koz's ultimate ability deals magic damage in two stages with area of effect, serving as both a combo starter and finisher."
Velkoz,E,Tectonic Disruption,"Vel'Koz disrupts a nearby area, causing it to explode, <status>Knocking Up</status> for {{ stunduration }} seconds and dealing <magicDamage>{{ totaldamage }} magic damage</magicDamage>. Enemies close to Vel'Koz will be <status>Knocked Back</status> instead of <status>Knocked Up</status>.{{ spellmodifierdescriptionappend }}","['aoe', 'skillshot', 'knockup_or_knockback', 'magic_damage', 'enemy_targeted', 'channeled']","Vel'Koz's ability creates an explosive area that knocks up or back enemies, dealing magic damage."
Velkoz,R,Life Form Disintegration Ray,"Vel'Koz channels a ray of energy that follows the cursor, dealing a total of <magicDamage>{{ totaldamage }} magic damage</magicDamage> over 2.5 seconds and <status>Slowing</status> by {{ e3 }}%. Deals <trueDamage>true damage</trueDamage> instead to enemies recently damaged by <spellName>Organic Deconstruction</spellName>.<br /><br />Enemies gain stacks of <keywordMajor>Deconstruction</keywordMajor> periodically while in the beam.{{ spellmodifierdescriptionappend }}","['magic_damage', 'true_damage', 'damage_over_time', 'slow', 'aoe', 'channeling', 'enemy_targeted', 'level_scaling']","Vel'Koz channels an energy beam that deals magic and true damage over time, slowing enemies and applying debuffs."
Vex,Passive,Doom 'n Gloom,"Vex periodically becomes empowered, causing her next basic Ability to fear enemies and interrupt dashes. Whenever a nearby enemy dashes, Vex applies a mark that can be consumed for bonus damage that also reduces the cooldown of her empowered state.","['combo_finisher', 'fear_or_taunt_or_charm', 'interrupt', 'self_setup', 'cooldown_reduction', 'mark', 'ground_targeted']","Vex's empowered basic attack fears enemies and interrupts dashes, applying a mark that reduces her empowered state's cooldown upon consumption."
Vex,Q,Mistral Bolt,"Vex launches a wave of mist that deals <magicDamage>{{ qdamagecalc }} magic damage</magicDamage>. After a delay, the wave becomes smaller and faster.<br /><br />Consumes <keywordMajor>Gloom</keywordMajor> on enemies hit.{{ spellmodifierdescriptionappend }}","['magic_damage', 'aoe', 'skillshot', 'consume_on_hit']",Vex launches a wave of mist that deals area-of-effect magic damage and consumes Gloom on hit.
Vex,W,Personal Space,Vex gains <shield>{{ shieldcalc }} Shield</shield> for {{ shieldduration }} seconds and emits a shockwave that deals <magicDamage>{{ wdamagecalc }} magic damage</magicDamage>.<br /><br />Consumes <keywordMajor>Gloom</keywordMajor> on enemies hit.{{ spellmodifierdescriptionappend }},"['shield', 'magic_damage', 'aoe', 'consume_on_hit', 'ultimate_cooldown', 'team_utility', 'poke_tool', 'engage_tool']","Vex gains a shield and deals area-of-effect magic damage to enemies, consuming their Gloom keyword on hit."
Vex,E,Looming Darkness,"Vex commands Shadow to fly to a location, increasing in size as it travels. Upon arriving, it deals <magicDamage>{{ edamagecalc }} magic damage</magicDamage> and <status>Slows</status> by {{ slowamount*100 }}% for {{ slowduration }} seconds.<br /><br />Killing an enemy with this ability reduces <keywordMajor>Doom'n Gloom's</keywordMajor> Cooldown by {{ gloomcdnonchamptooltip*100 }}%.<br /><br />Applies <keywordMajor>Gloom</keywordMajor> to enemies hit.{{ spellmodifierdescriptionappend }}","['magic_damage', 'slow', 'ultimate_cooldown', 'engage_tool', 'combo_finisher']",Vex's ability summons a shadow that slows enemies upon arrival and reduces the cooldown of her ultimate when an enemy is killed.
Vex,R,Shadow Surge,"Shadow excitedly surges forward, dealing <magicDamage>{{ spell.vexr:rdamagecalc }} magic damage</magicDamage> and marking the first enemy champion hit for 4 seconds.<br /><br /><recast>Recast</recast>: Dash to the marked champion, dealing <magicDamage>{{ spell.vexr:recastdamagecalc }} magic damage</magicDamage> on arrival.<br /><br />If the marked champion dies within {{ spell.vexr:takedownwindow }} seconds of taking damage from this Ability, its Cooldown is temporarily reset.{{ spellmodifierdescriptionappend }}","['magic_damage', 'aoe', 'skillshot', 'targeted', 'ultimate_cooldown', 'engage_tool', 'combo_finisher']","Vex's ultimate ability allows her to dash forward and mark an enemy champion, then dash to them dealing additional damage if they die within a certain time frame."
Vi,Passive,Blast Shield,Vi charges a shield over time. The shield can be activated by hitting an enemy with an ability.,"['shield', 'active_ability', 'skillshot', 'self_cast', 'medium_cooldown', 'ultimate_cooldown', 'engage_tool', 'team_utility']","Vi charges a shield that can be activated to hit an enemy, providing engage and team utility."
Vi,Q,Vault Breaker,"<charge>Begin Charging:</charge> Vi begins charging a powerful punch, <status>Slowing</status> herself by {{ e4 }}%.<br /><br /><release>Release:</release> Vi dashes forward dealing between <physicalDamage>{{ totaldamage }} and {{ maxdamagetooltip }} physical damage</physicalDamage> based on charge time and applying <spellName>Denting Blows</spellName> to all enemies hit. Vi stops upon colliding with an enemy champion, and <status>Knocks</status> them <status>Back</status>.{{ spellmodifierdescriptionappend }}","['enemy_targeted', 'skillshot', 'slow', 'knockup_or_knockback', 'damage_over_time', 'displacement_pull_or_push', 'ultimate_cooldown', 'engage_tool', 'burst_tool']","Vi charges and releases a punch that slows her, deals damage over time, knocks back enemies, and can be used as an engage and burst tool."
Vi,W,Denting Blows,"<spellPassive>Passive:</spellPassive> Every 3rd Attack on the same target deals an additional <physicalDamage>{{ totaldamagetooltip }} max Health physical damage</physicalDamage>, removes <scaleArmor>{{ shredamount }}% Armor</scaleArmor> and grants Vi <attackSpeed>{{ attackspeed }}% Attack Speed</attackSpeed> for {{ sharedbuffsduration }} seconds. It also reduces the remaining Cooldown of <spellName>Blast Shield</spellName> by {{ spell.vipassive:cdreductionon3hit }} seconds.{{ spellmodifierdescriptionappend }}","['physical_damage', 'percent_health_damage', 'armor_shred', 'attack_speed_buff', 'cooldown_reduction', 'self_setup', 'combo_starter']","This passive ability increases damage against the same target over time, reduces their armor, provides attack speed buff to the user, and reduces the cooldown of Blast Shield."
Vi,E,Relentless Force,Vi's next Attack deals <physicalDamage>{{ totaldamagetooltip }} physical damage</physicalDamage> to the target and enemies behind them.<br /><br />This Ability has 2 charges ({{ ammorechargetime }} second refresh).{{ spellmodifierdescriptionappend }},"['physical_damage', 'aoe', 'skillshot', 'enemy_targeted', 'chargeable', 'medium_range']","Vi's next attack deals physical damage to the target and nearby enemies, with a 2-charge mechanism."
Vi,R,Cease and Desist,"Vi singles out an enemy champion, revealing them and dashing unstoppably towards them. Upon reaching them, Vi <status>Knocks</status> them <status>Up</status> for {{ rstunduration }} seconds and deals <physicalDamage>{{ damage }} physical damage</physicalDamage>.<br /><br />Any other enemies Vi collides with are dealt damage, knocked aside, and <status>Stunned</status> for {{ secondarytargetstunduration }} seconds.{{ spellmodifierdescriptionappend }}","['enemy_targeted', 'ground_targeted', 'mobility_reposition', 'knockup_or_knockback', 'stun', 'aoe', 'engage_tool', 'combo_finisher']","Vi targets an enemy champion, dashes to them, and knocks them up while stunning nearby enemies."
Viego,Passive,Sovereign's Domination,"Enemies who fall before Viego become wraiths. By attacking a wraith, Viego temporarily seizes control of the dead enemy's body, healing for a percentage of his target's max health and gaining access to their basic abilities and items. He replaces their Ultimate with a free cast of his own.","['passive_ability', 'self_heal', 'ally_heal', 'combo_finisher', 'ultimate_cooldown', 'enemy_targeted', 'ground_targeted', 'level_scaling', 'percent_health_damage', 'pet_or_summon', 'combo_starter', 'self_setup', 'ultimate']","Allows Viego to seize control of fallen enemies, healing himself and gaining their abilities and items. The ability is a passive that becomes more powerful as Viego levels up."
Viego,Q,Blade of the Ruined King," <spellPassive>Passive:</spellPassive> Viego's Attacks deal an additional <physicalDamage>{{ totalpercenthealthonhit }} current Health physical damage</physicalDamage>. His first Attack against an enemy he has recently damaged with an Ability hits a second time, dealing <physicalDamage>{{ secondattackdamage }} physical damage</physicalDamage> and restoring <healing>{{ healmodvschamps*100 }}% of damage dealt as Health</healing>. These bonuses are kept during <keywordMajor>Possession</keywordMajor>.<br /><br /><spellActive>Active: </spellActive>Viego stabs forward, dealing <physicalDamage>{{ totaldamage }} physical damage</physicalDamage>.{{ spellmodifierdescriptionappend }}","['physical_damage', 'self_heal', 'ad_scaling', 'health_or_resists_scaling', 'level_scaling', 'combo_starter', 'combo_finisher', 'self_setup', 'followup_only', 'instant_cast']","Viego's passive deals physical damage based on target's health and heals him when attacking an enemy recently damaged by his abilities. The active is a ranged attack that can serve as both a start and finish to a combo, providing healing and damage."
Viego,W,Spectral Maw,"<charge>Begin Charging:</charge> Viego begins gathering Mist, <status>Slowing</status> himself by {{ selfslowpercent*100 }}%.<br /><br /><release>Release:</release> Viego dashes forward and hurls the gathered Mist. Deals <magicDamage>{{ totaldamage }} magic damage</magicDamage> and <status>Stuns</status> the first enemy hit for {{ stunduration }} to {{ maxstuntt }} seconds based on charge time.<br />{{ spellmodifierdescriptionappend }}","['self_cast', 'skillshot', 'slow', 'stun', 'magic_damage', 'ultimate_cooldown', 'engage_tool', 'combo_finisher']","Viego's ultimate ability allows him to slow and then stun an enemy with a skillshot, serving as both an engage and combo finisher."
Viego,E,Harrowed Path,"Viego sends forth a spectre to haunt the first terrain hit, surrounding it with Mist for {{ mistduration }} seconds. Viego gains <keywordStealth>Camouflage</keywordStealth>, <speed>{{ totalmovespeed }} Move Speed</speed>, and <attackSpeed>{{ attackspeed*100 }}% Attack Speed</attackSpeed> while inside the Mist.{{ spellmodifierdescriptionappend }}","['stealth', 'mobility_reposition', 'self_cast', 'buff', 'zone', 'reveals_stealth']","Sends a spectre to haunt terrain, granting Viego stealth, movement speed, and attack speed buffs within the created zone."
Viego,R,Heartbreaker,"Viego discards any souls he is currently <keywordMajor>Possessing</keywordMajor> and teleports. On arrival he Attacks the champion with the lowest percent Health, briefly <status>Slowing</status> them by {{ slowpercent*100 }}% and dealing <physicalDamage>{{ totaldamage }} + {{ totalpercenthealth }}% missing Health physical damage</physicalDamage>. Other nearby enemies are <status>Knocked Back</status> and take <physicalDamage>{{ totaldamage }} physical damage</physicalDamage>.{{ spellmodifierdescriptionappend }}","['teleport', 'targeted', 'single_target', 'slow', 'physical_damage', 'knockback', 'damage_reduction_buff', 'ultimate_cooldown', 'engage_tool', 'combo_finisher']","Viego teleports to the target with the lowest health, slows and deals physical damage, while also knocking back nearby enemies."
Viktor,Passive,Glorious Evolution,"Viktor gains Hex Fragments whenever he kills an enemy. With every 100 Hex Fragments he obtains, Viktor permanently augments an active ability. After upgrading all of his basic abilities, he can gather 100 Hex Fragments to augment his ultimate ability.","['passive_ability', 'ultimate_cooldown', 'level_scaling', 'combo_starter', 'combo_finisher', 'self_setup', 'followup_only']","Viktor's passive ability allows him to gain Hex Fragments upon killing enemies, which can be used to upgrade his abilities. The ultimate ability can only be augmented after all other abilities have been upgraded."
Viktor,Q,Siphon Power,"Viktor blasts an enemy, dealing <magicDamage>{{ totalmissiledamage }} magic damage</magicDamage> and granting Viktor <shield>{{ shieldlevelscaling }} Shield</shield> for {{ buffduration }} seconds.<br /><br />Viktor's next Attack within 4 seconds deals <magicDamage>{{ attacktotaldmg }} magic damage</magicDamage>.<br /><br /><keywordMajor>Upgraded:</keywordMajor> Grants <shield>{{ totalaugmentedshieldvalue }} Shield</shield> and Viktor additionally gains <speed>{{ augmentmovespeedbonus }}% Move Speed</speed> for {{ buffduration }} seconds.{{ spellmodifierdescriptionappend }}","['magic_damage', 'shield', 'self_cast', 'instant_cast', 'ad_scaling', 'ultimate_cooldown', 'team_utility', 'anti_squishy', 'combo_finisher']","Viktor's Q ability deals magic damage to an enemy and provides a shield to himself, with an additional move speed boost on upgrade. It serves as a strong finisher in combos against squishy targets."
Viktor,W,Gravity Field,"Viktor deploys a gravitational imprisonment device for {{ fieldduration }} seconds, <status>Slowing</status> enemies inside it by {{ slowpotency*-1 }}%. Enemies who remain within its radius for 1.25 seconds are <status>Stunned</status> for {{ stunduration }} seconds.<br /><br /><keywordMajor>Upgraded Passive:</keywordMajor> Viktor's Abilities <status>Slow</status> by {{ augmentslow }}% for 1 second.<br /><br /><br />{{ spellmodifierdescriptionappend }}","['soft_cc', 'slow', 'stun', 'duration', 'area_effect', 'ultimate_cooldown', 'engage_tool', 'team_utility']","Viktor's ultimate ability creates an area that slows and stuns enemies, serving as an engage and team utility tool."
Viktor,E,Hextech Ray,"Viktor fires a hextech ray in a chosen direction, dealing <magicDamage>{{ laserdamage }} magic damage</magicDamage> to any enemies it hits.<br /><br /><keywordMajor>Upgraded:</keywordMajor> An aftershock follows Hextech Ray, dealing <magicDamage>{{ aftershockdamage }} magic damage</magicDamage>.<br /><br /><br />{{ spellmodifierdescriptionappend }}","['magic_damage', 'aoe', 'skillshot', 'targeted', 'ultimate_cooldown', 'engage_tool', 'poke_tool', 'burst_tool']","Viktor's ultimate ability fires a hextech ray that deals magic damage to enemies it hits and an aftershock that provides additional damage. It can be used for engaging, poking, and dealing burst damage."
Viktor,R,Arcane Storm,"Viktor conjures an Arcane Storm in an area for {{ stormduration }} seconds, which instantly deals <magicDamage>{{ initialburstdamage }} magic damage</magicDamage> followed by <magicDamage>{{ subsequentburstdamage }} magic damage</magicDamage> per second to surrounding enemies. The storm automatically follows champions it has recently damaged.<br /><br /><recast>Recast:</recast> Viktor can manually move the storm.<br /><br /><keywordMajor>Upgraded:</keywordMajor> The storm moves {{ augmentboost*100 }}% faster. If a champion that the storm has damaged dies, the storm increases its size and its duration by {{ tooltip_durationextension }} seconds (up to {{ maxgrowths }} times).<br /><br />{{ spellmodifierdescriptionappend }}","['aoe', 'magic_damage', 'damage_over_time', 'skillshot', 'targeted', 'followup_only', 'medium_cooldown', 'waveclear_tool', 'objective_control_tool', 'team_utility']","Viktor's Arcane Storm is an area effect spell that initially deals magic damage and then applies damage over time to nearby enemies. The storm can be manually moved and grows in size and duration upon damaging champions, making it a versatile tool for controlling objectives and engaging or disengaging from fights."
Vladimir,Passive,Crimson Pact,Every 30 points of bonus Health gives Vladimir 1 Ability Power and every 1 point of Ability Power gives Vladimir 1.6 bonus Health (does not stack with itself).,"['passive_ability', 'ad_scaling', 'ap_scaling', 'health_or_resists_scaling', 'level_scaling']","Vladimir's passive ability scales his health and ability power based on each other, providing a balanced growth in both stats as he levels up."
Vladimir,Q,Transfusion,"Vladimir drains his target's lifeforce, dealing <magicDamage>{{ basedamagetooltip }} magic damage</magicDamage> and restoring <healing>{{ basehealtooltip }} Health</healing>. After using this Ability twice, Vladimir gains <speed>{{ movementspeedonq2 }}% Move Speed</speed> for 0.5 seconds and empowers the next use of this Ability for {{ e8 }} seconds.<br /><br />The empowered version of this Ability deals <magicDamage>{{ empowereddamagetooltip }} magic damage</magicDamage> instead and restores an additional <healing>{{ empoweredhealtooltip }} plus {{ empoweredhealpercenttooltip }} missing Health</healing>.{{ spellmodifierdescriptionappend }}","['magic_damage', 'heal_reduction', 'self_heal', 'sustain_over_time', 'level_scaling', 'ad_scaling', 'ultimate_cooldown', 'combo_starter', 'combo_finisher']","Vladimir's Q ability drains an enemy's health to restore his own, with increased damage and healing on the second and third uses."
Vladimir,W,Sanguine Pool,"Vladimir sinks into a pool of blood for 2 seconds, gaining <speed>{{ hasteboost*100 }}% decaying Move Speed</speed> for {{ hasteduration }} second and becoming <keyword>Untargetable</keyword> and <keyword>Ghosted</keyword> while <status>Slowing</status> enemies in the pool by {{ movespeedmod*-100 }}%.<br /><br />Vladimir deals <magicDamage>{{ totaldamage }} magic damage</magicDamage> and restores <healing>{{ totalheal }} Health</healing> per enemy over the duration.{{ spellmodifierdescriptionappend }}","['self_cast', 'self_heal', 'sustain_over_time', 'mobility_reposition', 'stealth', 'slow', 'ultimate_cooldown', 'backline_access', 'anti_squishy']",Vladimir gains increased movement speed and becomes untargetable and ghosted while slowing nearby enemies and healing over time.
Vladimir,E,Tides of Blood,"<charge>Begin Charging: </charge>Vladimir charges up a reservoir of blood, spending up to <span class=""colorCC3300"">{{ chargehealthtooltip }} Health</span>. While at full charge, Vladimir is <status>Slowed</status> by 20%.<br /><br /><release>Release: </release>Vladimir unleashes a torrent of blood missiles at surrounding enemies, dealing between <magicDamage>{{ mindamagetooltip }}</magicDamage> and <magicDamage>{{ maxdamagetooltip }} magic damage</magicDamage> based on charge time. If this Ability was charged for at least 1 second, it also <status>Slows</status> targets by {{ slowpercent }}% for 0.5 seconds.{{ spellmodifierdescriptionappend }}","['magic_damage', 'aoe', 'skillshot', 'slow', 'medium_cooldown', 'enemy_targeted']",Vladimir charges up to unleash a skillshot that deals magic damage and applies a slow to nearby enemies.
Vladimir,R,Hemoplague,"Vladimir creates a virulent plague, causing its victims to take {{ e2 }}% increased damage from all sources for {{ e4 }} seconds. After it expires, Vladimir deals <magicDamage>{{ damage }} magic damage</magicDamage> to all infected targets. Vladimir restores <healing>{{ damage }} Health</healing> if he hits a champion, and restores an additional <healing>{{ secondaryhealingtooltip }} Health</healing> for each champion beyond the first.{{ spellmodifierdescriptionappend }}","['magic_damage', 'damage_over_time', 'ally_heal', 'sustain_over_time', 'level_scaling', 'ultimate_cooldown', 'combo_finisher']","Vladimir infects enemies with a plague that increases their damage taken and deals magic damage over time. Upon expiration, he heals himself and nearby allies based on the number of infected enemies hit."
Volibear,Passive,The Relentless Storm,"Volibear's Attacks and abilities grant Attack Speed, and eventually cause his Attacks to deal bonus magic damage to nearby enemies.","['melee_range', 'ad_scaling', 'attack_speed_debuff', 'magic_damage', 'aoe']",Volibear's attacks and abilities increase his attack speed and deal additional magic damage to nearby enemies.
Volibear,Q,Thundering Smash,"Volibear gains <speed>{{ minspeedcalc }} Move Speed</speed>, doubled to <speed>{{ maxspeedcalc }}</speed> towards enemy champions for the next {{ duration }} seconds. While active, Volibear's next Attack deals <physicalDamage>{{ calculateddamage }} physical damage</physicalDamage> and <status>Stuns</status> the target for {{ stunduration }} second.<br /><br />Volibear becomes enraged if an enemy <status>Immobilizes</status> him before he <status>Stuns</status> a target, ending the Ability early but refreshing its Cooldown.{{ spellmodifierdescriptionappend }}","['melee_range', 'move_speed_buff', 'self_cast', 'instant_cast', 'stun', 'combo_finisher', 'ultimate_cooldown']","Volibear's ultimate increases his movement speed towards enemies and stuns them for 1 second, becoming enraged if interrupted."
Volibear,W,Frenzied Maul,"Volibear mauls an enemy, dealing <physicalDamage>{{ totaldamage }} physical damage</physicalDamage> and marking them for {{ markduration }} seconds.<br /><br />If this Ability is used on a marked target, its damage is increased to <physicalDamage>{{ empowereddamage }}</physicalDamage> and Volibear restores <healing>{{ baseheal }} plus {{ percentmissinghealthhealingratio }} missing Health</healing>.{{ spellmodifierdescriptionappend }}","['physical_damage', 'single_target', 'self_heal', 'percent_health_damage', 'damage_over_time', 'combo_finisher']",Volibear's ability deals physical damage to a target and heals himself based on their missing health if the target is marked.
Volibear,E,Sky Splitter,"Volibear summons a thundercloud that fires a lightning bolt, dealing <magicDamage>{{ totaldamagetooltip }} plus {{ percentdamage*100 }}% max Health magic damage</magicDamage> and <status>Slowing</status> by {{ slowamount*100 }}% for {{ slowduration }} seconds.<br /><br />If Volibear is inside the blast zone, he gains a <shield>{{ shieldapratiotooltip }} plus {{ shieldamount*100 }}% max Health Shield</shield> for {{ shieldduration }} seconds.{{ spellmodifierdescriptionappend }}","['magic_damage', 'true_damage', 'slow', 'shield', 'self_cast', 'percent_health_damage', 'sustain_over_time']","Volibear summons a thundercloud that deals magic and true damage to enemies within its range, slowing them and providing a shield to Volibear if he is in the blast zone."
Volibear,R,Stormbringer,"Volibear transforms and leaps, gaining <healing>{{ healthamount }} Health</healing> and {{ bonusattackrange }} Attack Range for the next {{ transformduration }} seconds.<br /><br />Upon landing, Volibear cracks the earth, <status>Disabling</status> nearby towers for {{ towerdisableduration }} seconds and dealing <physicalDamage>{{ towerdamagetooltip }} physical damage to them</physicalDamage>. Nearby enemies are <status>Slowed</status> by {{ slowamount*100 }}%, decaying over 1 second. Enemies directly underneath Volibear suffer <physicalDamage>{{ sweetspotdamagetooltip }} physical damage</physicalDamage>.{{ spellmodifierdescriptionappend }}","['self_heal', 'attack_speed_debuff', 'aoe', 'skillshot', 'ultimate_cooldown', 'engage_tool', 'objective_control_tool', 'anti_tank']","Volibear's ultimate ability allows him to transform, gain healing and increased attack range, and upon landing, disables nearby towers, slows and damages enemies in an area."
Warwick,Passive,Eternal Hunger,"Warwick's basic attacks deal bonus magic damage. If Warwick is below 50% health, he heals the same amount. If Warwick is below 25% health, this healing triples.","['magic_damage', 'self_heal', 'health_or_resists_scaling', 'level_scaling']",Warwick's basic attacks deal bonus magic damage and provide healing based on his health percentage.
Warwick,Q,Jaws of the Beast,"<tap>Tap:</tap> Warwick lunges forward and bites, dealing <magicDamage>{{ basebitedamage }} plus {{ targetpercenthpdamage }}% max Health magic damage</magicDamage> and <healing>healing for {{ e3 }}% of the damage dealt</healing>.<br /><br /><hold>Hold:</hold> Warwick lunges and clamps his jaws on the target, leaping behind them. While clamped, Warwick follows all movement of the target. After releasing his hold, he does the same damage and healing.{{ spellmodifierdescriptionappend }}","['magic_damage', 'true_damage', 'self_heal', 'ally_targeted', 'percent_health_damage', 'combo_finisher', 'ultimate_cooldown', 'engage_tool', 'combo_starter']","Warwick's ultimate ability allows him to bite an enemy, dealing magic and true damage based on their max health, while also healing himself for a percentage of the damage dealt. He can follow the target and deal the same damage upon release."
Warwick,W,Blood Hunt,"<spellPassive>Passive:</spellPassive> Warwick can sense champions below 50% Health, gaining <speed>{{ passivemsbonus }}% Move Speed</speed> towards them. Spells and attacks against enemies below 50% Health grant <speed>{{ passiveasbonus }}% Attack Speed</speed>. These effects are increased by 200% against enemies below 25% Health. <br /><br /><spellActive>Active:</spellActive> Warwick can briefly sense all enemies, and gains this Ability's passive effect against the closest champion for 8 seconds, regardless of Health. If no champions are found, this Ability's cooldown is reduced by 30%.{{ spellmodifierdescriptionappend }}","['passive_ability', 'self_cast', 'speed_buff', 'attack_speed_buff', 'level_scaling', 'engage_tool', 'combo_starter']","Warwick's passive increases his movement and attack speed towards low-health targets, while his active allows him to temporarily enhance these effects and engage an enemy."
Warwick,E,Primal Howl,"Warwick gains {{ e1 }}% damage reduction for 2.5 seconds. After it ends, Warwick howls, <status>Fearing</status> nearby enemies for {{ e3 }} second. Warwick can <recast>Recast</recast> to end the Ability early.{{ spellmodifierdescriptionappend }}","['damage_reduction_buff', 'fear_or_taunt_or_charm', 'soft_cc', 'recast', 'toggle_ability', 'ultimate_cooldown', 'combo_finisher']","Warwick reduces incoming damage for 2.5 seconds and then taunts nearby enemies for 3 seconds, with the ability to recast to end it early."
Warwick,R,Infinite Duress,"Warwick leaps a huge distance that scales with his <speed>Move Speed</speed>, <status>Suppressing</status> the first champion he collides with while he channels for {{ rduration }} seconds. He attacks that champion 3 times over the duration, dealing <magicDamage>{{ damagecumulative }} magic damage</magicDamage>. Warwick <healing>heals for 100% of all damage dealt</healing> during the channel.{{ spellmodifierdescriptionappend }}","['ultimate_cooldown', 'self_cast', 'enemy_targeted', 'channelled', 'damage_over_time', 'self_heal', 'magic_damage', 'ad_scaling', 'level_scaling']","Warwick channels to leap a great distance and suppress an enemy champion, dealing magic damage over time and healing based on the damage dealt."
Xayah,Passive,Clean Cuts,"After using an ability, Xayah's next basic attacks will hit all targets along their path and leave a <font color='#C200E1'>Feather</font>.","['aoe', 'ground_targeted', 'instant_cast', 'pet_or_summon']","Xayah's next basic attacks hit all targets along their path after using an ability, leaving a <font color='#C200E1'>Feather</font>. The ability is a ground-targeted, instant-cast pet or summon that provides area-of-effect damage."
Xayah,Q,Double Daggers,"Xayah throws two daggers, dealing <physicalDamage>{{ totaldamage }} physical damage</physicalDamage> each and leaving two <keywordMajor>Feathers</keywordMajor>. Targets hit after the first take <physicalDamage>{{ multihitdamage }} damage</physicalDamage> from each dagger.{{ spellmodifierdescriptionappend }}","['physical_damage', 'aoe', 'multiple_hits', 'skillshot', 'targeted', 'no_damage_after_first_hit']","Xayah throws two daggers at targets, dealing physical damage with additional damage on subsequent hits."
Xayah,W,Deadly Plumage,"Xayah creates a storm of blades for {{ e2 }} seconds that grants her <attackSpeed>{{ e1 }}% Attack Speed</attackSpeed> and cause her Attacks to fire a secondary blade that deals {{ bonusdamagepercent }}% damage.<br /><br />When the secondary blade hits a champion, she grants herself <speed>{{ e3 }}% Move Speed</speed> for {{ e4 }} seconds.<br /><br />If Rakan is nearby he will also gain the effects of this Ability, except he gains <speed>Move Speed</speed> when <i>Xayah</i> strikes a target.{{ spellmodifierdescriptionappend }}","['passive_ability', 'attack_speed_debuff', 'self_heal', 'ally_heal', 'sustain_over_time', 'ad_scaling', 'level_scaling']","Xayah's passive ability provides attack speed buff and move speed on hit, with increased effectiveness at higher levels and AD. It also benefits Rakan with similar effects."
Xayah,E,Bladecaller,"Xayah calls all <keywordMajor>Feathers</keywordMajor> back to her, dealing <physicalDamage>{{ featherdamage }} physical damage</physicalDamage> each. If {{ featherthreshold }} or more <keywordMajor>Feathers</keywordMajor> hit an enemy, they are <status>Rooted</status> for {{ rootduration }} seconds.{{ spellmodifierdescriptionappend }}","['physical_damage', 'aoe', 'root', 'enemy_targeted', 'ultimate_cooldown', 'combo_finisher']",Xayah summons Feathers that deal physical damage and can root enemies if enough hit.
Xayah,R,Featherstorm,Xayah leaps into the air becoming Untargetable and Ghosted for 1.5 seconds before raining down daggers that deal <physicalDamage>{{ damage }} physical damage</physicalDamage> and leave behind a line of <keywordMajor>Feathers</keywordMajor>.{{ spellmodifierdescriptionappend }},"['self_cast', 'untargetable', 'mobility_reposition', 'ghost', 'aoe', 'physical_damage', 'no_targeting_during_cast', 'line_of_effect']","Xayah leaps into the air, becoming untargetable and ghosted, then rains down daggers dealing physical damage in an area and leaving a line of Feathers."
Xerath,Passive,Mana Surge,"Xerath's basic attacks periodically restore Mana. Whenever Xerath kills a unit, this cooldown is reduced.","['passive_ability', 'mana_regeneration', 'cooldown_reduction', 'self_setup']",Xerath's basic attacks restore Mana and reduce the cooldown of his abilities when he kills a unit.
Xerath,Q,Arcanopulse,"<charge>Begin Charging:</charge> Xerath begins charging an arcane beam, <status>Slowing</status> himself gradually up to 50%. <br /><br /><release>Release:</release> Xerath fires the beam, dealing <magicDamage>{{ tooltiptotaldamage }} magic damage</magicDamage>. The range increases with time charged.{{ spellmodifierdescriptionappend }}","['skillshot', 'targeted', 'slow', 'magic_damage', 'cast_time', 'chargeable']",Xerath charges an arcane beam that slows him and deals magic damage when released. The beam's range and slow effect increase with charge time.
Xerath,W,Eye of Destruction,"Xerath calls down a blast of arcane energy, dealing <magicDamage>{{ totaldamage }} magic damage</magicDamage> and <status>Slowing</status> them by {{ slowamount*100 }}% for {{ slowduration }} seconds. Enemies in the center take <magicDamage>{{ sweetspottotaldamage }} magic damage</magicDamage> instead and are <status>Slowed</status> by {{ sweetspotslowamount*100 }}%, decaying over {{ slowduration }} seconds.{{ spellmodifierdescriptionappend }}","['magic_damage', 'slow', 'aoe', 'targeted', 'skillshot']","Xerath's ability deals magic damage and applies a slow to enemies hit by a skillshot, with increased damage and slow to those in the center of the blast."
Xerath,E,Shocking Orb,"Xerath fires an orb of raw magic, <status>Stunning</status> the first enemy hit for up to {{ maxstunduration }} seconds based on distance travelled, and dealing <magicDamage>{{ tooltiptotaldamage }} magic damage</magicDamage>. {{ spellmodifierdescriptionappend }}","['magic_damage', 'stun', 'aoe', 'skillshot', 'enemy_targeted', 'low_cooldown', 'ultimate_cooldown', 'engage_tool', 'hard_cc']","Xerath's ultimate ability launches a magic orb that stuns the first enemy hit in an area for up to 4 seconds based on travel distance, dealing magic damage."
Xerath,R,Rite of the Arcane,"Xerath ascends to his true form and channels for {{ e1 }} seconds. During this time he may <recast>Recast</recast> up to {{ e2 }} times.<br /><br /><recast>Recast:</recast> Xerath launches a magical artillery, dealing <magicDamage>{{ tooltiptotaldamage }} magic damage</magicDamage>. For each champion hit, the artillery deals an additional <magicDamage>{{ rampdamagecalc }} magic damage</magicDamage>.{{ spellmodifierdescriptionappend }}","['aoe', 'magic_damage', 'instant_cast', 'recast', 'stacked_effect']","Xerath launches a magical artillery that deals magic damage to champions, with additional damage for each champion hit."
XinZhao,Passive,Determination,Every third attack deals bonus damage and heals Xin Zhao.,"['passive_ability', 'self_heal', 'damage_over_time']",Passive ability that heals Xin Zhao every third attack.
XinZhao,Q,Three Talon Strike,Xin Zhao's next 3 Attacks deal an additional <physicalDamage>{{ bonusdamage }} physical damage</physicalDamage> and reduces his other Ability's Cooldowns by 1 second. The third Attack also <status>Knocks Up</status> for {{ e2 }} seconds.<br />{{ spellmodifierdescriptionappend }},"['physical_damage', 'knockup_or_knockback', 'low_cooldown', 'combo_finisher', 'self_cast']",Xin Zhao's next 3 attacks deal additional physical damage and reduce the cooldowns of his other abilities. The third attack knocks up enemies for a short duration.
XinZhao,W,Wind Becomes Lightning,"Xin Zhao slashes, dealing <physicalDamage>{{ slashdamage }} physical damage</physicalDamage>, then thrusts, dealing <physicalDamage>{{ thrustdamage }}</physicalDamage>. Enemies hit by the thrust are <status>Slowed</status> by {{ e6 }}% for {{ e7 }} seconds. <br /><br />Champions and Large Monsters hit by the thrust are marked as <keywordMajor>Challenged</keywordMajor> for {{ markduration }} seconds and revealed unless <keywordStealth>Stealthed</keywordStealth>.{{ spellmodifierdescriptionappend }}","['physical_damage', 'physical_damage', 'slow', 'reveal_stealth', 'enemy_targeted', 'aoe']","Xin Zhao's ability deals physical damage in two stages and slows enemies, revealing stealthed champions or large monsters."
XinZhao,E,Audacious Charge,"Xin Zhao charges an enemy, dealing <magicDamage>{{ chargedamage }} magic damage</magicDamage> to nearby enemies and <status>Slowing</status> them by {{ baseslowamount }}% for {{ e6 }} seconds.<br /><br />Xin Zhao also grants himself <attackSpeed>{{ e3 }}% Attack Speed</attackSpeed> for {{ e4 }} seconds.<br /><br />This Ability's range is increased on enemies that are <keywordMajor>Challenged</keywordMajor>. <br />{{ spellmodifierdescriptionappend }}","['aoe', 'magic_damage', 'slow', 'self_cast', 'enemy_targeted', 'medium_range', 'attack_speed_debuff', 'no_cost', 'medium_cooldown', 'combo_starter']","Xin Zhao charges an enemy, dealing magic damage to nearby enemies and slowing them while gaining attack speed."
XinZhao,R,Crescent Guard,"<spellPassive>Passive:</spellPassive> The last champion Xin Zhao damaged with an Attack or <spellName>Audacious Charge</spellName> is <keywordMajor>Challenged</keywordMajor> for {{ markduration }} seconds.<br /><br /><spellActive>Active:</spellActive> Xin Zhao unleashes a sweep around him that deals <physicalDamage>{{ totaldamage }} plus {{ percentcurrenthealthdamage*100 }}% current Health physical damage</physicalDamage> and <status>Knocks Back</status> all <keywordMajor>non-Challenged</keywordMajor> enemies. <br />  <br />Afterwards, Xin Zhao becomes immune to damage from enemies outside the sweep range for {{ missiledefensebaseduration }} seconds. {{ spellmodifierdescriptionappend }}","['enemy_targeted', 'aoe', 'knockup_or_knockback', 'damage_over_time', 'invulnerability_or_stasis', 'ultimate_cooldown', 'engage_tool', 'anti_squishy']","Xin Zhao's passive marks enemies for damage over time, while his active creates an area of effect that knocks back non-marked enemies and provides invulnerability."
Yasuo,Passive,Way of the Wanderer,"Yasuo's Critical Strike Chance is increased. Additionally, Yasuo builds toward a shield whenever he is moving. The shield triggers when he takes damage from a champion or monster.","['passive_ability', 'movement_based_effect', 'shield', 'self_heal', 'ally_heal', 'sustain_over_time']",Yasuo gains a shield while moving that activates on taking damage from champions or monsters.
Yasuo,Q,Steel Tempest,"Yasuo thrusts, dealing <physicalDamage>{{ totaldamage }} physical damage</physicalDamage>. If he hits, he gains a stack for {{ gatheringstormduration }} seconds. While he has 2 stacks, his next use of this Ability fires a whirlwind from range, dealing the same damage and <status>Knocking Up</status> for {{ knockupdurationtooltiponly }} second.<br /><br />If used while dashing, this Ability strikes in a circle rather than a stab.{{ spellmodifierdescriptionappend }}","['physical_damage', 'knockup_or_knockback', 'aoe', 'skillshot', 'self_cast', 'ad_scaling', 'medium_cooldown', 'engage_tool', 'burst_tool']",Yasuo's primary attack deals physical damage and can be followed up with a whirlwind that knocks up enemies if he has 2 stacks. The ability can also be used while dashing to create an area-of-effect attack.
Yasuo,W,Wind Wall,Yasuo creates a drifting wall of wind that blocks all enemy projectiles for 4 seconds.{{ spellmodifierdescriptionappend }},"['trap', 'zone', 'anti_squishy', 'waveclear_tool', 'objective_control_tool', 'ultimate_cooldown']","Yasuo creates a wall of wind that blocks enemy projectiles, providing protection and control over the battlefield."
Yasuo,E,Sweeping Blade,"Yasuo dashes through a target, dealing <magicDamage>{{ totaldamage }} magic damage</magicDamage>. Each use of this Ability grants <magicDamage>{{ bonusdamageperstack }}</magicDamage> bonus damage to subsequent uses for {{ stackduration }} seconds, stacking up to {{ maxstacks }} times.<br /><br />This Ability has a {{ e2 }} second per-target Cooldown.{{ spellmodifierdescriptionappend }}","['magic_damage', 'aoe', 'skillshot', 'targeted', 'level_scaling', 'ad_scaling', 'ultimate_cooldown', 'engage_tool', 'combo_starter', 'combo_finisher']","Yasuo's dash ability deals magic damage to a target and grants bonus damage on subsequent uses, with a cooldown that scales with level and AD."
Yasuo,R,Last Breath,"Yasuo teleports to an <status>Airborne</status> enemy champion, dealing <physicalDamage>{{ damage }} physical damage</physicalDamage> and holding all nearby <status>Airborne</status> enemies up for an additional {{ rknockupduration }} second. Yasuo also gains maximum <keywordMajor>Flow</keywordMajor>, but loses all <spellName>Steel Tempest</spellName> stacks.<br /><br />Afterwards, Yasuo's critical strikes ignore <scaleArmor>{{ rpercentarmorpen }}% bonus Armor</scaleArmor> for {{ rbuffduration }} seconds.{{ spellmodifierdescriptionappend }}","['enemy_targeted', 'aoe', 'skillshot', 'true_damage', 'knockup_or_knockback', 'armor_shred', 'duration_effect', 'no_cost', 'ultimate_cooldown', 'combo_finisher']","Yasuo teleports to an enemy champion, deals true damage, and knocks up nearby enemies. He gains a duration effect that reduces enemy armor."
Yone,Passive,Way of the Hunter,"Yone deals magic damage with every second Attack. In addition, his critical strike chance is increased.","['magic_damage', 'ad_scaling', 'sustain_over_time', 'offensive_stat_buff']",Yone's attacks deal magic damage over time and increase his critical strike chance.
Yone,Q,Mortal Steel,"Yone thrusts forward, dealing <physicalDamage>{{ qdamage }} physical damage</physicalDamage>.<br /><br />On hit, grants a stack for {{ buffduration }} seconds. At 2 stacks, this ability causes Yone to dash forward with a wave of wind that <status>Knocks Up</status> for {{ q3knockupduration }} seconds and deals <physicalDamage>{{ qdamage }} physical damage</physicalDamage>. {{ spellmodifierdescriptionappend }}","['physical_damage', 'knockup_or_knockback', 'damage_reduction_buff', 'self_cast', 'aoe', 'level_scaling']","Yone's Q ability deals physical damage and grants a stack that, at two stacks, allows him to dash forward and knock up enemies while dealing more damage."
Yone,W,Spirit Cleave,"Yone cleaves forward, dealing <physicalDamage>{{ basedamage*0.5 }} + {{ maxhealthdamage*50 }}% max Health physical damage</physicalDamage> and <magicDamage>{{ basedamage*0.5 }} + {{ maxhealthdamage*50 }}% max Health magic damage</magicDamage>.<br /><br />If Yone hits, he gains <shield>{{ wshield }} Shield</shield> for {{ shieldduration }} seconds. The amount of <shield>Shield</shield> increases for each champion struck. {{ spellmodifierdescriptionappend }}","['physical_damage', 'magic_damage', 'true_damage', 'percent_health_damage', 'single_target', 'self_heal', 'shield', 'level_scaling', 'ultimate_cooldown', 'engage_tool', 'combo_starter', 'combo_finisher']",Yone's ability deals physical and magic damage based on target's max health and provides a shield for himself that scales with the number of champions hit. It can be used as an engage tool and as a combo starter/finisher.
Yone,E,Soul Unbound,"Yone enters a spirit form for {{ returntimer }} seconds, leaving his body behind for the duration and gaining <speed>{{ startingms*100 }}%</speed> to <speed>{{ movementspeed*100 }}% ramping Move Speed</speed>. <br /><br />When the spirit form ends, Yone snaps back to his body and repeats {{ deathmarkpercent*100 }}% of all Attack and Ability damage he dealt to champions during this time. You may <recast>Recast</recast> this ability during spirit form.<br /><br /><recast>Recast: </recast>End spirit form early.{{ spellmodifierdescriptionappend }}","['self_cast', 'mobility_reposition', 'ultimate_cooldown', 'engage_tool', 'combo_starter', 'combo_finisher']","Yone transforms into a spirit form, gaining massive movement speed and dealing damage upon returning to his body."
Yone,R,Fate Sealed,"Yone strikes all enemies along a path for <physicalDamage>{{ tooltipdamage }} physical damage</physicalDamage> and <magicDamage>{{ tooltipdamage }} magic damage</magicDamage>, teleporting behind the last champion hit and <status>Knocking Up</status> victims towards Yone.{{ spellmodifierdescriptionappend }}","['aoe', 'skillshot', 'physical_damage', 'magic_damage', 'knockup_or_knockback', 'targeted']","Yone's ability deals physical and magic damage to all enemies along a path, then teleports behind the last hit champion and knocks them up towards himself."
Yorick,Passive,Shepherd of Souls,<font color='#FF9900'>The Cursed Horde:</font> Yorick can summon Mist Walkers to swarm and attack nearby enemies.,"['pet_or_summon', 'aoe', 'enemy_targeted', 'medium_range', 'ultimate_cooldown', 'waveclear_tool']",Yorick summons Mist Walkers to attack and swarm nearby enemies in an area.
Yorick,Q,Last Rites,"Yorick's next Attack deals an additional <physicalDamage>{{ bonusdamage }} physical damage</physicalDamage> and restores <healing>{{ qheal }} plus {{ missinghealthratio }}% of his missing Health</healing>, reduced by {{ healreduction }}% against non-Champions. If this Attack hits a Champion or large Monster or kills the target, it leaves a grave.<br /><br />When there are 3 or more graves nearby and this Ability has already been used, Yorick can <recast>Recast</recast> to raise <keywordMajor>Mist Walkers</keywordMajor> from all nearby graves.{{ spellmodifierdescriptionappend }}","['physical_damage', 'self_heal', 'heal_reduction', 'percent_health_damage', 'single_target', 'self_cast', 'ultimate_cooldown', 'combo_finisher', 'followup_only', 'ground_targeted']","Yorick's Q ability deals physical damage and heals based on missing health, with increased effectiveness when multiple graves are present. It can be recast to summon Mist Walkers from nearby graves."
Yorick,W,Dark Procession,"Yorick summons a wall of spirits blocking enemies' path, but not allies'. The wall has <healing>{{ wallhealthtooltip }} Health</healing> and disappears after {{ circleduration }} seconds.{{ spellmodifierdescriptionappend }}","['trap', 'zone', 'heal_reduction', 'health_or_resists_scaling', 'no_damage', 'medium_range', 'self_cast', 'sustain_over_time', 'ally_heal', 'global_range']","Yorick summons a healing wall that blocks enemy paths but not allies', providing sustain over time for allies."
Yorick,E,Mourning Mist,"Yorick throws a globule of Black Mist that deals <magicDamage>{{ calc_healthdamage }} max Health magic damage</magicDamage>, <status>Slows</status> by {{ calc_slow }} for {{ slowduration }} seconds and marks champions and monsters for {{ markduration }} seconds. Marked enemies continuously <spellName>Awaken</spellName> nearby graves (but not exceeding the maximum of {{ spell.yorickpassive:yorickpassiveghoulmax }}) and suffer <scaleArmor>{{ armorshred*100 }}% reduced Armor</scaleArmor>.<br /><br />Yorick and his summoned units gain <speed>{{ hasteamount*100 }}% Move Speed</speed> toward the mark. <keywordMajor>Mist Walkers</keywordMajor> will leap once at marked enemies that get away from them.{{ spellmodifierdescriptionappend }}","['magic_damage', 'slow', 'damage_reduction_buff', 'movement_speed_buff', 'aoe', 'targeted', 'pet_or_summon', 'self_setup', 'combo_finisher']","Yorick throws a globule of Black Mist that damages and slows enemies, summons ghouls to attack them, and provides movement speed to himself and his ghouls towards the target."
Yorick,R,Eulogy of the Isles,"Yorick summons the <keywordMajor>Maiden of the Mist</keywordMajor> with <healing>{{ yorickbigghoulhealth }} Health</healing> and <magicDamage>{{ yorickbigghouldamage }} Magic Attack Damage</magicDamage> plus {{ rghoulnumbers }} <keywordMajor>Mist Walkers</keywordMajor>. The <keywordMajor>Maiden</keywordMajor> automatically raises <keywordMajor>Mist Walkers</keywordMajor> from nearby enemy deaths and marks enemy Champions with her attacks. When Yorick damages the <keywordMajor>Maiden's</keywordMajor> target, he deals <magicDamage>{{ rmarkdamagepercent }}% max Health magic damage</magicDamage>.<br /><br />After 10 seconds, Yorick can <recast>Recast</recast> this Ability to free the <keywordMajor>Maiden</keywordMajor>, sending her down the nearest lane.{{ spellmodifierdescriptionappend }}","['passive_ability', 'pet_or_summon', 'heal_reduction', 'magic_damage', 'aoe', 'ground_targeted', 'level_scaling', 'ultimate_cooldown', 'team_utility', 'backline_access', 'frontline_durability', 'combo_starter', 'combo_finisher', 'self_setup', 'followup_only', 'no_cost', 'low_cooldown']","Yorick's passive ability summons a Maiden of the Mist that heals and damages enemies, providing utility and support for the team."
Yunara,Passive,Vow of the First Lands,Yunara's Critical Strikes deal bonus magic damage.,"['magic_damage', 'critical_strike', 'ad_scaling']",This ability increases the magic damage dealt on critical strikes.
Yunara,Q,Cultivation of Spirit,"<spellPassive>Passive</spellPassive>: Yunara deal <magicDamage>{{ calc_passive_damage }} magic damage</magicDamage> <OnHit>%i:OnHit% On-Hit</OnHit> and attacking grants <evolve>{{ resource_nonchampion }} Unleash</evolve> (<evolve>{{ resource_champion }} Unleash</evolve> for champions).<br /><br /><spellPassive>Active</spellPassive>: Yunara consumes <evolve>{{ resource_max }} Unleash</evolve> and for {{ buff_duration }} seconds gains <attackSpeed>{{ calc_attack_speed }} Attack Speed</attackSpeed> and deals an additional <magicDamage>{{ calc_damage }} magic damage</magicDamage> <OnHit>%i:OnHit% On-Hit</OnHit>. During this time, her Attacks spread to nearby enemies dealing them <physicalDamage>{{ calc_damage_spread }} physical damage</physicalDamage>.<br /><br /><keywordMajor>Transcendent State</keywordMajor>: This Ability is instantly activated for {{ spell.yunarar:buff_duration }} seconds.{{ spellmodifierdescriptionappend }}","['passive_ability', 'active_ability', 'magic_damage', 'attack_speed_debuff', 'physical_damage', 'onhit_effect', 'aoe', 'level_scaling']","Yunara's passive grants magic damage on hit and Unleash charges, while her active ability provides attack speed and magic damage with physical damage spread to nearby enemies."
Yunara,W,Arc of Judgment | Arc of Ruin,Yunara lets rip a prayer bead that deals <magicDamage>{{ calc_damage_initial }} magic damage</magicDamage> and <status>Slows by {{ calc_slow }} decaying over {{ slow_duration }} seconds</status>. It deals an additional <magicDamage>{{ calc_damage_per_second }} magic damage</magicDamage> per second.<br /><br /><keywordMajor>Transcendent State - Arc of Ruin</keywordMajor>: Yunara fires a laser that deals <magicDamage>{{ spell.yunarar:calc_rw_damage }} magic damage</magicDamage> and <status>Slows by {{ spell.yunarar:calc_rw_slow_amount }} decaying over {{ spell.yunarar:rw_slow_duration }} second</status>.{{ spellmodifierdescriptionappend }},"['magic_damage', 'slow', 'damage_over_time', 'ultimate_cooldown', 'combo_finisher']","Yunara's abilities deal magic damage with a slowing effect and damage over time, serving as a strong ultimate finisher in combos."
Yunara,E,Kanmei's Steps | Untouchable Shadow,"Yunara gains <speed>{{ calc_move_speed }} Move Speed</speed>, increased to <speed>{{ calc_move_speed_enhanced }} Move Speed</speed> when moving toward an enemy champion, for {{ buff_duration }} seconds.<br /><br /><keywordMajor>Transcendent State - Untouchable Shadow</keywordMajor>: Yunara dashes in a direction.{{ spellmodifierdescriptionappend }}","['melee_range', 'dash', 'self_cast', 'mobility_reposition', 'engage_tool', 'combo_starter']",Yunara gains increased movement speed towards enemies and can initiate engagements with a dash.
Yunara,R,Transcend One's Self,Yunara enters a <keywordMajor>Transcendent State</keywordMajor> for {{ buff_duration }} seconds upgrading her basic Abilities for the duration.{{ spellmodifierdescriptionappend }},"['passive_ability', 'buff', 'level_scaling', 'ultimate_cooldown', 'combo_starter', 'combo_finisher', 'self_setup', 'followup_only']","Yunara's passive ability allows her to enter a Transcendent State that enhances her basic abilities, scaling with her level and providing a versatile tool for both starting and finishing combos."
Yuumi,Passive,Feline Friendship,"Periodically, when Yuumi strikes a champion with an attack or ability, she restores health to herself and the next ally she Attaches to.<br><br>While Attached, Yuumi generates a special bond with her allies. The ally with the strongest bond enhances Yuumi's abilities while she is Attached to them.","['ally_heal', 'self_heal', 'sustain_over_time', 'combo_finisher', 'passive_ability', 'medium_range', 'ally_targeted', 'level_scaling']","Yuumi periodically heals herself and the next allied champion she attaches to, enhancing their abilities when attached."
Yuumi,Q,Prowling Projectile,"Yuumi summons an errant missile that deals <magicDamage>{{ totalmissiledamage }} magic damage</magicDamage> to the first enemy and <status>Slows</status> the target for {{ slowamount }}%.<br /><br />If cast while <keywordMajor>Attached</keywordMajor>, Yuumi can control the missile using her mouse for a short period before it accelerates in a straight line. The accelerated missile deals <magicDamage>{{ totalmissiledamageempowered }} magic damage</magicDamage> and <status>Slows</status> the target for {{ empoweredslowamount }}% for {{ empoweredslowduration }} seconds, instead.<br /><br /><keywordMajor>Best Friend Bonus:</keywordMajor> <spellName>Prowling Projectile's</spellName> <status>Slow</status> will always be enhanced and hitting an enemy champion also grants them <magicDamage>{{ onhitdamagecalc }} magic damage</magicDamage> <OnHit>On-Hit %i:OnHit%</OnHit> for {{ buffduration }} seconds.<br /><br /><rules>The bonus On-Hit damage can be increased by {{ allycritchancemaxamp*100 }}% based her ally's Critical Strike Chance.</rules>{{ spellmodifierdescriptionappend }}","['magic_damage', 'slow', 'targeted', 'ultimate_cooldown', 'combo_finisher', 'on_hit_effect', 'ad_scaling']","Yuumi's ultimate ability summons a missile that deals magic damage and applies a slow to the first enemy hit. When attached, it can be controlled for a short period, dealing more damage and slowing for a longer duration. Hitting an enemy champion with the slow grants them additional on-hit damage over time."
Yuumi,W,You and Me!,"<spellPassive>Passive:</spellPassive> While on her <keywordMajor>Best Friend</keywordMajor>, Yuumi gains an additional <keywordMajor>{{ healandshieldpower*100 }}% Heal & Shield Power</keywordMajor> and her ally also restores <healing>{{ healthonhit }} health</healing> <OnHit>On-Hit %i:OnHit%</OnHit>.<br /><br /><spellActive>Active:</spellActive> Yuumi dashes to an ally champion and <keywordMajor>Attaches</keywordMajor> to them. While Yuumi is <keywordMajor>Attached</keywordMajor>, she follows her partner's movement and is Untargetable except from towers.<br /><br /><status>Immobilizing</status> effects on Yuumi place this Ability on a {{ ccattachlockout }} second Cooldown.{{ spellmodifierdescriptionappend }}","['passive_ability', 'ally_heal', 'self_setup', 'heal_reduction', 'invulnerability_or_stasis', 'no_damage', 'untargetable', 'mobility_reposition', 'ultimate_cooldown']","Yuumi's passive provides healing and shield power to herself and an allied champion, while her active allows her to attach to an ally, making both untargetable and providing mobility repositioning."
Yuumi,E,Zoomies,"Yuumi shields herself, blocking <shield>{{ totalshielding }} damage</shield> and gains <attackSpeed>{{ totalattackspeed }}% Attack Speed</attackSpeed> for {{ msduration }} seconds. While the shield persists, the target also gains <speed>{{ msamount }}% Move Speed</speed>.<br /><br />If Yuumi is <keywordMajor>Attached</keywordMajor>, this Ability affects her ally instead and also restores <magicDamage>{{ manarestore }} Mana</magicDamage> to them, increased by up to {{ maxmanapercincrease*100 }}% based on the target's missing Mana.{{ spellmodifierdescriptionappend }}","['shield', 'attack_speed_debuff', 'self_cast', 'ally_targeted', 'mana_cost', 'medium_cooldown', 'heal_reduction', 'health_or_resists_scaling', 'level_scaling']","Yuumi shields herself and grants attack speed buff to herself or an ally, with additional mana restore if attached to an ally."
Yuumi,R,Final Chapter,"Yuumi channels for {{ ultduration }} seconds, launching {{ numberofwaves }} magical waves affecting both teams. If initially cast while <keywordMajor>Attached</keywordMajor>, Yuumi can steer the waves to follow her mouse.<br /><br />Enemies struck are dealt <magicDamage>{{ totalmissiledamage }} magic damage</magicDamage> and <status>Slowed</status> by {{ baseslow*-100 }}% for {{ ccduration }} seconds, increased by {{ bonusslowperwave*-100 }}% per wave hit.<br /><br />Ally champions are healed for <healing>{{ totalhealperwave }} health</healing> per wave. Excess healing is converted to a <shield>Shield</shield> instead.<br /><br /><keywordMajor>Best Friend Bonus:</keywordMajor> For her <keywordMajor>Best Friend</keywordMajor>, the heal is increased to <healing>{{ enhancedhealperwave }} health</healing>.<br /><br /><rules>Casting <spellName>You and Me!</spellName> will locks the waves in the current direction.<br />Yuumi can move and cast <spellName>Zoomies</spellName> while channeling.</rules><br />{{ spellmodifierdescriptionappend }}","['aoe', 'magic_damage', 'slow', 'heal', 'shield', 'ultimate_cooldown', 'self_cast', 'ally_targeted', 'ground_targeted', 'channeled', 'persistent_area_or_trap']","Yuumi channels and launches multiple magical waves that affect both teams, dealing magic damage and slowing enemies, while healing allies with excess healing converted into shields."
Zaahen,Passive,Cultivation of War,"Zaahen's attacks and abilities against enemy champions  grant him stacks of Determination, gaining bonus Attack Damage per stack. When filled with Determination, Zaahen gains increased Attack Damage and can revive.","['passive_ability', 'offensive_stat_buff', 'self_setup', 'combo_starter', 'ultimate_cooldown']",Zaahen's passive ability grants him bonus Attack Damage and the ability to revive when filled with Determination stacks.
Zaahen,Q,The Darkin Glaive,"Zaahen slashes twice on his next Attack, dealing <physicalDamage>{{ initialdamage }} bonus physical damage</physicalDamage> and restoring <healing>{{ healpercent*100 }}% of his max Health</healing>.<br /><br /><recast>Recast:</recast> Zaahen's next Attack deals <physicalDamage>{{ secondhitdamage }} bonus physical damage</physicalDamage> and <status>Knocks</status> the target Up for {{ knockupduration }} seconds.{{ spellmodifierdescriptionappend }}","['physical_damage', 'self_heal', 'knockup_or_knockback', 'combo_starter', 'combo_finisher', 'instant_cast']","Zaahen's ability allows him to deal physical damage and heal himself on consecutive attacks, with the second hit also knocking the target up."
Zaahen,W,Dreaded Return,"Zaahen stabs in a direction, dealing <physicalDamage>{{ initialdamage }} physical damage</physicalDamage> to enemies hit, then <status>Pulls</status> them toward him, dealing <physicalDamage>{{ secondarydamage }} physical damage</physicalDamage>.{{ spellmodifierdescriptionappend }}","['physical_damage', 'aoe', 'skillshot', 'pull', 'damage_reduction_buff', 'self_setup', 'combo_starter']","Zaahen stabs in a direction, hitting multiple enemies and pulling them towards him for additional damage."
Zaahen,E,Aureate Rush,"Zaahen dashes then slices around himself, dealing <physicalDamage>{{ basedamagecalc }} physical damage</physicalDamage> to nearby enemies.<br /><br />Enemies at the edge of the slice take <physicalDamage>{{ bonusdamagecalc }} physical damage</physicalDamage> <magicDamage>+{{ percenthpdamage*100 }}% of their maximum Health as magic damage</magicDamage> instead.{{ spellmodifierdescriptionappend }}","['skillshot', 'aoe', 'physical_damage', 'magic_damage', 'true_damage', 'percent_health_damage', 'enemy_targeted', 'medium_range', 'damage_over_time', 'burst_tool']","Zaahen dashes and slices around himself, dealing physical damage to nearby enemies and additional magic damage based on their health."
Zaahen,R,Grim Deliverance,"<spellPassive>Passive</spellPassive>: Zaahen gains <armorPen>{{ armorpen*100 }}% %i:scaleAPen% Armor Penetration</armorPen>.<br /><br /><spellActive>Active</spellActive>: Zaahen rises, gaining {{ damagereduction*100 }}% Damage Reduction while casting.<br /><br />Zaahen then stabs downward, dealing <physicalDamage>{{ damageendcalc }} physical damage</physicalDamage> and restoring <healing>{{ healpercent*100 }}% of the damage dealt to enemy champions as Health</healing>.{{ spellmodifierdescriptionappend }}","['passive_ability', 'armor_penetration', 'damage_reduction', 'self_heal', 'enemy_targeted', 'physical_damage']","Zaahen's passive increases armor penetration, while the active provides damage reduction and heals based on the damage dealt to enemy champions."
Zac,Passive,Cell Division,"Each time Zac hits an enemy with an ability, he sheds a chunk of himself that can be reabsorbed to restore Health. Upon taking fatal damage, Zac splits into 4 bloblets that attempt to recombine. If any bloblets remain, he will revive with an amount of Health depending on the Health of the surviving bloblets. Each bloblet has a percentage of Zac's maximum Health, Armor and Magic Resistance. This ability has a 5 minute cooldown.","['passive_ability', 'self_heal', 'ally_heal', 'sustain_over_time', 'health_or_resists_scaling', 'ultimate_cooldown', 'combo_finisher', 'self_setup', 'waveclear_tool', 'objective_control_tool', 'team_utility']","Zac's passive ability allows him to shed chunks of himself that can be reabsorbed for health, and upon death, he splits into bloblets that can recombine to restore his health based on their remaining health. The ability has a 5-minute cooldown and is useful for sustaining, healing allies, and controlling objectives."
Zac,Q,Stretching Strikes,"Zac stretches his arm out, attaching it to the first enemy hit to deal <magicDamage>{{ totaldamage }} magic damage</magicDamage> and briefly <status>Slow</status> them. Zac's next Attack gains increased range and applies the same damage and <status>Slow</status>. <br /><br />If Zac hits a <i>different</i> enemy with this Attack, he <status>Knocks Up</status> both towards each other. If they collide, they and surrounding enemies take <magicDamage>{{ totaldamage }} magic damage</magicDamage> and are briefly <status>Slowed</status>.{{ spellmodifierdescriptionappend }}","['magic_damage', 'slow', 'knockup_or_knockback', 'aoe', 'enemy_targeted', 'combo_finisher', 'instant_cast']","Zac's ability attaches to an enemy, dealing magic damage and slowing them. His next attack will apply the same damage and slow, and if it hits a different enemy, it will knock both up and deal additional magic damage to surrounding enemies."
Zac,W,Unstable Matter,"Zac's body erupts, dealing <magicDamage>{{ basedamage }} + {{ displaypercentdamage }} max Health magic damage</magicDamage> to nearby enemies.<br /><br />Absorbing <keywordMajor>Goo</keywordMajor> reduces this Ability's Cooldown by 1 second.{{ spellmodifierdescriptionappend }}","['magic_damage', 'true_damage', 'aoe', 'skillshot', 'cooldown_reduction']",Zac's Body Surge deals magic damage to nearby enemies and reduces its own cooldown when Absorbing Goo is active.
Zac,E,Elastic Slingshot,"<charge>Begin Charging:</charge> Zac pulls himself taut, charging up a dash over {{ e4 }} seconds.<br /><br /><release>Release:</release> Zac launches himself and <status>Knocks Up</status> enemies where he lands for up to {{ maxstun }} second (based on charge time), dealing them <magicDamage>{{ damage }} magic damage</magicDamage>. Zac spawns an extra chunk of <keywordMajor>Goo</keywordMajor> for each enemy champion hit.{{ spellmodifierdescriptionappend }}","['skillshot', 'targeted', 'knockup_or_knockback', 'magic_damage', 'ultimate_cooldown', 'channeled', 'cast_time', 'combo_finisher']","Zac charges up and then dashes forward, knocking up enemies and dealing magic damage. The ability has a channel time and can be used as a combo finisher."
Zac,R,Let's Bounce!,Zac bounces {{ bounces }} times. The first bounce to hit each enemy <status>Knocks</status> them back and deals <magicDamage>{{ damageperbounce }} magic damage</magicDamage>. Subsequent bounces deal <magicDamage>{{ damagepersubsequentbounce }} magic damage</magicDamage> and <status>Slow</status> by {{ slowamount*100 }}% for {{ slowduration }} second.<br /><br />Zac gains up to <speed>{{ endingms*100 }}% Move Speed</speed> over time and can cast <spellName>Unstable Matter</spellName> while bouncing.{{ spellmodifierdescriptionappend }},"['aoe', 'magic_damage', 'skillshot', 'targeted', 'slow', 'mobility_reposition', 'combo_finisher', 'ultimate_cooldown']","Zac performs a series of bounces that knock back and slow enemies, providing mobility repositioning and a slow effect on subsequent bounces. The ultimate has a long cooldown."
Zed,Passive,Contempt for the Weak,Zed's basic attacks against low health targets deals bonus Magic Damage. This effect can only occur once every few seconds against the same enemy champion.,"['magic_damage', 'no_damage', 'single_target', 'level_scaling', 'missing_or_max_health_scaling', 'ultimate_cooldown', 'combo_finisher', 'self_setup']","Zed's basic attacks against low health targets deal additional magic damage, but the effect can only trigger once every few seconds per target."
Zed,Q,Razor Shuriken,"Zed and his <keywordMajor>Shadows</keywordMajor> throw their shurikens, each dealing <physicalDamage>{{ totaldamage }} physical damage</physicalDamage> to the first enemy they pass through, and <physicalDamage>{{ passthroughdamage }} physical damage</physicalDamage> to each additional enemy.{{ spellmodifierdescriptionappend }}","['physical_damage', 'aoe', 'skillshot', 'enemy_targeted', 'multiple_targets', 'low_cooldown']","Zed throws shurikens that deal physical damage to enemies in their path, with the first target taking full damage and subsequent targets taking reduced damage."
Zed,W,Living Shadow,"<spellPassive>Passive:</spellPassive> Zed gains <keywordMajor>{{ e3 }} Energy</keywordMajor> whenever he and his <keywordMajor>Shadows</keywordMajor> strike an enemy with the same Ability.<br /><br /><spellActive>Active:</spellActive> Zed's <keywordMajor>Shadow</keywordMajor> dashes forward, remaining in place for {{ e5 }} seconds. <recast>Recasting</recast> this Ability will cause Zed to switch positions with this <keywordMajor>Shadow</keywordMajor>.{{ spellmodifierdescriptionappend }}","['ally_targeted', 'self_cast', 'displacement_pull_or_push', 'toggle_ability', 'ultimate_cooldown', 'engage_tool', 'combo_starter', 'combo_finisher']","Zed's passive grants energy when he and his Shadow hit the same enemy, while the active ability allows him to dash and swap positions with his Shadow, serving as both an engage tool and a positioning mechanic."
Zed,E,Shadow Slash,"Zed and his <keywordMajor>Shadows</keywordMajor> slash, dealing <physicalDamage>{{ totaldamage }} physical damage</physicalDamage> to nearby enemies.<br /><br />Each enemy champion hit by Zed's slash reduces <spellName>Living Shadow</spellName>'s Cooldown by {{ shadowhitcdr }} seconds.<br /><br />Enemies hit by a <keywordMajor>Shadow</keywordMajor>'s slash are <status>Slowed</status> by {{ movespeedmod*-100 }}% for {{ slowduration }} seconds. Enemies hit by multiple slashes take no additional damage but are <status>Slowed</status> by {{ movespeedmodbonus*-100 }}% instead.{{ spellmodifierdescriptionappend }}","['physical_damage', 'aoe', 'skillshot', 'targeted', 'slow', 'medium_cooldown', 'combo_finisher']","Zed's ability deals physical damage to nearby enemies and slows them, with subsequent hits increasing the slow effect."
Zed,R,Death Mark,"Zed becomes Untargetable and dashes to an enemy champion, marking them. After {{ rdeathmarkduration }} seconds, the mark triggers, dealing <physicalDamage>{{ rcalculateddamage }} physical damage</physicalDamage> and repeating {{ rdamageamp*100 }}% of all damage dealt to the target by Zed while the mark was active.<br /><br />The dash leaves a <keywordMajor>Shadow</keywordMajor> behind for {{ rshadowdurationdisplayed }} seconds. Zed can <recast>Recast</recast> this Ability to switch positions with this <keywordMajor>Shadow</keywordMajor>.{{ spellmodifierdescriptionappend }}","['enemy_targeted', 'dash', 'mobility_reposition', 'self_cast', 'ultimate_cooldown', 'combo_finisher', 'followup_only', 'ad_scaling', 'health_or_resists_scaling', 'level_scaling', 'mana_cost', 'no_damage', 'persistent_area_or_trap']","Zed dashes to an enemy, marking them. After a duration, the mark deals physical damage and amplifies Zed's damage to the target. The dash leaves a Shadow that can be recast to switch positions."
Zeri,Passive,Living Battery,Zeri's Attacks deal magic damage and are treated as Abilities. Moving and casting Burst Fire stores up energy in Zeri's Sparkpack. When fully charged her next Attack deals bonus damage.,"['magic_damage', 'skillshot', 'energy_cost', 'chargeable', 'burst_tool']","Zeri's attacks deal magic damage and store energy in her Sparkpack, which can be used to deal bonus damage on her next attack."
Zeri,Q,Burst Fire,Zeri fires a burst of {{ numberofmissiles }} rounds that deals <physicalDamage>{{ activedamagethatcancrit }} physical damage</physicalDamage> to the first enemy hit. This Ability is treated as an Attack. {{ spellmodifierdescriptionappend }},"['physical_damage', 'single_target', 'skillshot', 'targeted', 'ad_scaling', 'instant_cast', 'burst_tool']",Zeri's ability fires a burst of rounds dealing physical damage to the first enemy hit.
Zeri,W,Ultrashock Laser,"Zeri fires an electric pulse that deals <physicalDamage>{{ totaldamage }} physical damage</physicalDamage> and <status>Slows</status> the first enemy hit by {{ slowpercent*100 }}% for {{ slowduration }} seconds.<br /><br />If the pulse hits terrain, it expands into a laser that applies the effects in an area and Critically Strikes champions and monsters for <physicalDamage>{{ walldamage }} physical damage</physicalDamage>.{{ spellmodifierdescriptionappend }}","['physical_damage', 'slow', 'aoe', 'skillshot', 'enemy_targeted', 'damage_reduction_buff', 'low_cooldown', 'engage_tool', 'poke_tool']","Zeri's ability deals physical damage and slows the first enemy hit, expanding into an area effect on terrain that critically strikes and reduces damage taken."
Zeri,E,Spark Surge,"Zeri dashes a short distance and vaults over any terrain she touches, greatly extending the dash range. For the next {{ buffduration }} seconds, her shots of <spellName>Burst Fire</spellName> pierce dealing {{ pendamagepercent*100 }}% damage to enemies after the first and an additional <magicDamage>{{ bonusdamagetotal }} magic damage</magicDamage> On-Hit to the first target struck. <br /><br />Hitting an enemy champion with an Attack or Ability reduces this Ability's cooldown by {{ cdreductionperhit }} seconds. Critical strikes reduce the cooldown by {{ critcdreductionperhit }} seconds instead.{{ spellmodifierdescriptionappend }}","['melee_range', 'dash', 'mobility_reposition', 'instant_cast', 'ad_scaling', 'combo_finisher']","Zeri performs a short-range dash that can extend its range by vaulting over terrain. Her subsequent attacks deal piercing damage and additional magic damage to the first target hit, with cooldown reduction on hits."
Zeri,R,Lightning Crash,"Zeri discharges a nova of electricity, dealing <magicDamage>{{ totalactivedamage }} magic damage</magicDamage> to nearby enemies. If she hits an enemy champion, Zeri gains <attackSpeed>{{ baseaspercent*100 }}% Attack Speed</attackSpeed> and <speed>{{ basebonusms*100 }}% Move Speed</speed> for {{ rduration }} seconds. Hitting an enemy champion with an Attack or Ability extends this ability's duration and adds a stack of Overcharge for {{ maxhyperchargeduration }} seconds. Critical strikes add 2 additional stacks. Each stack grants <speed>{{ mspercent*100 }}% Move Speed</speed>.<br /><br />During this time, <spellName>Burst Fire</spellName> becomes a faster triple shot that chains <physicalDamage>{{ chainphysicaldamage }} physical damage</physicalDamage> to nearby enemies.<br /><br />{{ spellmodifierdescriptionappend }}","['magic_damage', 'aoe', 'skillshot', 'attack_speed_debuff', 'move_speed_buff', 'combo_starter', 'combo_finisher', 'instant_cast']","Zeri's ability deals magic damage in an area and can be extended by hitting enemy champions, providing attack speed and movement speed buffs. It also changes Burst Fire into a faster, chainable attack."
Ziggs,Passive,Short Fuse,"Periodically, Ziggs' next basic attack deals bonus magic damage. This cooldown is reduced whenever Ziggs uses an ability.","['passive_ability', 'magic_damage', 'no_cost', 'level_scaling', 'combo_starter']","Ziggs' passive ability provides a level-dependent bonus to his next basic attack's magic damage, serving as a combo starter."
Ziggs,Q,Bouncing Bomb,Ziggs throws a bouncing bomb that deals <magicDamage>{{ totaldamage }} magic damage</magicDamage>.{{ spellmodifierdescriptionappend }},"['magic_damage', 'aoe', 'skillshot', 'enemy_targeted', 'instant_cast']",Ziggs throws a bouncing bomb that deals area-of-effect magic damage to enemies.
Ziggs,W,Satchel Charge,"Ziggs flings an explosive charge that detonates after {{ bombduration }} seconds, or when this ability is <recast>Recast</recast>. It deals <magicDamage>{{ totaldamage }} magic damage</magicDamage> to enemies and <status>Knocks</status> them <status>Back</status>. Ziggs is also knocked away, but takes no damage.<br /><br />Satchel Charge will automatically destroy towers below {{ turretdestroypercent*100 }}% of their Health.{{ spellmodifierdescriptionappend }}","['aoe', 'magic_damage', 'knockup_or_knockback', 'self_cast', 'ultimate_cooldown', 'engage_tool', 'objective_control_tool']","Ziggs throws an explosive charge that detonates after a set duration or on recast, dealing magic damage and knocking back enemies and himself."
Ziggs,E,Hexplosive Minefield,"Ziggs scatters proximity mines that detonate on enemy contact, dealing <magicDamage>{{ totaldamage }} magic damage</magicDamage> and <status>Slows</status> by {{ slow*-100 }}% for {{ e4 }} seconds. Mines last {{ mineduration }} seconds.{{ spellmodifierdescriptionappend }}","['aoe', 'ground_targeted', 'slow', 'ultimate_cooldown', 'engage_tool', 'poke_tool', 'combo_finisher']","Ziggs deploys proximity mines that explode on contact, slowing enemies and providing an engaging tool for the team."
Ziggs,R,Mega Inferno Bomb,"Ziggs hurls his ultimate creation, dealing <magicDamage>{{ empowereddamage }} magic damage</magicDamage> in the center of the blast radius, or <magicDamage>{{ blastdamage }} magic damage</magicDamage> at the edge.{{ spellmodifierdescriptionappend }}","['magic_damage', 'aoe', 'ultimate_cooldown', 'engage_tool', 'poke_tool', 'waveclear_tool']","Ziggs' ultimate ability deals magic damage in an area, suitable for engaging, poking, and wave clearing."
Zilean,Passive,Time In A Bottle,"Zilean stores time as Experience and can grant it to his allies. When he has enough Experience to finish an ally's level up, he can right-click them to impart it. Zilean receives as much Experience as he gives.","['passive_ability', 'self_setup', 'ally_heal', 'level_scaling', 'sustain_over_time']",Zilean passively gains experience which can be used to level up allied champions over time.
Zilean,Q,Time Bomb,"Zilean tosses a time-delayed bomb that sticks to the first unit which comes within a small area around it. After {{ e2 }} seconds it detonates, dealing <magicDamage>{{ totaldamage }} magic damage</magicDamage>.<br /><br />Placing a second bomb on a unit that already has one detonates the first bomb immediately and <status>Stuns</status> enemies in the blast for {{ e4 }} seconds.{{ spellmodifierdescriptionappend }}","['aoe', 'magic_damage', 'stun', 'skillshot', 'targeted']","Zilean's ability places a time-delayed bomb that explodes after a set time, dealing magic damage and stuning enemies in the blast radius when a second bomb is placed on an already affected unit."
Zilean,W,Rewind,"Zilean turns time, reducing his other basic Ability Cooldowns by {{ e2 }} seconds.{{ spellmodifierdescriptionappend }}","['passive_ability', 'cooldown_reduction', 'ultimate_cooldown']",Zilean's ultimate ability reduces the cooldown of his other abilities when activated.
Zilean,E,Time Warp,Zilean <status>Slows</status> an enemy champion by {{ e2 }}% or grants an allied champion <speed>{{ e2 }}% Move Speed</speed> for {{ e1 }} seconds.{{ spellmodifierdescriptionappend }},"['slow', 'mobility_reposition', 'self_cast', 'ally_targeted']",Zilean's ability can either slow an enemy champion or grant movement speed to an allied champion.
Zilean,R,Chronoshift,"Zilean grants a protective time rune to an allied champion for {{ rduration }} seconds. If the target would die, the rune rewinds their timeline, putting them into Stasis for {{ revivestateduration }} seconds, then reviving them and restoring <healing>{{ rtotalheal }} Health</healing>.{{ spellmodifierdescriptionappend }}","['passive_ability', 'self_heal', 'ally_heal', 'sustain_over_time', 'invulnerability_or_stasis', 'resistances_buff', 'ultimate_cooldown']","Zilean's passive ability provides a protective time rune to allies, granting temporary invulnerability and healing upon death. The ability has a long cooldown. To be completed."
Zoe,Passive,More Sparkles!,Zoe's next basic attack after casting a spell deals bonus magic damage.,"['magic_damage', 'no_damage', 'enemy_targeted', 'instant_cast', 'ap_scaling']",Zoe's next basic attack after casting a spell deals bonus magic damage to the target.
Zoe,Q,Paddle Star!,Zoe fires a star that deals increasing damage the further it travels to the first enemy hit and surrounding enemies -- between <magicDamage>{{ totaldamagetooltip }} to {{ maxdamagetooltip }} magic damage</magicDamage>.<br /><br />Zoe can <recast>Recast</recast> this Ability to redirect the missile to a new position near Zoe.{{ spellmodifierdescriptionappend }},"['aoe', 'magic_damage', 'skillshot', 'recast', 'redirect']",Zoe launches a star that deals increasing magic damage to the first enemy hit and surrounding enemies. She can recast the ability to redirect the missile to a new position near her.
Zoe,W,Spell Thief,"<spellPassive>Passive:</spellPassive> Enemies drop spell shards when casting a Summoner Spell or using an Active Item. Specific minions also drop a spell shard when Zoe or a nearby ally kills them. Zoe can pick up this shard to cast that ability once.<br /><br /><spellPassive>Passive:</spellPassive> When Zoe casts this Ability or any Summoner Spell, she gains <speed>{{ e9 }}% Move Speed</speed> for {{ e0 }} seconds and tosses 3 missiles at the target she Attacked most recently. These missiles deal <magicDamage>{{ missiledamagetooltip }} magic damage</magicDamage> each.<br /><br /><spellActive>Active:</spellActive> Cast the Ability from a spell shard Zoe has picked up.{{ spellmodifierdescriptionappend }}","['passive_ability', 'magic_damage', 'aoe', 'targeted', 'no_cost', 'instant_cast', 'summoner_spell_interaction', 'minion_only', 'no_damage_to_structures']","Zoe gains movement speed and launches multiple missiles on the last attacked target when using this ability or a summoner spell, with the ability being activated by picking up spell shards dropped by enemies or specific minions."
Zoe,E,Sleepy Trouble Bubble,"Zoe dropkicks a bubble that deals <magicDamage>{{ totaldamagetooltip }} magic damage</magicDamage>, lingering as a trap if it hits nothing. The bubble's range is extended when flying over terrain.<br /><br />After a delay, the victim falls <status>Asleep</status> and have their <scaleMR>Magic Resist</scaleMR> reduced by {{ percentpen*100 }}% for 2 seconds. Attacks and Ability hits wake them up but deal double damage, up to <trueDamage>{{ breakdamagetooltip }} true damage</trueDamage>.{{ spellmodifierdescriptionappend }}","['magic_damage', 'trap', 'slow', 'silence', 'true_damage', 'damage_over_time', 'no_cost', 'ultimate_cooldown', 'poke_tool', 'zoning_tool']","Zoe's ultimate ability drops a magic damage bubble that acts as a trap, reducing target's magic resist and putting them to sleep. The asleep target can be woken up by attacks or abilities, dealing double damage in the process."
Zoe,R,Portal Jump,"Zoe teleports to a nearby position for 1 second. Afterwards, she teleports back. Zoe can use Abilities and Attack, but can't move during this time.{{ spellmodifierdescriptionappend }}","['self_cast', 'teleport', 'reposition', 'no_damage', 'no_cost', 'instant_cast', 'mobility_reposition']","Zoe teleports to a nearby location and then returns to her original position, allowing her to reposition herself without moving."
Zyra,Passive,Garden of Thorns,"Seeds spawn around Zyra periodically, becoming faster with level. Zyra can cast Deadly Spines or Grasping Roots near seeds to grow plants, who fight for Zyra.","['passive_ability', 'pet_or_summon', 'aoe', 'sustain_over_time', 'level_scaling', 'mobility_reposition', 'engage_tool', 'team_utility']","Zyra's passive ability allows her plants to grow and fight for her, becoming faster as she levels up. She can summon plants to fight using Deadly Spines or Grasping Roots."
Zyra,Q,Deadly Spines,"Zyra causes thick vines to spread and explode into spines, dealing <magicDamage>{{ initialdamage }} magic damage</magicDamage>.<br /><br />If this Ability is cast near a <keywordMajor>Seed</keywordMajor>, the <keywordMajor>Seed</keywordMajor> grows into a Thorn Spitter that deals <magicDamage>{{ spell.zyrap:plantdamage }} magic damage</magicDamage> and lasts {{ spell.zyrap:plantduration }} seconds. Thorn Spitters have 575 range.{{ spellmodifierdescriptionappend }}","['magic_damage', 'aoe', 'plant', 'duration', 'medium_range', 'ultimate_cooldown', 'objective_control_tool', 'waveclear_tool']","Zyra's ultimate ability causes vines to spread and explode, dealing magic damage in an area. If cast near a Seed, it grows into a Thorn Spitter that provides ongoing damage and control."
Zyra,W,Rampant Growth,"Zyra plants a <keywordMajor>Seed</keywordMajor> that lasts {{ e6 }} seconds. These <keywordMajor>Seeds</keywordMajor> grant <keywordStealth>True Sight</keywordStealth> of enemy champions that step on them for {{ e3 }} seconds, but are still destroyed.<br /><br />This Ability has 2 charges with a {{ ammorechargetime }} second recharge time. Killing an enemy minion or monster reduces the recharge time by {{ e1 }}%. Champion takedowns reduce the recharge time by {{ e2 }}% instead.{{ spellmodifierdescriptionappend }}","['trap', 'true_damage', 'ground_targeted', 'stealth_reveal', 'no_cost', 'instant_cast', 'anti_squishy', 'objective_control_tool', 'team_utility']",Zyra's ability plants Seeds that reveal enemy champions and reduce recharge time upon takedowns.
Zyra,E,Grasping Roots,"Zyra sends vines forward, <status>Rooting</status> for {{ e5 }} second(s) and dealing <magicDamage>{{ totaldamage }} magic damage</magicDamage>. <br /><br />If this Ability passes near a <keywordMajor>Seed</keywordMajor>, the <keywordMajor>Seed</keywordMajor> grows into a Vine Lasher that deals <magicDamage>{{ spell.zyrap:plantdamage }} magic damage</magicDamage> and lasts {{ spell.zyrap:plantduration }} seconds. Vine Lashers have 400 range, and their Attacks <status>Slow</status> by {{ e2 }}% for {{ e3 }} seconds. The <status>Slow</status> from multiple Vine Lashers stacks up to {{ maxslowstacks }} times.{{ spellmodifierdescriptionappend }}","['aoe', 'root', 'slow', 'magic_damage', 'targeted', 'vine_lasher', 'stacking_effect', 'long_range', 'channeled', 'plant_growth']",Zyra's ability roots enemies and can grow Vine Lashers that deal magic damage and slow targets.
Zyra,R,Stranglethorns,"Zyra summons the fury of nature, growing a twisted thicket that deals <magicDamage>{{ totaldamage }} magic damage</magicDamage>. After 2 seconds, the vines snap upwards, <status>Knocking Up</status> for {{ e1 }} second.<br /><br />Zyra's plants within the thicket become enraged, resetting their duration, gaining <healing>{{ e2 }}% Health</healing> and Attacking for {{ plantdamagebonus }}% bonus damage.{{ spellmodifierdescriptionappend }}","['magic_damage', 'aoe', 'knockup_or_knockback', 'self_setup', 'combo_finisher', 'level_scaling']","Zyra summons a thicket that deals magic damage and, after 2 seconds, knocks up her plants, which then attack with increased damage and healing."
